-- Dev seed data: TNSAA 41st Sub Junior / 51st Junior State 2025, Day 1 Morning session.
-- Generated from '(1A) Start_List_Sub Jr_ Jr-2025 (Day 1 Morning) - F.pdf' — manually parsed
-- (no automated import adapter built yet; see ADR-9). ~10 club names truncated from
-- source multi-line wraps that couldn't be reliably recovered — same class of issue a
-- real import's review step would catch (SPEC.md §5.1); left as-is for dev seed data.

insert into meets (id, name, venue, start_date, status) values
  ('018fc066-a443-5bdc-8773-f3da916e474c', 'TNSAA 41st Sub Junior and 51st Junior Tamilnadu State Aquatic Championship 2025',
   null, '2025-07-18', 'published');

insert into meet_source_files (id, meet_id, filename, format_detected, day_no, session, status) values
  ('75445ce5-7ae7-5615-8a3a-7cc42f4d7ae6', '018fc066-a443-5bdc-8773-f3da916e474c', '(1A) Start_List_Sub Jr_ Jr-2025 (Day 1 Morning) - F.pdf',
   'excel-two-column', 1, 'morning', 'parsed');

insert into events (id, meet_id, event_no, name, distance_m, stroke, gender, age_group, is_relay, points_table_id) values
  ('2cb6d703-96d5-55f4-9386-40401e04e250', '018fc066-a443-5bdc-8773-f3da916e474c', 1, '1500m FreeStyle Boys-Group I', 1500, 'Freestyle', 'Boys', 'Group I', false, '00000000-0000-0000-0000-000000000001'),
  ('041f1af5-9747-5d75-8b8e-52db1a6d7ead', '018fc066-a443-5bdc-8773-f3da916e474c', 2, '1500m FreeStyle Girls-Group I', 1500, 'Freestyle', 'Girls', 'Group I', false, '00000000-0000-0000-0000-000000000001'),
  ('dadce8fa-f58c-5ca1-b6a9-aa2acd006382', '018fc066-a443-5bdc-8773-f3da916e474c', 3, '400 m Freestyle -Group-III Boys', 400, 'Freestyle', 'Boys', 'Group III', false, '00000000-0000-0000-0000-000000000001'),
  ('d97a8cb0-04a4-5606-8261-b42f60b241fb', '018fc066-a443-5bdc-8773-f3da916e474c', 4, '400 m Freestyle -Group-III Girls', 400, 'Freestyle', 'Girls', 'Group III', false, '00000000-0000-0000-0000-000000000001'),
  ('f53ebe25-0db8-5d40-8037-685efb85e9d8', '018fc066-a443-5bdc-8773-f3da916e474c', 5, '200 m Butterfly -Group-I Boys', 200, 'Butterfly', 'Boys', 'Group I', false, '00000000-0000-0000-0000-000000000001'),
  ('dd37a8e5-e6db-5f97-81f0-8443e3948745', '018fc066-a443-5bdc-8773-f3da916e474c', 6, '200 m Butterfly Stroke-Group-I Girls', 200, 'Butterfly', 'Girls', 'Group I', false, '00000000-0000-0000-0000-000000000001'),
  ('98fc27c6-12e9-537e-bc3e-72d7deccb066', '018fc066-a443-5bdc-8773-f3da916e474c', 7, '200 m Butterfly Stroke-Group-II Boys', 200, 'Butterfly', 'Boys', 'Group II', false, '00000000-0000-0000-0000-000000000001'),
  ('1cb462cc-db7d-5e4f-a82e-f148e40e7fc6', '018fc066-a443-5bdc-8773-f3da916e474c', 8, '200 m Butterfly Stroke-Group-II Girls', 200, 'Butterfly', 'Girls', 'Group II', false, '00000000-0000-0000-0000-000000000001'),
  ('ffe0fde1-151b-53d1-b4c1-16bbb08eaee2', '018fc066-a443-5bdc-8773-f3da916e474c', 9, '200 m Butterfly Stroke-Group-III Boys', 200, 'Butterfly', 'Boys', 'Group III', false, '00000000-0000-0000-0000-000000000001'),
  ('ac961c0c-9e78-5eed-a084-cd5490a054fa', '018fc066-a443-5bdc-8773-f3da916e474c', 10, '200 m Butterfly Stroke-Group-III Girls', 200, 'Butterfly', 'Girls', 'Group III', false, '00000000-0000-0000-0000-000000000001'),
  ('d1ec44b0-a127-5413-9df9-f58c43d3826c', '018fc066-a443-5bdc-8773-f3da916e474c', 11, '50m Freestyle - Group-IV Boys', 50, 'Freestyle', 'Boys', 'Group IV', false, '00000000-0000-0000-0000-000000000001'),
  ('6425a4fd-f000-56ef-b471-b416626db9cf', '018fc066-a443-5bdc-8773-f3da916e474c', 12, '50m Freestyle - Group-IV Girls', 50, 'Freestyle', 'Girls', 'Group IV', false, '00000000-0000-0000-0000-000000000001'),
  ('ef53ab36-eaa3-5990-a3fe-dd497f63391c', '018fc066-a443-5bdc-8773-f3da916e474c', 13, '50m Freestyle - Group-V Boys', 50, 'Freestyle', 'Boys', 'Group V', false, '00000000-0000-0000-0000-000000000001'),
  ('f0d7d6b9-1f37-5f91-84db-1163a7c1f70b', '018fc066-a443-5bdc-8773-f3da916e474c', 14, '50m Freestyle - Group-V Girls', 50, 'Freestyle', 'Girls', 'Group V', false, '00000000-0000-0000-0000-000000000001'),
  ('a1b5bc41-5ce5-50b2-ad14-5959454968b9', '018fc066-a443-5bdc-8773-f3da916e474c', 15, '50m Freestyle - Group-VI Boys', 50, 'Freestyle', 'Boys', 'Group VI', false, '00000000-0000-0000-0000-000000000001'),
  ('c454a137-f22e-5b8a-932e-2f5839382b13', '018fc066-a443-5bdc-8773-f3da916e474c', 16, '50m Freestyle - Group-VI Girls', 50, 'Freestyle', 'Girls', 'Group VI', false, '00000000-0000-0000-0000-000000000001'),
  ('9e891f41-58f9-50b6-9775-562d1ad5e664', '018fc066-a443-5bdc-8773-f3da916e474c', 17, '100 M Breast Stroke - Group-III Boys', 100, 'Breaststroke', 'Boys', 'Group III', false, '00000000-0000-0000-0000-000000000001'),
  ('a8017a35-9ad6-5f48-9845-e8c376a38b90', '018fc066-a443-5bdc-8773-f3da916e474c', 18, '100 M Breast Stroke - Group-III Girls', 100, 'Breaststroke', 'Girls', 'Group III', false, '00000000-0000-0000-0000-000000000001'),
  ('2643760c-af5e-553d-a387-fccfabf164d7', '018fc066-a443-5bdc-8773-f3da916e474c', 19, '200 M Breast Stroke - Group-I Boys', 200, 'Breaststroke', 'Boys', 'Group I', false, '00000000-0000-0000-0000-000000000001'),
  ('9fa58547-44c1-52cc-bffc-c77ae741a3e7', '018fc066-a443-5bdc-8773-f3da916e474c', 20, '200 M Breast Stroke - Group-I Girls', 200, 'Breaststroke', 'Girls', 'Group I', false, '00000000-0000-0000-0000-000000000001'),
  ('61e9c487-3520-5cf7-8e9f-f0d8685f6780', '018fc066-a443-5bdc-8773-f3da916e474c', 21, '200 M Breast Stroke - Group-II Boys', 200, 'Breaststroke', 'Boys', 'Group II', false, '00000000-0000-0000-0000-000000000001'),
  ('96228553-05e3-53e7-918a-c5151ce582ad', '018fc066-a443-5bdc-8773-f3da916e474c', 22, '200 M Breast Stroke - Group-II Girls', 200, 'Breaststroke', 'Girls', 'Group II', false, '00000000-0000-0000-0000-000000000001'),
  ('0c2c5a27-b8ff-5f32-92d0-2a2eea5283f2', '018fc066-a443-5bdc-8773-f3da916e474c', 23, '4* 200 M Freestyle Relay -Group-I Boys', 800, 'Freestyle', 'Boys', 'Group I', true, '00000000-0000-0000-0000-000000000002'),
  ('58a507cf-80d4-5842-91c8-d25adbe41983', '018fc066-a443-5bdc-8773-f3da916e474c', 24, '4* 200 M Freestyle Relay -Group-I Girls', 800, 'Freestyle', 'Girls', 'Group I', true, '00000000-0000-0000-0000-000000000002'),
  ('afe373e3-4a9e-53e1-9756-29f06427cb3e', '018fc066-a443-5bdc-8773-f3da916e474c', 25, '4* 200 M Freestyle Relay -Group-II Boys', 800, 'Freestyle', 'Boys', 'Group II', true, '00000000-0000-0000-0000-000000000002'),
  ('146b0c39-e77a-5eb6-bfd8-6c5c84904ff3', '018fc066-a443-5bdc-8773-f3da916e474c', 26, '4* 200 M Freestyle Relay -Group-II Girls', 800, 'Freestyle', 'Girls', 'Group II', true, '00000000-0000-0000-0000-000000000002');

insert into teams (id, name, is_my_team) values
  ('7edb0022-cd14-5006-bf83-f87d3be5e4ca', 'ANSA Dubai', false),
  ('46c94418-9915-5783-a9dd-2dcfdd21920b', 'AYA Sports Club', false),
  ('3841ae30-9d74-5f13-bbd3-783a3e346791', 'Academy', false),
  ('7f0a9f39-9a68-59d4-9321-0cd0ea1ff69f', 'Akshara Academy CBSE', false),
  ('77d8aa22-3f2f-5813-8f61-99dac028ced0', 'Amrita Aquatics', false),
  ('0cc73bc4-5c1b-5379-a3b3-e0ad523143a3', 'Anugraha Mandir', false),
  ('6c253b0d-f868-5099-bea2-948325ac656f', 'Aquatic', false),
  ('a52a36ca-9b28-58cd-af06-95d9672a956c', 'Aquatic Madurai', false),
  ('3b0adf3d-ec45-522e-be22-8e1def5babe1', 'Blue Fins Aquatic', false),
  ('267af775-3ea9-5653-abad-779ae472d437', 'C S ACADEMY', false),
  ('68434c3c-9e49-5c11-a09a-2a041a339b64', 'Coimbatore', false),
  ('6b73903d-b78d-5234-99fd-656a92625764', 'DD Swimming Academy', false),
  ('66c81804-ac7f-5ef3-81c6-684d5e64adb7', 'Emerald Valley Public', false),
  ('04905c31-5d73-5cb9-91af-0dabc5ba572a', 'Erode Aqatic', false),
  ('bab3c4d4-7f1f-59e5-b05d-a4f543c06cfb', 'Falcon Academy', false),
  ('9b661c9d-ed9a-5d36-a1f9-cb921afb8e73', 'Gators Academy', false),
  ('670e7863-fbe3-576a-bba6-b2d1689f1216', 'H2O Club', false),
  ('2c718b49-c661-50a4-8563-a41a42b5cc5d', 'High School', false),
  ('cd9312fd-da9e-5375-a748-fa5d968bf878', 'High School-', false),
  ('520633dd-1fc6-57f7-a2a8-29cfebf61e27', 'INTEGRAL', false),
  ('8c61fec8-40e9-572f-8ebd-4290dbdffbec', 'Individual', false),
  ('27acf816-0caf-5ff3-a7a1-2648641377c1', 'International', false),
  ('b3fb239e-d680-5f40-a2c3-a09c542965df', 'Jaya Sports', false),
  ('ad4a9ed6-9619-5aa1-996e-8093f293e769', 'KSN Senior Secondary', false),
  ('66cb6ec0-a4a8-5590-a9e3-714f41c8ca67', 'KV IITM', false),
  ('bcf7b144-5b95-52fb-8445-5e2742610d55', 'Kings Aquatic', false),
  ('93741827-dfe5-532f-b651-6f5066cae0d5', 'Lifespring', false),
  ('249e0cef-a92c-5b4b-b13f-d8d2f81aeedc', 'Madras Gymkhana', false),
  ('60d1d7c1-dae0-5aa4-a9a5-47629f3ec8db', 'Marina Club', false),
  ('0a7d596c-953f-50ff-9b5d-e2b9c441876c', 'Mount Zion International', false),
  ('8ffa994a-472a-5688-bfe7-e6fd9681fe87', 'Nautilus HASSAN swimming', false),
  ('cf00c520-cf02-55ea-8867-f02644ec8045', 'Navabharath Coimbatore', false),
  ('0ac41011-9d57-5ba2-9556-7590a8be8268', 'ORCA', false),
  ('ed88d3bc-c065-5209-9304-730080420f1e', 'Olympia Swimming', false),
  ('dde3be27-8cca-578f-b726-7dd05d3d689f', 'Own English High', false),
  ('dd916008-60fc-544b-8325-111cbf8ba73f', 'Phoenix Aquatics', false),
  ('1021a26a-0b00-597a-8cbc-ff36e5d9c769', 'Poseidon Aquatic', false),
  ('2c9dd30b-be9e-5c65-a862-a4817c4f2efc', 'Rejoice Swimming Academy', false),
  ('891692c4-f560-5e6f-94f6-a4e735f623ea', 'S ACADEMY', false),
  ('3c2885d6-c220-5920-b054-765a2c1e85d5', 'S S Sportz Village', false),
  ('8204b741-70c6-5870-8811-971a3166ce18', 'SAV Titans', false),
  ('344b1543-dc60-5de6-a9fb-9ebbcde0d396', 'SDAT Chennai', false),
  ('e59c8987-4896-5ca7-8de1-3e3732deca8e', 'SDAT Cuddalore', false),
  ('3b30b256-e903-5043-937c-4d5667cbff47', 'SDAT Dindigul', false),
  ('9e5798ac-57e7-543f-be64-1e9776770a2b', 'SDAT Dolphin', false),
  ('7469bc80-fd06-5028-8033-aeb9008a4507', 'SDAT Erode', false),
  ('5b5fdbb8-bd84-53b0-8f08-6f2a79cae3c4', 'SDAT Kancheepuram', false),
  ('fdac6f26-1309-55d6-9904-0e8d7d434cb5', 'SDAT Nagapattinam', false),
  ('b853f2f0-09a5-5287-adf4-c2cd3385e5f2', 'SDAT Perambalur', false),
  ('4d9d1e27-c5d6-555b-880c-71593ea1291a', 'SDAT Pudukkottai', false),
  ('96258415-96b1-5c54-bafc-eba2e199ce62', 'SDAT Ramanathapuram', false),
  ('8598a84d-d95a-587a-b1fd-d5c6a9ae9d39', 'SDAT Salem', false),
  ('fc99ac8b-1d7e-50ef-a47d-bc040d92a76c', 'SDAT Sivagangai', false),
  ('e7c44d9c-0546-5ba2-a734-885a3e7027c5', 'SDAT THENI', false),
  ('94865e3f-f207-576f-a008-056ce7cceef0', 'SDAT Thanjavur', false),
  ('4cf02ded-3103-5c97-9b7a-06ee026686d7', 'SDAT Thiruvallur', false),
  ('8d4059b5-a1e4-52f4-b162-4cb8bf91f4e6', 'SDAT Trichy', false),
  ('b8b9d7d9-2580-5d70-a3fb-267e2c9d02dd', 'SDAT Vellore', false),
  ('65131d90-d492-5e78-be57-0674fc108c6f', 'SDAT Virudhunagar', false),
  ('4c684b5a-5ac6-53ee-a81e-980f4080f0fb', 'SG Swim School', false),
  ('5e3a856f-360a-5982-86ab-e4cbb336fe21', 'SRI CHAITANYA TECHNO', false),
  ('94afbc84-2f55-570d-9242-212f5ad7d1cd', 'Saaral Academy', false),
  ('89fff8d7-37aa-5452-b76f-9134218b1e8f', 'Sowdambikaa Mount', false),
  ('483aa180-88f7-51bc-b8d0-809f9e9e626a', 'Sports Club', false),
  ('e1a3b85d-c48f-5e70-9b74-2fcc9dd2d51b', 'Sri Gurugnanasambanthar', false),
  ('38cffb0c-b54b-5b8a-8818-be2badc923dd', 'St.Brittos Academy', false),
  ('90bc6fdc-ac29-5a0a-b021-46d4901dcf3f', 'Swim School', false),
  ('2dc927a2-2dcd-54da-aea5-ae95075b688a', 'Swimming', false),
  ('400970ce-f5dc-5ba0-bd5e-028700a78e15', 'TDAA Tiruppur', false),
  ('b86ceb48-7de2-5c75-a592-f977deb318a3', 'TDSA Tirunelveli', false),
  ('40f21282-0ed9-5061-91b0-2b7320fa6cb7', 'TSPA', false),
  ('a9b325c9-be82-5365-a085-e36890c311c2', 'The Adhyayana International', false),
  ('7b68af26-f292-5ac6-b7f1-5f4338031c35', 'The Vikasa School', false),
  ('7e8a6d53-4cc9-56c0-9892-437ca4607269', 'Turtles', false),
  ('31f274c3-f759-5c45-a8e2-ea9280942a31', 'Velalar Vidyalayaa Erode', false),
  ('f91ec5d8-a066-5b61-a403-e947068a2517', 'Vellammal Bodhi campus', false),
  ('3729daa3-c8d0-535c-a116-bf50d128fe3d', 'Vellammal Vidhyashram', false),
  ('5339cd0b-df75-5acc-8d4e-39892d4c9dc6', 'Vriksha Global school', false),
  ('e85bf284-fd8f-5e64-b555-c134fef0064e', 'Waves Academy', false),
  ('94f69b27-2900-5e74-b884-1f6c1fe741b9', 'Woodlem Park', false),
  ('b47e0394-b7b8-5150-b85f-f3e732b88e11', 'manchester international', false);

insert into swimmers (id, team_id, name) values
  ('8ed3bd50-105c-5299-8bf6-5d95c4bbb92e', '00000000-0000-0000-0000-0000000000a1', 'E.ABHIMANYU MANORANJAN'),
  ('a58613af-0913-58c8-94e3-d1a92523867e', '344b1543-dc60-5de6-a9fb-9ebbcde0d396', 'ADVAITH SWAMINATHAN'),
  ('a039e930-0554-5e6f-ac15-e581526a2d50', '344b1543-dc60-5de6-a9fb-9ebbcde0d396', 'PURNAJITH VARIAR A'),
  ('e23ac769-d7b3-55c4-bde9-894bca8fcbfd', 'dd916008-60fc-544b-8325-111cbf8ba73f', 'TARUN A'),
  ('9489f9fb-292d-5fdb-af8f-d3dbd0ce61ee', '5339cd0b-df75-5acc-8d4e-39892d4c9dc6', 'LENA PRANESH S'),
  ('8aa623a0-6afa-5b9a-852f-b518e4f44de3', '93741827-dfe5-532f-b651-6f5066cae0d5', 'ARAVIND DHATSAN S'),
  ('0038c206-9d81-5eb2-81c6-1a176d9f0ffd', 'ed88d3bc-c065-5209-9304-730080420f1e', 'N.ILAMARAN'),
  ('b25800c3-f374-5422-8cb5-3590c2992182', '8c61fec8-40e9-572f-8ebd-4290dbdffbec', 'THANUMALAYEN SR'),
  ('c0474b09-cdc5-5f74-9969-2112a912a5fd', '7469bc80-fd06-5028-8033-aeb9008a4507', 'SHESAGIRIRAJAN.M.P'),
  ('c1495024-33be-5bb0-a40f-6925ad0e8cc6', '94865e3f-f207-576f-a008-056ce7cceef0', 'R. MARIYA ALEX'),
  ('58749548-1ab8-52ba-9f8b-6ba34dd9a9c2', '65131d90-d492-5e78-be57-0674fc108c6f', 'SR.VARSHAN'),
  ('e5bc28a4-3803-54ac-91d3-16bb663b90df', '344b1543-dc60-5de6-a9fb-9ebbcde0d396', 'V.S.SURIYAA BHAVESH'),
  ('8829774b-c295-5a97-9f03-ae8d110b5e62', 'b86ceb48-7de2-5c75-a592-f977deb318a3', 'G. DHASHWIN'),
  ('94f6d8f4-b6a0-5203-9040-7a9e5d5b4209', '344b1543-dc60-5de6-a9fb-9ebbcde0d396', 'A HEMANTH'),
  ('588859b1-155d-555f-a2b6-ffb9536cbe66', '00000000-0000-0000-0000-0000000000a1', 'PRITHVERAJ V'),
  ('4f209eae-b097-57fa-a0b3-f06d06679de1', '0ac41011-9d57-5ba2-9556-7590a8be8268', 'SARVEPALLI SAI ADITYA'),
  ('d1910f27-d8af-590f-bcc5-ff203bd9870f', '00000000-0000-0000-0000-0000000000a1', 'H SAI SHANKAR'),
  ('85f1c27f-bd89-593c-837d-774fad1c134b', '344b1543-dc60-5de6-a9fb-9ebbcde0d396', 'C SHARAN'),
  ('b3a78420-efb5-5e46-bd8f-728243c10940', '00000000-0000-0000-0000-0000000000a1', 'SAI SMARAN NALLURI'),
  ('ff7d7506-d667-5727-863d-4ddbed3d91dd', '9b661c9d-ed9a-5d36-a1f9-cb921afb8e73', 'THILLAI SAAI ESWAR MUTHURAJA'),
  ('0784b5b3-8bab-5c14-beac-b6d5d9b4f4ad', '7469bc80-fd06-5028-8033-aeb9008a4507', 'SAI JAYATRE'),
  ('d440a0ba-3660-5b3d-aeee-248fc8deb269', 'ed88d3bc-c065-5209-9304-730080420f1e', 'SOUNDARYA.M'),
  ('a032e3ce-4f84-5320-818c-fe2f25fe6ed9', '344b1543-dc60-5de6-a9fb-9ebbcde0d396', 'M. ALAKNANDHA'),
  ('6e4cdfa0-2603-5ecf-bd11-f8ab7469a5ab', 'e85bf284-fd8f-5e64-b555-c134fef0064e', 'NENYA VIJAYAKUMAR'),
  ('06a55f84-f301-5ddb-98fd-686291033f7f', '00000000-0000-0000-0000-0000000000a1', 'S. DAYANITHA'),
  ('e8e08ade-cfb3-57c8-8366-9c62260375b0', '8c61fec8-40e9-572f-8ebd-4290dbdffbec', 'ADWIKA GIRISH NAIR'),
  ('25e7af4a-0447-5f55-8330-8193ab8330c7', '344b1543-dc60-5de6-a9fb-9ebbcde0d396', 'AARNA.M.P'),
  ('92dcacd5-0c38-596c-9f23-09fae5e36b48', '7469bc80-fd06-5028-8033-aeb9008a4507', 'ALFIYAH KHAN ABIKHAN'),
  ('24a97e0c-15d2-526e-83ae-be31e9c676a0', 'b86ceb48-7de2-5c75-a592-f977deb318a3', 'B. MUKTHIKA'),
  ('1b75c3c5-d562-5882-8bdc-6fb00a834269', '344b1543-dc60-5de6-a9fb-9ebbcde0d396', 'G. ANNA POORNIMA'),
  ('c2af572b-6d92-5ad7-89ad-9755ff03d574', 'b86ceb48-7de2-5c75-a592-f977deb318a3', 'N. ANISH'),
  ('cf881279-2faf-5847-aec0-6462f9085cbd', '520633dd-1fc6-57f7-a2a8-29cfebf61e27', 'P KAMALESH REDDY'),
  ('de211654-c718-5b95-be64-df37348942e5', '344b1543-dc60-5de6-a9fb-9ebbcde0d396', 'KRISH MITHUL'),
  ('98c30f7c-5241-59d7-9f45-574af22a3faa', 'bcf7b144-5b95-52fb-8445-5e2742610d55', 'SRIMAN V R'),
  ('84151641-2546-5620-85ad-ed863b43839e', '344b1543-dc60-5de6-a9fb-9ebbcde0d396', 'P.PRANAV'),
  ('f55b514e-922f-5d7f-8eef-7632ffe52497', '2c9dd30b-be9e-5c65-a862-a4817c4f2efc', 'S.SOLAI ABIMANYU'),
  ('f93337df-bc99-54e4-a8df-ffd06ea3f496', '344b1543-dc60-5de6-a9fb-9ebbcde0d396', 'ADHYANTH SHIVAM'),
  ('6c649d13-ef90-5ed5-99f3-8072a2432b83', '6c253b0d-f868-5099-bea2-948325ac656f', 'VINAYAK KARTHIKEYAN RPoseidon'),
  ('20a09e67-6887-5fcb-8736-21423051458b', 'cd9312fd-da9e-5375-a748-fa5d968bf878', 'MOHAMED ZIDAN JAWEDIndian'),
  ('db8cc901-654c-5f52-b79b-552c0628186e', '7469bc80-fd06-5028-8033-aeb9008a4507', 'B.S.SAKTHI NAVEEN'),
  ('1f395744-8645-56ca-b649-803f147ddc35', 'b3fb239e-d680-5f40-a2c3-a09c542965df', 'PONKARTHIKEYAN S'),
  ('e236872d-08ab-5696-9bcc-db47d7e2ccc5', '7e8a6d53-4cc9-56c0-9892-437ca4607269', 'S ILAYAMARUTHU'),
  ('d40e8997-128e-5c53-a89b-1fe33feaa96c', '2c9dd30b-be9e-5c65-a862-a4817c4f2efc', 'S.VEERAVEL NARASIMMAN'),
  ('543aeb71-27c5-5012-a38e-98a995f9943f', '94865e3f-f207-576f-a008-056ce7cceef0', 'R. DEEPAK'),
  ('c2d04959-9444-5add-9915-e715c141b205', '8204b741-70c6-5870-8811-971a3166ce18', 'JUDE EDWIN'),
  ('779d57f4-cf32-5b17-be8a-c681d9df4f9a', '344b1543-dc60-5de6-a9fb-9ebbcde0d396', 'M.DHRUVAN'),
  ('ca9360a1-d276-5a70-9561-1098f189ed7f', '8d4059b5-a1e4-52f4-b162-4cb8bf91f4e6', 'RA.MUGUNDHAN'),
  ('02f6ecec-d357-54ce-a54b-ed82db3b98a0', '4cf02ded-3103-5c97-9b7a-06ee026686d7', 'NAGULAN .G'),
  ('145b4b6d-28be-5209-9e9d-bb8643d1a60a', '00000000-0000-0000-0000-0000000000a1', 'SAI PRANAV P.V'),
  ('30f85f53-b507-5673-b289-7607abbbefe0', '7e8a6d53-4cc9-56c0-9892-437ca4607269', 'G.ARJUN'),
  ('c679e699-0550-5c3f-8acf-8c7086458391', '344b1543-dc60-5de6-a9fb-9ebbcde0d396', 'HARISH. R'),
  ('abe91694-63dc-5b9d-bfc7-55f374442e98', '344b1543-dc60-5de6-a9fb-9ebbcde0d396', 'P NITHISH'),
  ('2ac307cc-c9d6-56f2-be94-efc97a2c9cce', '46c94418-9915-5783-a9dd-2dcfdd21920b', 'S.R.NAVEEN BALAJI'),
  ('e6a472ac-80c6-5c86-91e0-9636ed1f35df', 'b86ceb48-7de2-5c75-a592-f977deb318a3', 'G. TAMILINIYAN'),
  ('a1b91c6a-3a2f-54d6-b9d6-56d73986dfdc', '344b1543-dc60-5de6-a9fb-9ebbcde0d396', 'M. VISHWAVEL PANDIAN'),
  ('c64c0fc0-ba2a-5a0b-9e5c-ef17b46b1fd2', '344b1543-dc60-5de6-a9fb-9ebbcde0d396', 'P YASHWANTH KUMAR'),
  ('4335a642-c3fe-5157-b299-be1be2190d2b', '94865e3f-f207-576f-a008-056ce7cceef0', 'R. MADHAV'),
  ('d4726fcf-8a0b-5e7d-abef-9066f9d3fba8', '4c684b5a-5ac6-53ee-a81e-980f4080f0fb', 'MOHAMMED AADHIL A'),
  ('9fae1928-fd44-511b-b1d8-34f00cec7f85', 'ed88d3bc-c065-5209-9304-730080420f1e', 'V.SHARUN RAJ'),
  ('d864402a-6c96-5600-87bb-34f1ea6c2515', 'b853f2f0-09a5-5287-adf4-c2cd3385e5f2', 'K.MUKILAN'),
  ('7299792b-6bc7-5471-a931-a5e386b20f8f', '93741827-dfe5-532f-b651-6f5066cae0d5', 'NARAIN AADIT M'),
  ('1026a907-0f54-5700-987b-b7ea0fb0c393', '8c61fec8-40e9-572f-8ebd-4290dbdffbec', 'DARIUS D'),
  ('c5ef3e7e-c9b6-562a-aa6a-f17ecb830c9f', '8d4059b5-a1e4-52f4-b162-4cb8bf91f4e6', 'M.DHARSAAN SREE'),
  ('92921111-ba6d-5985-85dc-451db43173ec', '400970ce-f5dc-5ba0-bd5e-028700a78e15', 'THISHANTH'),
  ('d4998d54-34a9-54dc-a6f6-a5d693301da2', '344b1543-dc60-5de6-a9fb-9ebbcde0d396', 'KOUSHIK PRANAV.M.S'),
  ('2349f3d2-fa87-5f45-8576-14b8dcbb2320', '8c61fec8-40e9-572f-8ebd-4290dbdffbec', 'E. GUNASUNDAR'),
  ('bf6eac06-283c-5167-8848-2dab714ff314', '0ac41011-9d57-5ba2-9556-7590a8be8268', 'RAKSHAN V G'),
  ('4c684509-c745-5b1e-83dc-2aa2c190fe51', '27acf816-0caf-5ff3-a7a1-2648641377c1', 'The Adhyayana RITHVIK.V'),
  ('614de775-cc9f-567c-a06c-960915520676', 'b3fb239e-d680-5f40-a2c3-a09c542965df', 'G R KIRUTHIK VAIBHAV'),
  ('93ff0758-f575-552a-97bb-1a0a20b01bcb', '344b1543-dc60-5de6-a9fb-9ebbcde0d396', 'SRI MOKSHAGNA NANDIGAM'),
  ('e67f7b27-fd70-595c-832e-cda4098b7d2f', '00000000-0000-0000-0000-0000000000a1', 'N ROHITH'),
  ('68c519e4-7821-54c7-b231-5266ebbc071e', '0ac41011-9d57-5ba2-9556-7590a8be8268', 'JITESH M'),
  ('e4e781cb-c2cf-588d-9a85-290bb056e34b', '344b1543-dc60-5de6-a9fb-9ebbcde0d396', 'MOHIT RAJAN.B'),
  ('09aecf7e-4a79-5070-96e0-2f826275e2ef', 'b86ceb48-7de2-5c75-a592-f977deb318a3', 'G. HARSHISH'),
  ('1349aa89-7693-5603-acb2-00110f885386', 'e85bf284-fd8f-5e64-b555-c134fef0064e', 'S.KRISHAV'),
  ('d288331f-c736-55d2-abc0-63bd14f97496', '344b1543-dc60-5de6-a9fb-9ebbcde0d396', 'TANUJ S'),
  ('4760739f-5797-5424-8f87-95171a207a09', '344b1543-dc60-5de6-a9fb-9ebbcde0d396', 'LOHITA SARAKSHI'),
  ('0d9f510a-d810-5e1b-9a25-1851e316da3a', 'bcf7b144-5b95-52fb-8445-5e2742610d55', 'JOVANA PEARLS OVIYA'),
  ('18facad1-7d05-5483-b370-24030069f34f', '3c2885d6-c220-5920-b054-765a2c1e85d5', 'SAI RAKSHA M.S'),
  ('51a5ab70-d013-57da-9e52-356a87b93ccb', '0ac41011-9d57-5ba2-9556-7590a8be8268', 'J HARSHIKA REDDY'),
  ('4cc61367-de4e-5f87-9863-10fe5db8b6c3', '9e5798ac-57e7-543f-be64-1e9776770a2b', 'SRIHARINI V'),
  ('c9d98d7e-233f-5a43-8573-51d7fd43531c', '7469bc80-fd06-5028-8033-aeb9008a4507', 'VELVIZHII B'),
  ('724fbd65-9554-5d56-9352-e367ad7eb8a0', '93741827-dfe5-532f-b651-6f5066cae0d5', 'RIYA C. R.'),
  ('60330b57-1de5-572b-a1d6-91645ee515d6', '66cb6ec0-a4a8-5590-a9e3-714f41c8ca67', 'HARSHITHA S'),
  ('99a93ef5-ab6e-52cd-b949-dd3a38844fc2', 'b86ceb48-7de2-5c75-a592-f977deb318a3', 'J. ANANCIYA EVA'),
  ('506bc03c-9f3e-51e8-8e45-1d037f949d02', '2dc927a2-2dcd-54da-aea5-ae95075b688a', 'Olympia P.S.RAKSHITHA'),
  ('0b7180c0-7630-5314-bde0-0a1d091e123a', '344b1543-dc60-5de6-a9fb-9ebbcde0d396', 'S. MADHUKSHARA'),
  ('9bcd4222-f5f7-5005-aa5b-d90f221bb061', '344b1543-dc60-5de6-a9fb-9ebbcde0d396', 'DIYA SRI S'),
  ('1572795c-edb8-5b02-a915-df228201485b', '344b1543-dc60-5de6-a9fb-9ebbcde0d396', 'T PRANATHI'),
  ('b42a5a1a-6afb-55d4-b3d5-a6449df0d1a1', '7469bc80-fd06-5028-8033-aeb9008a4507', 'KANISHKA M P'),
  ('f1267fd6-5353-50b0-9d16-e956a0f2f877', '96258415-96b1-5c54-bafc-eba2e199ce62', 'S ANANDA YAZHINI'),
  ('c8d469a7-14e9-5b58-9f71-bad9ce479016', '344b1543-dc60-5de6-a9fb-9ebbcde0d396', 'G.J.DIYAA'),
  ('7ab89829-d2f5-5339-b555-b2e15457356e', '3c2885d6-c220-5920-b054-765a2c1e85d5', 'ANGELINE VEDHA R'),
  ('1e993fc5-7b7c-518b-9aa7-77ec56207993', '00000000-0000-0000-0000-0000000000a1', 'AMEYAA V'),
  ('e6d47391-e3e2-58ad-84c2-e4e6141949a6', '8204b741-70c6-5870-8811-971a3166ce18', 'POSHIKA R R'),
  ('aac2bb76-0a43-576d-8c86-a94273c36fea', '00000000-0000-0000-0000-0000000000a1', 'NIHARA MAHESH'),
  ('29a6b558-839b-56be-a8c6-4d0873947681', '7edb0022-cd14-5006-bf83-f87d3be5e4ca', 'SAI MEERA JANARTHAN JANANI'),
  ('2652f0f9-4147-5b99-a00a-81dbe12ed317', '0ac41011-9d57-5ba2-9556-7590a8be8268', 'J VANSHIKA REDDY'),
  ('9870ab76-8862-5f44-bec6-2f97c116b773', '344b1543-dc60-5de6-a9fb-9ebbcde0d396', 'SADHANA B'),
  ('7b25e42a-8ff8-56ad-9d38-f30617b02f26', '344b1543-dc60-5de6-a9fb-9ebbcde0d396', 'PAVITHRA.S'),
  ('b503f850-a159-5338-a85b-d7b5bbf394e6', '344b1543-dc60-5de6-a9fb-9ebbcde0d396', 'S TAMSI'),
  ('e930f745-bbad-5a88-a3de-8bd752c8481d', '46c94418-9915-5783-a9dd-2dcfdd21920b', 'LOHITHA SRI.S'),
  ('9a23bb10-af8d-506d-b91a-b7a94236326a', '344b1543-dc60-5de6-a9fb-9ebbcde0d396', 'N. NITIN'),
  ('c041e698-6f3d-5aa6-9d79-fbb979ec93cb', '7469bc80-fd06-5028-8033-aeb9008a4507', 'P.G.MOUNITH'),
  ('d7b5ae6a-f05f-5656-beb9-295ad4b69a52', '4d9d1e27-c5d6-555b-880c-71593ea1291a', 'M.THANUS KRISHNAN'),
  ('e1218d40-ce3f-5a1c-ab43-ea647afe5ca1', 'cf00c520-cf02-55ea-8867-f02644ec8045', 'KAVINESH B'),
  ('af3474e9-2f69-5477-bef8-6ca33ce1e6f3', 'fc99ac8b-1d7e-50ef-a47d-bc040d92a76c', 'S.K.MARUTHU NAYAGAM'),
  ('b0abab85-ede6-53b9-9f01-51b6939adca9', '00000000-0000-0000-0000-0000000000a1', 'NITHEESH G H'),
  ('07542c76-e742-5565-bdd7-f8fa23565c29', '2c9dd30b-be9e-5c65-a862-a4817c4f2efc', 'M.HEMAKARTHIKEYAN'),
  ('a222f309-00a3-530d-b26b-360f67f634ee', 'b86ceb48-7de2-5c75-a592-f977deb318a3', 'RA.KABHILAN'),
  ('e013b32d-1b2a-57ce-a6fa-ff6b4deba118', '344b1543-dc60-5de6-a9fb-9ebbcde0d396', 'T. SABARISH'),
  ('305b06a7-68ff-5465-a03f-5643116e516b', '00000000-0000-0000-0000-0000000000a1', 'BALAJI AHILAN G'),
  ('66a88d05-9826-50e2-8df5-805a680365cf', '93741827-dfe5-532f-b651-6f5066cae0d5', 'AHIL BALAJI'),
  ('cc33a1ac-78ae-5801-a376-b3a937a951f0', '00000000-0000-0000-0000-0000000000a1', 'G.S.SRINIKESH SABARISH'),
  ('3f80af4e-c594-501c-b49b-cd034e18aebf', 'b86ceb48-7de2-5c75-a592-f977deb318a3', 'G S DANUVARSHAN'),
  ('5b0a3541-3c29-5fb3-bf0f-1eaa614a34de', '00000000-0000-0000-0000-0000000000a1', 'M.ABDULLAH'),
  ('12f6ea14-2dd5-5f74-80f1-0b53eaf8d653', '9e5798ac-57e7-543f-be64-1e9776770a2b', 'SHYAM S NAGARAJAN'),
  ('e717e650-43e3-5007-80d8-f08d97494018', '344b1543-dc60-5de6-a9fb-9ebbcde0d396', 'AVINASH R.'),
  ('7ee19c91-5521-5456-ad2a-6c4cbaee4db7', '9e5798ac-57e7-543f-be64-1e9776770a2b', 'JAGAVI SHREE P'),
  ('fc60b8e1-4b08-50b4-ae4c-2b5195b64f65', 'cf00c520-cf02-55ea-8867-f02644ec8045', 'SUBASREE S'),
  ('91fb0f36-3554-5c7c-8bdf-f17b7d595c11', '7469bc80-fd06-5028-8033-aeb9008a4507', 'A P SAINDHAVI SREE'),
  ('5665d772-954c-56d7-85e0-823d363cd903', '8204b741-70c6-5870-8811-971a3166ce18', 'A ROSHNI JOSEPH'),
  ('83e52c7c-d158-5d8e-a039-e71ad875e4a1', 'a52a36ca-9b28-58cd-af06-95d9672a956c', 'B.ROSHINI'),
  ('47a452a2-dfb2-52e0-aa20-e544dde1339f', '344b1543-dc60-5de6-a9fb-9ebbcde0d396', 'P.TAMIL SELVI'),
  ('24310bd2-ac23-578c-ae68-6e79ba1c5c00', '7469bc80-fd06-5028-8033-aeb9008a4507', 'SOLAMUTHAN B'),
  ('26828b61-7288-5106-ba50-fece8bab8141', 'a52a36ca-9b28-58cd-af06-95d9672a956c', 'M.K. SRI MUTHU'),
  ('1f123ed9-4455-5f06-b8af-8b7f0807dafc', 'b86ceb48-7de2-5c75-a592-f977deb318a3', 'P. SUDHARSON'),
  ('5b972685-a39e-5a50-8507-d51c5afaa8a0', '8204b741-70c6-5870-8811-971a3166ce18', 'S. LOHITH'),
  ('0cf48645-caaa-52fd-b0b9-b2c0cf9626ca', '344b1543-dc60-5de6-a9fb-9ebbcde0d396', 'K.J.SANJAY'),
  ('a0bfc627-82a9-52b3-9272-ff313fb28eb5', 'b86ceb48-7de2-5c75-a592-f977deb318a3', 'MAGESHWARAN S.G'),
  ('3bb68a7e-410c-5733-bbcf-930cd79fb5f7', 'ed88d3bc-c065-5209-9304-730080420f1e', 'S.KAILASH'),
  ('cb60426a-5c2b-5029-849d-75984c749423', '344b1543-dc60-5de6-a9fb-9ebbcde0d396', 'ENIYAVEL RS'),
  ('234097e1-58f0-5575-ae3d-d41a13ca6428', '8204b741-70c6-5870-8811-971a3166ce18', 'A ANTONY AJISH'),
  ('300835ec-f6f8-50f5-ae26-583a40c8d0f4', '344b1543-dc60-5de6-a9fb-9ebbcde0d396', 'MONISH KRUPAAGARAN'),
  ('6bf3e302-e069-5f70-bbda-01075a4e6c23', '2c9dd30b-be9e-5c65-a862-a4817c4f2efc', 'S HARIHARAN'),
  ('b0807b4c-5f58-5ab1-8373-7db65785fc10', 'b86ceb48-7de2-5c75-a592-f977deb318a3', 'T. SUMESH'),
  ('7aa0f553-32f5-5059-8391-e8138da8be8e', 'fc99ac8b-1d7e-50ef-a47d-bc040d92a76c', 'A.ARULBEVIN'),
  ('087b8110-7600-5f0a-9434-0a074564b120', 'b86ceb48-7de2-5c75-a592-f977deb318a3', 'M. ANOOP'),
  ('3d459495-a2ab-584e-bbaf-8256f2b17c03', '00000000-0000-0000-0000-0000000000a1', 'BHUVAN DEEP JADA'),
  ('8e340a12-a645-5806-84a0-3051a5222afd', '00000000-0000-0000-0000-0000000000a1', 'S.CHARUTHAKASHAN'),
  ('c4cebcd9-c263-557d-a68c-9fa0eefd3549', 'b86ceb48-7de2-5c75-a592-f977deb318a3', 'NITHESH MURUGAN'),
  ('a3ce345a-ad04-5d1c-a2c9-557add0f6110', '9e5798ac-57e7-543f-be64-1e9776770a2b', 'B SUDARSHAN'),
  ('589fbe6f-01b5-5bf1-8080-9556903511b1', '4c684b5a-5ac6-53ee-a81e-980f4080f0fb', 'V S NIKHILESH'),
  ('ede9d464-fec1-50be-8380-4eb26411531d', '00000000-0000-0000-0000-0000000000a1', 'ARNAUV KUMAR SABAT'),
  ('6b6e653a-edb2-58fa-85ed-93c17a463728', '00000000-0000-0000-0000-0000000000a1', 'M ABDUL HAFEEZ'),
  ('f0770c47-079a-521b-acd0-073d20805279', '8204b741-70c6-5870-8811-971a3166ce18', 'A SAHAYA SANITUS'),
  ('0ec2f0cc-75f6-5313-91b3-dc2536f5a9bf', '344b1543-dc60-5de6-a9fb-9ebbcde0d396', 'HARSHADH HARIHARAN'),
  ('0ad8aad7-7fd1-51f1-98fd-070973c2b95a', '344b1543-dc60-5de6-a9fb-9ebbcde0d396', 'SAM WILSON'),
  ('a4e42556-61ae-5509-abd8-02f84b062874', '40f21282-0ed9-5061-91b0-2b7320fa6cb7', 'T. KULALIKA'),
  ('293f069f-7f6d-5a48-b32c-075d70b58a17', '7469bc80-fd06-5028-8033-aeb9008a4507', 'DHANUSHIKA'),
  ('c166381a-7dc9-56ae-b7a8-d547b866f314', 'b86ceb48-7de2-5c75-a592-f977deb318a3', 'G. SAISHRUTHILAYA'),
  ('46d4be12-ab13-5e7f-9b83-c315370584ac', '7469bc80-fd06-5028-8033-aeb9008a4507', 'VETHAVARNAA.M'),
  ('74e78b23-9177-5f36-9a47-bcf49e0edf71', '00000000-0000-0000-0000-0000000000a1', 'ADONA CELI ROY'),
  ('ebfc4476-9ba4-5255-8f88-3cb73b710c10', '8204b741-70c6-5870-8811-971a3166ce18', 'V MITHRA'),
  ('92153621-2d98-5d92-8f17-1cfce0c9e297', '40f21282-0ed9-5061-91b0-2b7320fa6cb7', 'T KULALIKA'),
  ('d4181a28-4b7b-53ea-8ea6-78c6884925b7', '8204b741-70c6-5870-8811-971a3166ce18', 'NISHADAMITHRA PARAMASIVAM'),
  ('fdfd7df9-bf93-5d5f-a9d6-de288f9f0ce0', '344b1543-dc60-5de6-a9fb-9ebbcde0d396', 'P.R.SHWATHI SARASWATHI'),
  ('866fed57-fe57-5f7b-be03-73ae37f8a59b', 'bab3c4d4-7f1f-59e5-b05d-a4f543c06cfb', 'HARSHINI N S'),
  ('8aaaed09-86b5-5632-b933-e51fc0ef0dda', '3c2885d6-c220-5920-b054-765a2c1e85d5', 'SAHANA S'),
  ('3bbf36cd-bd88-56a9-b5e8-4110dcbc6ce0', '344b1543-dc60-5de6-a9fb-9ebbcde0d396', 'J S VAISHALI'),
  ('0d458f74-50e0-5500-91c3-40fb13a0bfff', 'b86ceb48-7de2-5c75-a592-f977deb318a3', 'S.S. ABHIJIT RAJ'),
  ('84e507bd-2c61-5fe1-82e4-837365281697', '00000000-0000-0000-0000-0000000000a1', 'THUKILEESH'),
  ('687aac15-5b33-51f3-8ebd-777e02a3880e', '9e5798ac-57e7-543f-be64-1e9776770a2b', 'DHRUV B'),
  ('7c0fe704-4492-5949-b432-1c6c062c7b12', '0ac41011-9d57-5ba2-9556-7590a8be8268', 'EASWAR SRIRAM GURUMOORTHI'),
  ('6aa433b8-d8ed-53f6-bcad-5defa2928035', '31f274c3-f759-5c45-a8e2-ea9280942a31', 'RITHVIK ABINAV .T'),
  ('75934c54-59a5-5a48-ac62-852055c32cd8', 'b853f2f0-09a5-5287-adf4-c2cd3385e5f2', 'MAHAVISHNU V G'),
  ('033bce07-2146-53c0-8142-3452e466d4c4', 'bab3c4d4-7f1f-59e5-b05d-a4f543c06cfb', 'J KAVISH'),
  ('27aa0913-901d-5f94-88a8-19483bfb4a54', '8204b741-70c6-5870-8811-971a3166ce18', 'ASHWANTH SAI M'),
  ('5cc63c78-eb92-5dc5-aba7-962b24b34b50', 'cf00c520-cf02-55ea-8867-f02644ec8045', 'AKILESH V V'),
  ('7c7f789e-22b8-5f10-9731-91030a6303d4', 'b86ceb48-7de2-5c75-a592-f977deb318a3', 'K. SALMAN KAFOOR'),
  ('3230dcae-c68c-5dd2-bcf4-ff81a941714c', '00000000-0000-0000-0000-0000000000a1', 'SRIRAM JAYARAMAN'),
  ('b2142399-91a4-5a34-909a-df5a135b747c', '8d4059b5-a1e4-52f4-b162-4cb8bf91f4e6', 'M.CHANDHIRA DEV'),
  ('7da83d88-7bb0-5690-a63f-d8fd95164ed7', '344b1543-dc60-5de6-a9fb-9ebbcde0d396', 'SIVAKARTHIKEYAN. M'),
  ('02908c6a-6326-5afb-be23-a122d8052ce2', '344b1543-dc60-5de6-a9fb-9ebbcde0d396', 'SUGANTHAN.D'),
  ('f3c60f11-4303-52f3-bd81-2ba4f8ca0b2e', '93741827-dfe5-532f-b651-6f5066cae0d5', 'MUGIL KUMARAN. S'),
  ('3e36fc26-af64-549f-8028-b7515602e4b4', 'e85bf284-fd8f-5e64-b555-c134fef0064e', 'JIVESH MUKUNDAN.N'),
  ('fac6a903-c0dc-54db-8b86-5dcfa35633ab', '8204b741-70c6-5870-8811-971a3166ce18', 'SUPRIYA M'),
  ('e8f25d09-1908-5fcf-84bc-1aec044955e7', 'ed88d3bc-c065-5209-9304-730080420f1e', 'P.ISHA'),
  ('824065b3-6294-570c-baaf-6fd4b03c8fb4', '40f21282-0ed9-5061-91b0-2b7320fa6cb7', 'NIKISHA J K'),
  ('fd294fb2-5cbc-5400-9f0e-bc4a3600410d', '8204b741-70c6-5870-8811-971a3166ce18', 'SRI HARSHINI'),
  ('10a0b99b-7a54-5cab-a818-587c2892628d', '344b1543-dc60-5de6-a9fb-9ebbcde0d396', 'MRITHIKA SHREE V'),
  ('0d0b536e-02bd-51a9-bffa-08e4f3560e82', '00000000-0000-0000-0000-0000000000a1', 'E.SHANVI HARRSITHA'),
  ('2cb4d646-060e-5bc5-90b0-032c305b393e', 'a52a36ca-9b28-58cd-af06-95d9672a956c', 'IMAYA A H'),
  ('5c84b73b-2c40-5dcf-a029-8c6775165271', '04905c31-5d73-5cb9-91af-0dabc5ba572a', 'MAHDIYA FATHIMA'),
  ('f8e8de99-791d-57f5-8543-dad14cfc884e', '3b30b256-e903-5043-937c-4d5667cbff47', 'PRATHIKSHA'),
  ('7645bccf-dd40-5d55-b06f-58c219e675bf', 'cf00c520-cf02-55ea-8867-f02644ec8045', 'YAKSHITHA SHREE N'),
  ('2fc14880-779a-5eca-a02f-b59e80b5f8ec', '00000000-0000-0000-0000-0000000000a1', 'VAISHNAV'),
  ('d4cccd78-084e-5425-8db3-2ab42de459bf', '3c2885d6-c220-5920-b054-765a2c1e85d5', 'MOHAMMED ILYAS S'),
  ('fa2628a8-3fcd-5d26-ba0d-b7aae2cba8ed', '00000000-0000-0000-0000-0000000000a1', 'HYUNJE CHO'),
  ('3a198d5f-3159-513d-820f-778223c34a82', '6b73903d-b78d-5234-99fd-656a92625764', 'CASPER HEBRON'),
  ('8603dd51-62fe-5b66-a00f-6b784a96b85b', '344b1543-dc60-5de6-a9fb-9ebbcde0d396', 'V HESHANTH KRISHANA'),
  ('57ad7b24-ff7a-54b3-bfe1-3969afd90635', '04905c31-5d73-5cb9-91af-0dabc5ba572a', 'S.S.GOWRAVAN'),
  ('7f312be8-125b-5996-9624-31456db44a76', '344b1543-dc60-5de6-a9fb-9ebbcde0d396', 'JOHANNES NATHANAEL. R'),
  ('e260086f-384d-5d4c-86de-dc0f1e692a29', '8c61fec8-40e9-572f-8ebd-4290dbdffbec', 'M.NITHILAN ILANCHERAL'),
  ('1ca78bdc-edd2-5728-93d7-c8f74357b501', '344b1543-dc60-5de6-a9fb-9ebbcde0d396', 'V.PURUSOTHAMAN'),
  ('01bdfddf-c0a9-5017-8b02-f73409adc566', '344b1543-dc60-5de6-a9fb-9ebbcde0d396', 'KAVISH SAI'),
  ('eff1f56c-74f1-517d-848a-1fd223d20ba2', '7e8a6d53-4cc9-56c0-9892-437ca4607269', 'I.PRAJITH'),
  ('a97de180-d5d7-52e4-9a14-e95b47d85c34', '344b1543-dc60-5de6-a9fb-9ebbcde0d396', 'JOEL MORRISH C'),
  ('111925af-ffa6-53c2-afc1-eeafde8d544c', '4c684b5a-5ac6-53ee-a81e-980f4080f0fb', 'D G SAARANGSRIRAM'),
  ('c08e7e69-42a2-5b61-ab8a-7ca2b9269a24', '8c61fec8-40e9-572f-8ebd-4290dbdffbec', 'LINGESH'),
  ('c7bceb9f-6528-5bcc-b416-b9c527b10a6b', '9e5798ac-57e7-543f-be64-1e9776770a2b', 'DHANVANTH P'),
  ('0736218a-3870-5846-b54c-38eb3174fb64', 'fdac6f26-1309-55d6-9904-0e8d7d434cb5', 'HARI HARAN .M'),
  ('aea9379f-e305-5484-bbc2-35250c6c8ff4', '7e8a6d53-4cc9-56c0-9892-437ca4607269', 'S.SUNJITH'),
  ('bbb916e1-4883-5691-ba14-ec3e9b20e721', '90bc6fdc-ac29-5a0a-b021-46d4901dcf3f', 'SRIDARSHAN VIJAYADEEPSG'),
  ('79170212-ed2f-5b2e-b3b5-6f41d0c0d0d9', '00000000-0000-0000-0000-0000000000a1', 'VISHAL AADHITVA SIVAKUMAR'),
  ('93bee891-3199-5373-a230-6ed030593800', '8598a84d-d95a-587a-b1fd-d5c6a9ae9d39', 'S.SUNIL'),
  ('02a4674f-bbe3-5996-ae21-d51469202dce', '7e8a6d53-4cc9-56c0-9892-437ca4607269', 'LOGAN.G'),
  ('62652b4f-03e6-59cf-ab53-48374b41cd57', '1021a26a-0b00-597a-8cbc-ff36e5d9c769', 'VARUN EKAMBARAM'),
  ('7da30f21-1f48-5f2a-bc3f-3cc74bc38b58', '6b73903d-b78d-5234-99fd-656a92625764', 'S AKSHATH'),
  ('0cb87c9b-d38b-5c4c-a3c7-382440d3db38', '4c684b5a-5ac6-53ee-a81e-980f4080f0fb', 'M VITHAN KARTHIK'),
  ('de878340-be4f-53ea-a766-fe856c0f4791', '04905c31-5d73-5cb9-91af-0dabc5ba572a', 'G.P.RITHIK PRASANTH'),
  ('35a0345e-0e55-5aa4-a04c-3a7309fc1644', '38cffb0c-b54b-5b8a-8818-be2badc923dd', 'YOGANITHI NATESAN'),
  ('2d6f5dc3-a170-500a-bcc9-81c7ecd8ded0', 'cf00c520-cf02-55ea-8867-f02644ec8045', 'SUHANTH G'),
  ('fd6b595e-3222-50d1-81cf-d931facd957d', '344b1543-dc60-5de6-a9fb-9ebbcde0d396', 'J.YUGAN'),
  ('68bca9d6-4de0-5646-9d84-5629ffcfc46c', '7469bc80-fd06-5028-8033-aeb9008a4507', 'VISHWA S'),
  ('37cd7928-356f-5aeb-8cd7-4e9ed41dd26f', '4c684b5a-5ac6-53ee-a81e-980f4080f0fb', 'DHARANIJEYAN'),
  ('86969d12-3ff1-584a-a978-d845c16eec0d', '7e8a6d53-4cc9-56c0-9892-437ca4607269', 'R.ASIRAM'),
  ('dbdc36a8-4cc6-5e9f-9809-9139c87a1761', 'e85bf284-fd8f-5e64-b555-c134fef0064e', 'D.J.DHANSHIV'),
  ('515a3b8d-bae8-5776-b4d1-62fe66bf7038', 'e85bf284-fd8f-5e64-b555-c134fef0064e', 'V.M.SAI PRANAV'),
  ('c3655fea-aaa2-5efc-a0f6-59f18deec94a', '9e5798ac-57e7-543f-be64-1e9776770a2b', 'Y SAIBHUVAN'),
  ('6fafa0e0-1a78-5a30-a653-891d7e7001e4', '520633dd-1fc6-57f7-a2a8-29cfebf61e27', 'AARON JEFFREY A N'),
  ('dfde83de-1101-553b-a73a-4d7be8d9547a', '344b1543-dc60-5de6-a9fb-9ebbcde0d396', 'JEROME NICHOLAS. R'),
  ('d16dd354-aa67-55f1-aded-8e1fe0e87ef9', '3c2885d6-c220-5920-b054-765a2c1e85d5', 'SANJEETT S'),
  ('688cb818-4f8f-536a-b248-08d22130789d', 'e59c8987-4896-5ca7-8de1-3e3732deca8e', 'GURUSHAM.S'),
  ('4f0b2995-14ef-5f81-b1c1-c49f0cec9825', '344b1543-dc60-5de6-a9fb-9ebbcde0d396', 'S.SHRAVAN'),
  ('c9de9f5a-f840-5bee-afa3-ddd014b3843f', '5b5fdbb8-bd84-53b0-8f08-6f2a79cae3c4', 'S RITHISH KARTHIKEYAN'),
  ('7685e7ff-b235-564b-89b4-5fef87eb3b59', '7469bc80-fd06-5028-8033-aeb9008a4507', 'BHAVIN S'),
  ('b85e94de-3a45-5bd0-acf4-89f907890c51', '344b1543-dc60-5de6-a9fb-9ebbcde0d396', 'N MUGIL'),
  ('b07152e9-5db4-58e5-a1e5-199cf63c09d3', '7469bc80-fd06-5028-8033-aeb9008a4507', 'A VAIBHAV'),
  ('60c19efc-78fe-50b1-919d-ea973e7632df', '344b1543-dc60-5de6-a9fb-9ebbcde0d396', 'YASH RAJ J'),
  ('2eb32a3a-43af-57f5-bf4d-11b5e03d49ed', 'e85bf284-fd8f-5e64-b555-c134fef0064e', 'DARWIN.S.'),
  ('ef1b4e9d-26c1-5f0c-a17b-9306a673cf95', '00000000-0000-0000-0000-0000000000a1', 'LASHREYN V JAGAN'),
  ('2044b8cc-de47-5da6-8a03-50c8bb983061', '00000000-0000-0000-0000-0000000000a1', 'AARON JOHN'),
  ('86b00a43-71fa-57f5-b14f-582edd8ccda8', '344b1543-dc60-5de6-a9fb-9ebbcde0d396', 'MOHAMED SHAHID'),
  ('ebbe6458-a911-53f0-90c6-974ac474ee5b', '04905c31-5d73-5cb9-91af-0dabc5ba572a', 'BALA KUMARAN . S . K'),
  ('f77012d5-4e35-5029-b2ec-70cad71a13c0', '4c684b5a-5ac6-53ee-a81e-980f4080f0fb', 'MUHAMMAD ZAYAN'),
  ('97658dab-bc3f-5dc7-8965-6e43276bfe59', '5e3a856f-360a-5982-86ab-e4cbb336fe21', 'K.S.VEHHAAN'),
  ('2267f7b6-8019-5897-8173-f6a6ccff70b7', '3c2885d6-c220-5920-b054-765a2c1e85d5', 'H P ARJUN KRISHNAN'),
  ('d40267d2-c7f8-5930-8a75-603a566ac99a', '7e8a6d53-4cc9-56c0-9892-437ca4607269', 'M.R SASI PRASATH'),
  ('6da2e1f6-c729-5f19-8648-f43fa306b1b1', '520633dd-1fc6-57f7-a2a8-29cfebf61e27', 'AMR. A'),
  ('21b7518c-2230-5193-9604-fa6391bc6330', '344b1543-dc60-5de6-a9fb-9ebbcde0d396', 'HARSHAN THANANJAYAN'),
  ('5463b166-527f-579b-964e-d7c140e134ed', 'e85bf284-fd8f-5e64-b555-c134fef0064e', 'G.KANISH KRISHNAN'),
  ('5eec7dfa-c227-5faf-9244-a2d35037b125', 'bab3c4d4-7f1f-59e5-b05d-a4f543c06cfb', 'JAISIVAKARTHIK S'),
  ('3ed72a8b-6f64-51c3-8982-28ae0c375790', '3c2885d6-c220-5920-b054-765a2c1e85d5', 'A.B. AARAV'),
  ('2ae54d69-5eed-5fb3-95fa-5a02e35e083d', '9e5798ac-57e7-543f-be64-1e9776770a2b', 'R P MRITYUNJAI'),
  ('3986f143-0937-5307-91f6-10d68de42d44', '90bc6fdc-ac29-5a0a-b021-46d4901dcf3f', 'ATHVIK SWAAMINATHANSG'),
  ('34ba4a39-116d-56d5-91f6-40c61967c354', '344b1543-dc60-5de6-a9fb-9ebbcde0d396', 'S THARUN'),
  ('3f4552db-ca65-5750-b1c8-338112167928', '8d4059b5-a1e4-52f4-b162-4cb8bf91f4e6', 'V.THARUN'),
  ('b999d140-9dca-57ad-aca0-9ca6520c9652', '7469bc80-fd06-5028-8033-aeb9008a4507', 'G. MITHULAN'),
  ('8cc92262-e6d6-5656-bdac-3ed66ba3e9b2', '1021a26a-0b00-597a-8cbc-ff36e5d9c769', 'S.YAHYA'),
  ('8831b200-b216-5bd4-ba6d-fdfb086134a8', '6b73903d-b78d-5234-99fd-656a92625764', 'VISAGAN A'),
  ('6f0b192a-2c23-5b5e-905c-76c3997e0243', '9e5798ac-57e7-543f-be64-1e9776770a2b', 'K S YOHITH VARSHAN'),
  ('80718c14-e5f8-51dc-9d5d-49b430399e86', '8204b741-70c6-5870-8811-971a3166ce18', 'AMAN A'),
  ('ba4e57bf-53df-5583-b499-05f7599d17bc', '344b1543-dc60-5de6-a9fb-9ebbcde0d396', 'S.YANITH YASHVANTH'),
  ('4f52598a-31cb-5061-8ee6-8a017536468e', '7e8a6d53-4cc9-56c0-9892-437ca4607269', 'M.JAYA KRISHNAN'),
  ('20d64264-1cd2-5854-854e-a0f111eb241e', '00000000-0000-0000-0000-0000000000a1', 'SUDIKSHA.U'),
  ('c2ba720b-7ddf-51cd-93f3-e5148bdd2801', '93741827-dfe5-532f-b651-6f5066cae0d5', 'DHIYA N K'),
  ('cf23607d-296d-5d7f-b28d-bacc8fce9812', 'b86ceb48-7de2-5c75-a592-f977deb318a3', 'VANISHASRI M'),
  ('1abc66b2-72a3-5e1d-bfdc-147e3d41fff6', '9e5798ac-57e7-543f-be64-1e9776770a2b', 'S KANESHKA'),
  ('d5f109f3-7a9a-5ea3-8931-b09b6ce049ad', '7e8a6d53-4cc9-56c0-9892-437ca4607269', 'BINDU MEENAKSHI'),
  ('d35c545a-6d25-56fa-aa63-dd3555b83c28', '9e5798ac-57e7-543f-be64-1e9776770a2b', 'SADANA K R'),
  ('03fa6304-fdb2-5d9d-bbb2-d32ca1f44efe', '4d9d1e27-c5d6-555b-880c-71593ea1291a', 'V DEVIKA'),
  ('99604537-339a-54e9-9620-d3fd8ca32563', 'e85bf284-fd8f-5e64-b555-c134fef0064e', 'M.JIYA'),
  ('80759fdf-8596-5930-9feb-65ccddcb8b41', '344b1543-dc60-5de6-a9fb-9ebbcde0d396', 'I .TIVISHA'),
  ('219cb82e-20a1-5f57-9706-806b4f79ec0f', '7e8a6d53-4cc9-56c0-9892-437ca4607269', 'SHRADDAA SIDDHARTH'),
  ('bac65724-1d45-5c1c-8045-6eff7abe742a', '00000000-0000-0000-0000-0000000000a1', 'HANSINI'),
  ('f013b241-d735-5aee-a93c-60094a60d9e2', '8c61fec8-40e9-572f-8ebd-4290dbdffbec', 'SAATVIKA.V.D'),
  ('7c2b9c37-4c81-5e0c-a5bd-ee4d4e312890', '7469bc80-fd06-5028-8033-aeb9008a4507', 'RM KOUSHIYA'),
  ('bf1a2e42-2229-53b3-8ab8-1dfeacc0f6e9', '93741827-dfe5-532f-b651-6f5066cae0d5', 'SANA GOWTHAM'),
  ('9d395aed-f3db-54b6-a074-e0e1c4b2d0c2', 'b86ceb48-7de2-5c75-a592-f977deb318a3', 'S. LAVASHRI'),
  ('25bc672b-700f-520b-aefc-fcd172a4a2e9', '344b1543-dc60-5de6-a9fb-9ebbcde0d396', 'TRISHIKA PRUTHIVI'),
  ('d5417e17-14a0-5a85-8d4a-5f3c99763061', '7e8a6d53-4cc9-56c0-9892-437ca4607269', 'S.DHAMRISHA'),
  ('ca3b46b6-b638-5c74-947d-8678bba7b2f7', '7e8a6d53-4cc9-56c0-9892-437ca4607269', 'GABRIELLA ATHINA TERESA.E'),
  ('61fa76a2-9496-558e-bf40-c7a64ce4b480', '344b1543-dc60-5de6-a9fb-9ebbcde0d396', 'HEVANIKA .B'),
  ('6341df3d-fd95-5698-acaf-0469b6139d83', '344b1543-dc60-5de6-a9fb-9ebbcde0d396', 'SRI ABITHA'),
  ('807d7e6c-e699-5f03-af3f-2a25a0e47bed', '00000000-0000-0000-0000-0000000000a1', 'ANANYA IYER'),
  ('06950f08-d420-5090-abad-e40cae64d7af', '1021a26a-0b00-597a-8cbc-ff36e5d9c769', 'SANDHYA. L'),
  ('09ad904c-0af1-5d10-a7e5-25211e76a6d5', '00000000-0000-0000-0000-0000000000a1', 'INAAYA'),
  ('b193c76a-5d35-507d-9ac4-e4f2f2035d3f', '00000000-0000-0000-0000-0000000000a1', 'AADHYA NARRA'),
  ('38c27269-f9c7-57f0-87c7-c1aa08e2c5a2', '0ac41011-9d57-5ba2-9556-7590a8be8268', 'ANTHVIKA SHIRDI'),
  ('fa7fe470-c1e6-54b0-baca-41bc9a403425', '93741827-dfe5-532f-b651-6f5066cae0d5', 'LIRTHIKA.D'),
  ('29f6e0e8-97bb-5b5e-afa5-a1afb527667a', '344b1543-dc60-5de6-a9fb-9ebbcde0d396', 'TAARUSHI. T'),
  ('b9175a71-f022-5ea6-8787-6e950d5fbf19', '344b1543-dc60-5de6-a9fb-9ebbcde0d396', 'T J THIYA'),
  ('018f2f63-7040-5a23-901e-27a36404a2e4', '344b1543-dc60-5de6-a9fb-9ebbcde0d396', 'KOSHIKA .L'),
  ('5935bbfd-a205-53c6-a958-16373932385d', '9e5798ac-57e7-543f-be64-1e9776770a2b', 'DEEKSHITHA B'),
  ('7c7e5d04-8bea-55a9-8a92-1a5e3c0409f9', 'e59c8987-4896-5ca7-8de1-3e3732deca8e', 'GUNASHREE.S'),
  ('dfb486a3-d31f-5f86-9953-97a4220945ed', '344b1543-dc60-5de6-a9fb-9ebbcde0d396', 'V JANANI'),
  ('c0eddb51-aa10-5efa-96af-38cbc813e874', '344b1543-dc60-5de6-a9fb-9ebbcde0d396', 'H.GOWSHIKA HARI'),
  ('b102de49-4a85-5adc-a2ae-672aa1fe5c36', '7f0a9f39-9a68-59d4-9321-0cd0ea1ff69f', 'S. AMELIA EVELYN'),
  ('15ba5432-03c4-527c-a69b-60ddc5ccdc1e', '520633dd-1fc6-57f7-a2a8-29cfebf61e27', 'MAGIZHINI.R'),
  ('b21eaddc-5a0f-58ca-9522-f2b98f1b2037', 'b86ceb48-7de2-5c75-a592-f977deb318a3', 'T. MAHITHA'),
  ('7c72b67c-92a0-5ee1-ae4c-310b1708b29f', '8d4059b5-a1e4-52f4-b162-4cb8bf91f4e6', 'I.J. HARINE'),
  ('ca570648-2eb8-56ba-b197-258600ce666b', '520633dd-1fc6-57f7-a2a8-29cfebf61e27', 'NITHIK SIDDHARTH. M'),
  ('25a195be-b458-5e89-9119-2e8508554f8d', '00000000-0000-0000-0000-0000000000a1', 'SURYANSH GUNPAL LAD'),
  ('08e9914d-fca3-5eb0-a57e-6623a6aa593d', '7e8a6d53-4cc9-56c0-9892-437ca4607269', 'PRADEEP.T'),
  ('3ca44507-15b4-5d68-971c-59df897a0f16', '00000000-0000-0000-0000-0000000000a1', 'RISHAAN RAJA'),
  ('2f7b1afa-5ec7-5fb8-949b-c21671b4024c', '267af775-3ea9-5653-abad-779ae472d437', 'VED PUSHPARAJ'),
  ('a2bb2650-cb7e-535f-9a69-95f5647e2ded', 'b3fb239e-d680-5f40-a2c3-a09c542965df', 'GAUTAM R'),
  ('4ab09e8a-729e-5668-b519-161c8ac202e1', '8d4059b5-a1e4-52f4-b162-4cb8bf91f4e6', 'A.ADESH'),
  ('4dd783e7-0fc1-553f-ac92-d6a97499cbf1', '344b1543-dc60-5de6-a9fb-9ebbcde0d396', 'SARVESH S'),
  ('e6ce024f-7e3a-5a55-bb6f-1f1a5277cf1b', 'e85bf284-fd8f-5e64-b555-c134fef0064e', 'S.PRAVEEN SAI'),
  ('2d03673d-8148-5190-9df7-51c45855d07f', '96258415-96b1-5c54-bafc-eba2e199ce62', 'S. KRISHWIN'),
  ('494bcb82-020b-58b4-9830-f3b90ebb10d5', '344b1543-dc60-5de6-a9fb-9ebbcde0d396', 'R PRITHVE'),
  ('87f323e3-b9b1-52ca-ae6f-594b08d668d1', '344b1543-dc60-5de6-a9fb-9ebbcde0d396', 'RAGHAV'),
  ('563a4a17-9b37-5772-b04b-db0d96656f87', '4c684b5a-5ac6-53ee-a81e-980f4080f0fb', 'AKILESH V'),
  ('64620186-250f-5b73-930e-901cf9816431', '4c684b5a-5ac6-53ee-a81e-980f4080f0fb', 'DEVESH MITHRAN A'),
  ('f8afffb5-9de6-574c-a0d4-343038f10586', '3c2885d6-c220-5920-b054-765a2c1e85d5', 'G. YESHWANTH'),
  ('afcd618c-5d33-5657-aa94-7b9648662ed2', '3c2885d6-c220-5920-b054-765a2c1e85d5', 'ASHWIN KARTHIK C'),
  ('996125a7-d88c-5ef3-9a88-7a43f9dee9b4', '0ac41011-9d57-5ba2-9556-7590a8be8268', 'NANDHAGOPALAN C'),
  ('a7308838-32bb-559f-9898-ef8ea8d9ba56', '344b1543-dc60-5de6-a9fb-9ebbcde0d396', 'M DAKSHIT'),
  ('dfef423a-bb21-52d3-b1d4-07d5de9379a3', 'b3fb239e-d680-5f40-a2c3-a09c542965df', 'SAI CHAITANYA AB'),
  ('883506cd-af00-5892-9e64-3e526128721f', '7469bc80-fd06-5028-8033-aeb9008a4507', 'R M PRABHU'),
  ('1ae3d2b4-f10a-52f1-8ea5-a786fef2ef97', '46c94418-9915-5783-a9dd-2dcfdd21920b', 'L.G.PRAJIN'),
  ('7e056b60-a1f5-529c-a51c-d7df0867965b', 'ed88d3bc-c065-5209-9304-730080420f1e', 'P.S.DARSHITH'),
  ('70334a76-6a97-5cd5-9c3f-e2eac195b778', '8c61fec8-40e9-572f-8ebd-4290dbdffbec', 'E. KRITHIK'),
  ('8ffedcfc-83e9-5c4c-aea9-526a937794eb', '9e5798ac-57e7-543f-be64-1e9776770a2b', 'KRISHANTH PANDIAN'),
  ('29e92f2e-2480-5510-a3d0-34358fc29307', '00000000-0000-0000-0000-0000000000a1', 'SHASVINTH MR'),
  ('656fdabc-4d22-564c-80b8-94d2655d1ed9', '7e8a6d53-4cc9-56c0-9892-437ca4607269', 'HASAN A KHILJI'),
  ('6bcad20a-26ed-562f-a941-192a03e4b990', '344b1543-dc60-5de6-a9fb-9ebbcde0d396', 'K.MITHESH'),
  ('4f8cb84c-bcae-5525-b51c-87c7edad5c1a', '00000000-0000-0000-0000-0000000000a1', 'K.S.ADHVIK'),
  ('c4358f87-1790-5efc-9089-a2c3a5b47aa4', '00000000-0000-0000-0000-0000000000a1', 'ANKIT ARUN'),
  ('1947d654-a4c0-5dd9-8174-0fd8a5bf6156', '4d9d1e27-c5d6-555b-880c-71593ea1291a', 'C.P.KAMALESHNATH'),
  ('8da98921-b055-5fbc-91d1-1748f97045a0', '2c9dd30b-be9e-5c65-a862-a4817c4f2efc', 'S.AAKASH PANDIAN'),
  ('02bf8ad5-c454-5324-9f4e-9490364fc22e', '9e5798ac-57e7-543f-be64-1e9776770a2b', 'VIDYUTH ARUNKUMAR'),
  ('766feea0-5136-5962-b336-f1a7cc7a0a89', 'b47e0394-b7b8-5150-b85f-f3e732b88e11', 'MITHUN BALACHANDAR'),
  ('b31b328e-17b8-5f9d-a748-b5ed9cc0e33f', '9e5798ac-57e7-543f-be64-1e9776770a2b', 'SUTHIKSAN G'),
  ('fe7c5fd1-c2f6-5e0f-b4e4-76046be4c339', '344b1543-dc60-5de6-a9fb-9ebbcde0d396', 'TATHVIK DEVARAJAN'),
  ('b932e9af-b5e3-5900-a928-9197ebedc90d', '4c684b5a-5ac6-53ee-a81e-980f4080f0fb', 'VIHAAN NAIR'),
  ('718a1611-75fe-55c9-bff9-099bef7c1419', '344b1543-dc60-5de6-a9fb-9ebbcde0d396', 'NIKSHITH HARIHARAN'),
  ('0bc78822-f9b7-50cc-903e-9e63a7e4134b', '0ac41011-9d57-5ba2-9556-7590a8be8268', 'SRIRAM KARTHICK'),
  ('d36a1fef-f72f-55cf-8761-e6483ed5674e', '344b1543-dc60-5de6-a9fb-9ebbcde0d396', 'PRATHAM P VANAN'),
  ('3ed4d781-d409-5b01-8059-d959f1343d6c', 'b8b9d7d9-2580-5d70-a3fb-267e2c9d02dd', 'SIDDHARTH ARUNKUMAR'),
  ('066d30e9-8c70-5a5a-adf5-262fdb0f020c', '344b1543-dc60-5de6-a9fb-9ebbcde0d396', 'N.RUTHIK'),
  ('42dea28f-efb2-5f2d-b1e4-d1c89f943c2a', '483aa180-88f7-51bc-b8d0-809f9e9e626a', 'S.D.ARULMOZHI VARMANAYA'),
  ('548af54a-8a6c-50d5-9960-375be47d0309', '3c2885d6-c220-5920-b054-765a2c1e85d5', 'THIRUMARAN R'),
  ('055ac7a7-ae8a-51c7-978b-43622572cf44', '96258415-96b1-5c54-bafc-eba2e199ce62', 'S.PRANAV'),
  ('83fc2cfb-29d2-594f-a151-b684af6e5f88', '4c684b5a-5ac6-53ee-a81e-980f4080f0fb', 'SRIBALAJI'),
  ('0482e15e-d776-5baf-aad0-3f6297476924', '7e8a6d53-4cc9-56c0-9892-437ca4607269', 'K.S.KUMAR SKANDA'),
  ('ec3808b8-fbb1-5901-9cab-076b37a70f70', '7e8a6d53-4cc9-56c0-9892-437ca4607269', 'S.DHIKSHATH KUMAR'),
  ('e6868ccd-7b91-59db-8be1-74f7e8deac3f', '7e8a6d53-4cc9-56c0-9892-437ca4607269', 'KOVENDHAN.D'),
  ('1a56cdb5-4229-5a14-a448-5227293e7b66', '7e8a6d53-4cc9-56c0-9892-437ca4607269', 'VISHNU KASULA'),
  ('af447db5-70ad-579f-8358-9679e1d2c4f1', '8d4059b5-a1e4-52f4-b162-4cb8bf91f4e6', 'RA.ADHIYAMAAN'),
  ('4c3b1be7-0fe3-5a6a-81ac-4cfc8016dd30', '00000000-0000-0000-0000-0000000000a1', 'REYAAN SUSHRUTH'),
  ('6a49ef5e-18e8-56b6-b1bb-1cc4713c0cc1', 'b3fb239e-d680-5f40-a2c3-a09c542965df', 'HARJEETH RAJ'),
  ('b0d3d31c-2472-5b61-9b6c-2ac1a314f95a', '344b1543-dc60-5de6-a9fb-9ebbcde0d396', 'A.ABILAN'),
  ('54eb54ce-2ba8-5203-b4f1-6b5eed37f50d', '1021a26a-0b00-597a-8cbc-ff36e5d9c769', 'ARJUN. R'),
  ('82d30371-fe64-5da3-a797-36eb7c868b6f', 'e85bf284-fd8f-5e64-b555-c134fef0064e', 'YOGESH.J.'),
  ('5aea93e6-74ac-5771-ac86-66e4ff400bcd', 'fdac6f26-1309-55d6-9904-0e8d7d434cb5', 'ARUDH JVIN. PH'),
  ('370270bf-6ee1-509d-881a-372296a8b044', '46c94418-9915-5783-a9dd-2dcfdd21920b', 'M.K.NITHILLAN'),
  ('ae9d2aa3-16fd-5aa3-a9fc-a3c87b72986f', '7469bc80-fd06-5028-8033-aeb9008a4507', 'KISHAN PRASATH N K'),
  ('3c6a5aec-c807-5d8e-abc4-986012e336a6', '46c94418-9915-5783-a9dd-2dcfdd21920b', 'A.AADHITHYA'),
  ('4526ffb5-e620-55fe-962d-38f57f223c47', '8c61fec8-40e9-572f-8ebd-4290dbdffbec', 'NIMALAN.S.A'),
  ('102aa1d4-6402-5e64-9ca0-be7cf614c120', '344b1543-dc60-5de6-a9fb-9ebbcde0d396', 'M.NISITH'),
  ('65b4531f-8eaf-5c31-8c58-8d7ce99cf698', '7e8a6d53-4cc9-56c0-9892-437ca4607269', 'MB.CHEGUEVARA'),
  ('3e6ad999-dc7a-565a-af9f-a83cd5f91935', '344b1543-dc60-5de6-a9fb-9ebbcde0d396', 'C.N.VERONICA'),
  ('b8c08a12-5518-509b-9fd3-bc8e558fb733', '2c9dd30b-be9e-5c65-a862-a4817c4f2efc', 'G.SAADHANA'),
  ('4e826f08-e8fd-54fb-a854-e9519165f174', '5b5fdbb8-bd84-53b0-8f08-6f2a79cae3c4', 'T AAFIYA'),
  ('8f90baf0-0fe1-58c0-bdf4-93fbc982dfce', '7e8a6d53-4cc9-56c0-9892-437ca4607269', 'R.THASHVI'),
  ('cdd8cb0f-fd46-5aec-a66b-3985ad9098d3', '8204b741-70c6-5870-8811-971a3166ce18', 'NAINIKA MAHESH'),
  ('a64119e5-2226-56a0-8ab8-09381f77478d', 'e59c8987-4896-5ca7-8de1-3e3732deca8e', 'MANASA.P'),
  ('aa034363-c3d4-5b83-b164-c2c8dd902911', '344b1543-dc60-5de6-a9fb-9ebbcde0d396', 'R.ROSIHIKA'),
  ('b077423e-fac8-5ad1-aeff-bb52f5f5459f', '8204b741-70c6-5870-8811-971a3166ce18', 'RIHANIYA SATHAF S'),
  ('eef8aaeb-c575-5608-aa31-b4d133bb244a', '7e8a6d53-4cc9-56c0-9892-437ca4607269', 'VINMAYI .K'),
  ('f3aba40a-532c-5a25-8ebb-dff1acb9f61c', '4c684b5a-5ac6-53ee-a81e-980f4080f0fb', 'V K KOMAHAL MAGHIZHINI'),
  ('07afdba0-c169-5a59-b07e-ad90b5c1a196', '9e5798ac-57e7-543f-be64-1e9776770a2b', 'A M SIVANYA'),
  ('fa04f666-8d59-5936-beca-cf0bac7b536d', '00000000-0000-0000-0000-0000000000a1', 'SAMBHAVI RAMU'),
  ('bff51a32-deb2-53f4-91ce-426a30f236f3', '8d4059b5-a1e4-52f4-b162-4cb8bf91f4e6', 'J.DILAJINI'),
  ('055257c6-1e3f-5c99-a751-6c749b48f3d1', '00000000-0000-0000-0000-0000000000a1', 'VEENA C.V.'),
  ('41166b4f-e082-57b0-885d-965ed5c8e7dc', '8204b741-70c6-5870-8811-971a3166ce18', 'DEEKSHITHA SRI'),
  ('553e6973-d3c3-5712-8a52-cddb0349e231', '2c9dd30b-be9e-5c65-a862-a4817c4f2efc', 'N.S.DHARSHIKA'),
  ('cf5d6c18-e51a-5ce5-84ec-b090dad6b4a4', '9e5798ac-57e7-543f-be64-1e9776770a2b', 'V LAKSHANYA'),
  ('5dbdbfb3-9e3b-513d-a65b-7ebb7ca07077', '9e5798ac-57e7-543f-be64-1e9776770a2b', 'SHIVATMIKA PRAMOTH'),
  ('e0718778-c0a8-586c-84d2-564f568069aa', 'b3fb239e-d680-5f40-a2c3-a09c542965df', 'SAHANA S'),
  ('53767b28-89b7-54d4-b57f-3ca78ec29d0b', '344b1543-dc60-5de6-a9fb-9ebbcde0d396', 'S.ZIBIAH JOANNA'),
  ('74b6577c-941b-5452-add7-e862af39dea0', '344b1543-dc60-5de6-a9fb-9ebbcde0d396', 'SHRUTHI. A'),
  ('8b9fc97a-8202-5b0b-b5b2-43b7426ff5dd', 'b3fb239e-d680-5f40-a2c3-a09c542965df', 'SADHGUNA RAJASEKAR'),
  ('9788903f-c4ba-5512-8e60-d125b1372661', '7edb0022-cd14-5006-bf83-f87d3be5e4ca', 'MOKSHITA BS'),
  ('090faee9-8d27-5382-bc3a-a4a064fc1820', 'e85bf284-fd8f-5e64-b555-c134fef0064e', 'PRAPTI LATHEESH NAIR'),
  ('63c252bc-20bb-57d6-ba6e-384e265f3abf', '9e5798ac-57e7-543f-be64-1e9776770a2b', 'KAYAL RAGUNATHAN'),
  ('45dff943-4d23-514c-8ea0-fbc8fcc60900', '891692c4-f560-5e6f-94f6-a4e735f623ea', 'ILAMPIRAI SELVENTHIRANC'),
  ('cb80214a-b23a-5613-8016-0d6d9211767d', 'e85bf284-fd8f-5e64-b555-c134fef0064e', 'SANJANA ARUN'),
  ('dee66dbc-5481-53fa-8192-d4c81d8af128', '344b1543-dc60-5de6-a9fb-9ebbcde0d396', 'G.RELCY'),
  ('9e3c2001-a434-5a70-a0e8-f89630d2febe', '2c9dd30b-be9e-5c65-a862-a4817c4f2efc', 'BHUVI MITHRA'),
  ('47c690c1-fd9b-5de1-b719-461c9e6eea00', '00000000-0000-0000-0000-0000000000a1', 'RACHEL'),
  ('3cb600a2-01bf-5883-90d2-73a26dc6ce7a', '344b1543-dc60-5de6-a9fb-9ebbcde0d396', 'KRISHIKA'),
  ('25abe60b-a6cb-562e-84ec-74763b7df938', '40f21282-0ed9-5061-91b0-2b7320fa6cb7', 'IYAL.S'),
  ('27a68950-139d-50fc-a540-8a5d0285ddcb', '2c9dd30b-be9e-5c65-a862-a4817c4f2efc', 'M.MOSHIKA'),
  ('b9602173-96da-5c52-a602-e1164a1ab9bd', '93741827-dfe5-532f-b651-6f5066cae0d5', 'SAVITHRI. D'),
  ('2cc7dae8-5663-5660-b7c7-e26e616d3534', '7e8a6d53-4cc9-56c0-9892-437ca4607269', 'RIYA K.S'),
  ('3fda3941-cd90-5bcb-b5ef-a9a839d97c32', '0ac41011-9d57-5ba2-9556-7590a8be8268', 'ARIA ARUN'),
  ('f70eb91a-3cd5-5073-9973-f620ab174c9d', 'bab3c4d4-7f1f-59e5-b05d-a4f543c06cfb', 'LAKSHA D'),
  ('c51eef5d-121b-50ef-8dbf-bda82683f4ce', '8204b741-70c6-5870-8811-971a3166ce18', 'JESSICA A'),
  ('f2112c20-39ab-5650-8960-b0c1b0cf8286', '3729daa3-c8d0-535c-a116-bf50d128fe3d', 'PRATHYUSHA A J'),
  ('fc4f29d0-4b7f-54dd-ba17-832b7ef2cea3', '344b1543-dc60-5de6-a9fb-9ebbcde0d396', 'NARAYANA RUTHIKA'),
  ('ba7225d2-e18b-5fb0-b75b-67e860e62547', '9e5798ac-57e7-543f-be64-1e9776770a2b', 'BHUVANA KRUTHI'),
  ('9738c7b7-0464-5b7d-bd34-228f70af4598', '344b1543-dc60-5de6-a9fb-9ebbcde0d396', 'V.PETRINA MARIA'),
  ('f2fb4d27-f3d0-5996-9947-bb81bf758164', '7e8a6d53-4cc9-56c0-9892-437ca4607269', 'S.SREEMAGI'),
  ('8950d420-ff40-57b8-af27-4387f8ad4368', '344b1543-dc60-5de6-a9fb-9ebbcde0d396', 'K.V.MAYUKA'),
  ('477c2b2c-7d53-5a7c-aa7e-e8a3fb9dbc72', '4d9d1e27-c5d6-555b-880c-71593ea1291a', 'JASHWANTH'),
  ('37ecfb46-a39b-51b7-b7f2-50a2766612ec', '9e5798ac-57e7-543f-be64-1e9776770a2b', 'P SHREEDHARSHAN'),
  ('1bc17963-ed7e-5abd-b3b7-fdcd639be104', '0ac41011-9d57-5ba2-9556-7590a8be8268', 'N S DARSHITH'),
  ('aeab18d4-f6aa-530a-908d-b393239c94ff', '4c684b5a-5ac6-53ee-a81e-980f4080f0fb', 'NITHINJEYAN G'),
  ('4e7dafee-83cb-538a-a15e-016aacb99688', '94afbc84-2f55-570d-9242-212f5ad7d1cd', 'M.THARUN SAI'),
  ('b9a431dd-ed9f-5a15-927e-90e92a062f3a', '344b1543-dc60-5de6-a9fb-9ebbcde0d396', 'KIRTHIK. R'),
  ('0c4e3da5-937d-560e-b09d-bf8b285aab91', '520633dd-1fc6-57f7-a2a8-29cfebf61e27', 'JEDIDIAH. B'),
  ('5c4a1d67-a748-5410-884a-704fa0632084', '9e5798ac-57e7-543f-be64-1e9776770a2b', 'ERIC ETHAN M'),
  ('0f5ea764-fce2-5d7e-8977-7b2082fa7212', '8598a84d-d95a-587a-b1fd-d5c6a9ae9d39', 'A.PRANESSH'),
  ('56460894-613a-5e60-9756-db929ca439a1', '0ac41011-9d57-5ba2-9556-7590a8be8268', 'ISHAAN C R'),
  ('6e13e37b-7227-516a-9bf1-d737a87f81b6', '344b1543-dc60-5de6-a9fb-9ebbcde0d396', 'S NITHIN'),
  ('3b71b459-d6b8-5c56-86b9-8ccddea26e4a', '9e5798ac-57e7-543f-be64-1e9776770a2b', 'NARCHEZHIYAN M'),
  ('02b927c0-d5b8-5209-b21c-c47a9909ce8f', '00000000-0000-0000-0000-0000000000a1', 'JAYADITHYAN A'),
  ('21f19d09-e544-5732-b360-402778f99bd9', '344b1543-dc60-5de6-a9fb-9ebbcde0d396', 'P DEVA'),
  ('8658ef82-f448-5754-860a-84f981810fce', '344b1543-dc60-5de6-a9fb-9ebbcde0d396', 'JEEVITH PRABHU'),
  ('e6924a37-bd8f-5d47-9883-4f9147aa17aa', '7e8a6d53-4cc9-56c0-9892-437ca4607269', 'L.JAANAV'),
  ('c8add5ba-7793-52a0-a65a-3febf2e246b3', '7e8a6d53-4cc9-56c0-9892-437ca4607269', 'THANISH.A'),
  ('0f59d932-0f7b-5a36-8897-143bc8252123', '249e0cef-a92c-5b4b-b13f-d8d2f81aeedc', 'YUVA SELVASEKHAR'),
  ('be554da3-9be9-578a-9968-71726645bff0', '0ac41011-9d57-5ba2-9556-7590a8be8268', 'DEVAN S'),
  ('d96d796e-b08b-5a9f-8e4b-d3d47ef0772e', '344b1543-dc60-5de6-a9fb-9ebbcde0d396', 'K.SARVESH'),
  ('65ac5220-b878-542b-8396-7af6b1dbb117', '04905c31-5d73-5cb9-91af-0dabc5ba572a', 'DHARSITH KUMARAN S S'),
  ('4d69186e-59a9-5103-9b17-a3e9cce0431a', '7e8a6d53-4cc9-56c0-9892-437ca4607269', 'R.K NAVAJEEVAN'),
  ('e811f985-853b-5b78-a7ea-771d432ee8b2', '00000000-0000-0000-0000-0000000000a1', 'VIVAAN R'),
  ('57d6f238-6ccd-53d9-a70b-b2e4d48c890c', '344b1543-dc60-5de6-a9fb-9ebbcde0d396', 'SHARAVVEKA'),
  ('702f3a10-f5d8-5220-b9ea-1cfae5035cec', 'bab3c4d4-7f1f-59e5-b05d-a4f543c06cfb', 'SANCHITH V'),
  ('c1b910f5-3498-5210-b81a-d1c7f57af006', '344b1543-dc60-5de6-a9fb-9ebbcde0d396', 'Y.THILAKSHAN'),
  ('aead0c75-953b-5037-8a0c-c8ef3dd072f3', '344b1543-dc60-5de6-a9fb-9ebbcde0d396', 'ASWIN.P'),
  ('49b24391-8d74-5e15-946c-b6c987417b08', 'e85bf284-fd8f-5e64-b555-c134fef0064e', 'NAKUL KARTHIKEYAN'),
  ('a2c04e56-8cb4-503a-8f9c-bc53a6dec206', '7e8a6d53-4cc9-56c0-9892-437ca4607269', 'JISHU N.M'),
  ('a1528e10-5f22-583a-9883-86d8c7374b24', '8d4059b5-a1e4-52f4-b162-4cb8bf91f4e6', 'K.KAVI YUGAN'),
  ('b0f4d992-df63-5cb7-b463-1998c05df13b', '94f69b27-2900-5e74-b884-1f6c1fe741b9', 'NAREN.RK'),
  ('fa36e627-59bd-54c3-a4c3-715a624ceda3', '0ac41011-9d57-5ba2-9556-7590a8be8268', 'KRISH KAAVIYAN .A'),
  ('485fa70b-35eb-5664-938f-44865337e56c', 'cf00c520-cf02-55ea-8867-f02644ec8045', 'SOOTCHAMAN G N'),
  ('9dc1ce6e-a8b3-5518-b12c-7fa7869aa9a6', '4d9d1e27-c5d6-555b-880c-71593ea1291a', 'K.RITHVIK SATHAIAH'),
  ('d24eaf39-53c1-5f9d-8be7-46720362ed4e', 'b3fb239e-d680-5f40-a2c3-a09c542965df', 'SENTHIL ATHIBAN'),
  ('b70fe90d-7503-5df8-ac8e-7a213d1664b1', '4d9d1e27-c5d6-555b-880c-71593ea1291a', 'SKIRUTHICK'),
  ('81b7eb53-6ac4-5bb9-8ac5-38b76d682881', '89fff8d7-37aa-5452-b76f-9134218b1e8f', 'DHIKSHITH K'),
  ('6f9d1249-7243-5b95-9ef1-57714da8b243', '7e8a6d53-4cc9-56c0-9892-437ca4607269', 'MUHAMMAD NUH'),
  ('599ee831-f751-55fa-8fac-6eee223c5e41', '00000000-0000-0000-0000-0000000000a1', 'AADITH RYAN A'),
  ('62d6287f-a163-5ed0-98d2-aeeaa6b9af19', '344b1543-dc60-5de6-a9fb-9ebbcde0d396', 'YUVAAN AGARWAL'),
  ('2d12f071-1846-55e7-977c-4d00f041c6bb', '2c9dd30b-be9e-5c65-a862-a4817c4f2efc', 'P.R.MUKIL KUMAR'),
  ('46d4984c-67ad-514a-b2be-85e7926ddd86', 'e85bf284-fd8f-5e64-b555-c134fef0064e', 'MAGIZHAN.M.'),
  ('5fce07ac-38a9-5e3b-9caf-20437518ab9e', '344b1543-dc60-5de6-a9fb-9ebbcde0d396', 'AAGNEY AK'),
  ('2dc9351a-efd0-54d5-9d22-b01a47b40daa', '7e8a6d53-4cc9-56c0-9892-437ca4607269', 'SARAKESH.H'),
  ('b17199a5-467d-5031-8e8d-4a8752e820ac', '00000000-0000-0000-0000-0000000000a1', 'TAKSHEEL'),
  ('3d3025f8-1978-5138-a062-b99bbe1cbcec', '94865e3f-f207-576f-a008-056ce7cceef0', 'R. M SANJEEVI RAM'),
  ('5b2a43f3-2c48-57be-8e68-42974d12e6b2', 'e85bf284-fd8f-5e64-b555-c134fef0064e', 'NITHIN CHANDRAN.S.'),
  ('deb5bd00-7c87-5977-8072-ee23f0e39d73', '7e8a6d53-4cc9-56c0-9892-437ca4607269', 'S.KAVIDARSHAN'),
  ('64247ece-4961-5e76-857d-669cf200bf85', '7e8a6d53-4cc9-56c0-9892-437ca4607269', 'A.RISHVANTH'),
  ('9cf07dd6-3db4-5561-9987-2c2c00e54e1c', '1021a26a-0b00-597a-8cbc-ff36e5d9c769', 'RAYYAN.S'),
  ('c16535b5-7f1d-5ad6-8c46-581acb8bd8e3', '3c2885d6-c220-5920-b054-765a2c1e85d5', 'P HARSHAN'),
  ('0a425f03-3e44-577a-a91a-9841a0b8f12e', '7e8a6d53-4cc9-56c0-9892-437ca4607269', 'C.M.KAILAASH'),
  ('c1b76912-59d0-5152-b523-4897421619fb', '344b1543-dc60-5de6-a9fb-9ebbcde0d396', 'NEERAV.P'),
  ('64d81fd4-8481-5956-88b4-826bf2121ea5', 'cf00c520-cf02-55ea-8867-f02644ec8045', 'REFHIN C'),
  ('df758f2c-0cd1-5341-8046-22b97c79d5a0', 'b3fb239e-d680-5f40-a2c3-a09c542965df', 'DHIYA B'),
  ('f0ba5273-3645-5361-9a0b-c7a2f33db740', 'b3fb239e-d680-5f40-a2c3-a09c542965df', 'MAGIZH VIZHI S'),
  ('65dfde21-0def-5798-a87c-8e5fdbadf54f', '00000000-0000-0000-0000-0000000000a1', 'ZOYA'),
  ('d08b42a6-1763-524a-af26-0a2803ef147b', '7e8a6d53-4cc9-56c0-9892-437ca4607269', 'S.M. THULIR NILAA'),
  ('d6049bf2-0b2a-5d19-b8d1-ec3bb87c5a4f', '344b1543-dc60-5de6-a9fb-9ebbcde0d396', 'IRA EZIE KASBAR'),
  ('44913e22-1f74-56d0-a764-65fb6df840e0', '7edb0022-cd14-5006-bf83-f87d3be5e4ca', 'KAADAMBARE MAHESH'),
  ('946f6b2e-c350-5524-b95e-c0274b357d22', '7e8a6d53-4cc9-56c0-9892-437ca4607269', 'G.K SRI LAKSHMI'),
  ('8aee3682-2c66-5565-aaa4-a1f308bc66d9', '8d4059b5-a1e4-52f4-b162-4cb8bf91f4e6', 'V.JIVI DHANYYA'),
  ('989624ca-328a-5a51-afda-e3f396f9474f', 'bab3c4d4-7f1f-59e5-b05d-a4f543c06cfb', 'MIDHURSHANA G'),
  ('89146cd1-3183-5d09-8d50-66cad17d2c67', '344b1543-dc60-5de6-a9fb-9ebbcde0d396', 'T J KISHOLINI'),
  ('5f80bdf7-969e-5d10-b0da-0dfccda2ee12', '344b1543-dc60-5de6-a9fb-9ebbcde0d396', 'R.SIVANI'),
  ('01b91312-6663-5d24-837c-e58a5158df3a', '8ffa994a-472a-5688-bfe7-e6fd9681fe87', 'AALIYAH HANAN MOHAMED'),
  ('b3379ea2-496e-5bb6-a078-b886d541d3f0', '8d4059b5-a1e4-52f4-b162-4cb8bf91f4e6', 'T.LETHISHA'),
  ('eb98407e-c4f1-58ba-b942-a4ddc9f10a2e', '89fff8d7-37aa-5452-b76f-9134218b1e8f', 'GABRIELLA STEPHANIE K'),
  ('a2a751da-8094-580e-86a0-76f8536646c2', '8204b741-70c6-5870-8811-971a3166ce18', 'DHARUNIKA M'),
  ('8192bfff-6cf4-5504-841e-22aed0df7680', '8d4059b5-a1e4-52f4-b162-4cb8bf91f4e6', 'A.ADHIRA'),
  ('ffa2f0cd-98d7-567b-b72f-6f63125de03d', 'dde3be27-8cca-578f-b726-7dd05d3d689f', 'VISESHA SENTHILKUMAROur'),
  ('9f5493ce-a5d3-512e-b374-0ac84cdd70b8', '46c94418-9915-5783-a9dd-2dcfdd21920b', 'RASHMIKA SRI S'),
  ('622430d9-facc-5b1c-83af-3e2c22a442aa', '8204b741-70c6-5870-8811-971a3166ce18', 'SIHARA'),
  ('d67652cc-8028-5200-8c28-bfdd9813fcaf', '8204b741-70c6-5870-8811-971a3166ce18', 'SRI HARANI S'),
  ('a88d8a89-56a6-51ff-ab68-6ed693e78b73', '00000000-0000-0000-0000-0000000000a1', 'REWA RATHI'),
  ('668c9772-efab-5670-9955-72c32b03a68b', '7e8a6d53-4cc9-56c0-9892-437ca4607269', 'SANGAMITRA.N'),
  ('d5deeec6-2fdb-5897-83e5-8e362c8d4e26', '93741827-dfe5-532f-b651-6f5066cae0d5', 'SAIESHA.K.K'),
  ('548c4c24-0683-57c8-a5b3-22f28f8081e5', '7e8a6d53-4cc9-56c0-9892-437ca4607269', 'NATASHA.J'),
  ('5d6e0f3e-7e2d-568e-b151-aac5a44df6a7', '00000000-0000-0000-0000-0000000000a1', 'TAMARA RAGHAVENDRAN'),
  ('9a68772d-3f47-5287-9a75-b45e74a4c118', 'ad4a9ed6-9619-5aa1-996e-8093f293e769', 'S.VASUNDHARA'),
  ('a70113ec-19d8-5928-a329-d0460df58be6', '8d4059b5-a1e4-52f4-b162-4cb8bf91f4e6', 'S.R.LAKSHAYA'),
  ('b79327bd-2462-5d1c-bf33-dc3806262874', '344b1543-dc60-5de6-a9fb-9ebbcde0d396', 'JAISHNAVI. M'),
  ('a732246e-e2d3-547e-a5e1-07f21a181905', '8204b741-70c6-5870-8811-971a3166ce18', 'ATHANA A'),
  ('157066d4-1e93-5627-8bbc-e94bd41aba53', '9e5798ac-57e7-543f-be64-1e9776770a2b', 'NARRUMUGAIY M'),
  ('e18ee38a-bda8-54fa-8e52-87750a12fc9d', '00000000-0000-0000-0000-0000000000a1', 'ZAYA SINCLAIR'),
  ('2fad9fbf-b399-58fb-9e7c-082fee5890e9', '8d4059b5-a1e4-52f4-b162-4cb8bf91f4e6', 'P.SHERWIN'),
  ('1c84e053-1e6c-5ca0-a9b4-91e735341fa1', '4c684b5a-5ac6-53ee-a81e-980f4080f0fb', 'ARJUN P'),
  ('db7a8837-6d5c-5c23-bc93-f91c2095fccb', '8204b741-70c6-5870-8811-971a3166ce18', 'KAUSHIK K C'),
  ('e51591fc-b992-5b0b-bb87-8b45eeece8db', 'e7c44d9c-0546-5ba2-a734-885a3e7027c5', 'M.B.RISWANTH YOGESH'),
  ('cdc7428f-b53e-54a7-9d85-e155a2916687', '0ac41011-9d57-5ba2-9556-7590a8be8268', 'V VEERA'),
  ('d3f2db5f-62b9-5372-8da0-3a82c5dae3d8', 'b86ceb48-7de2-5c75-a592-f977deb318a3', 'B. SIDDARTH'),
  ('7bb28c1b-88c8-50e6-8dc5-4f93dd1a4381', '3b30b256-e903-5043-937c-4d5667cbff47', 'M.NISHANTHKISHNAN'),
  ('9781aa06-2ff0-59f3-a212-6448cd398ee0', 'fdac6f26-1309-55d6-9904-0e8d7d434cb5', 'KAVINESH.G'),
  ('bf6c1176-3bc1-5c64-8bd5-ef24d984f619', '0ac41011-9d57-5ba2-9556-7590a8be8268', 'S . RRITVIK'),
  ('4f6e760c-b49a-5651-8471-005615655efe', 'e59c8987-4896-5ca7-8de1-3e3732deca8e', 'M.MUKESH'),
  ('860d9c67-1a38-587d-893c-f2431803073f', '94afbc84-2f55-570d-9242-212f5ad7d1cd', 'RANISH VITTAL'),
  ('85848465-2431-54fd-861b-b26f61333cc8', '344b1543-dc60-5de6-a9fb-9ebbcde0d396', 'N KAMALESHWAR'),
  ('4047a6a1-1715-5ace-b181-219944dd01ad', 'f91ec5d8-a066-5b61-a403-e947068a2517', 'PRANAV ADITH.K.K'),
  ('a52e0c2d-1f03-56db-bbb9-2de7773057af', '0ac41011-9d57-5ba2-9556-7590a8be8268', 'HRUDHAY KIDAMBI'),
  ('c2665913-b7b3-598a-b554-69aeeee8cc17', '520633dd-1fc6-57f7-a2a8-29cfebf61e27', 'SAI NATH SARMA. R'),
  ('4ad3c005-d696-5a2d-8090-3e0d8a305422', '344b1543-dc60-5de6-a9fb-9ebbcde0d396', 'V.THEJESH'),
  ('ebbb2c5f-ea43-5802-862d-c8764714bbef', '9e5798ac-57e7-543f-be64-1e9776770a2b', 'MEHULRITWIK'),
  ('77af679e-6559-5c1e-9a4e-ccbd1c1036a7', '344b1543-dc60-5de6-a9fb-9ebbcde0d396', 'KHUSHAANSH KACHARI'),
  ('cd19f89e-5b07-5f7e-8345-3297b6025ae9', '9e5798ac-57e7-543f-be64-1e9776770a2b', 'SAJITH RAM K'),
  ('011203b4-093d-5498-a973-0504c2494b14', 'e1a3b85d-c48f-5e70-9b74-2fcc9dd2d51b', 'D AMIT SANJEEV'),
  ('8d99a561-f326-5950-bc3f-4cd785999090', '344b1543-dc60-5de6-a9fb-9ebbcde0d396', 'G KOWSHIK'),
  ('1384bfaf-ca67-5fe8-9a69-3fcdd36307f8', '5e3a856f-360a-5982-86ab-e4cbb336fe21', 'AADHAV KANDASAMY.S'),
  ('1a73b34b-65d8-5788-83e4-e535aa7cb29a', '7e8a6d53-4cc9-56c0-9892-437ca4607269', 'SANJAY S'),
  ('63e402f5-3589-54fd-b5d0-00db379f8911', '344b1543-dc60-5de6-a9fb-9ebbcde0d396', 'S ROHAN'),
  ('18526dab-f535-5a22-99c8-7c4a04d39538', '9e5798ac-57e7-543f-be64-1e9776770a2b', 'S D MUKILAN'),
  ('d5d523e8-27cb-5f6a-86bf-f374c3ae06a9', '8204b741-70c6-5870-8811-971a3166ce18', 'BAVIN RAJA M'),
  ('2cf009d7-3e57-5b0d-bdeb-dcad8e561fe7', '7469bc80-fd06-5028-8033-aeb9008a4507', 'VIVAAN PRASATH N K'),
  ('ebd60418-ffc4-5892-98d0-f04d08de7997', '520633dd-1fc6-57f7-a2a8-29cfebf61e27', 'JEHOSHUA. B'),
  ('3e95c200-b9e1-56b2-85c4-8933caef3dc5', 'b86ceb48-7de2-5c75-a592-f977deb318a3', 'V. MITHUN RAMKARTHIK'),
  ('28e810ac-243a-5422-89d1-5815e9168c79', 'a52a36ca-9b28-58cd-af06-95d9672a956c', 'VIKRAM SENTHILKUMAR'),
  ('5557cb15-2c31-5d6f-bbba-d2f4321c4e57', '5b5fdbb8-bd84-53b0-8f08-6f2a79cae3c4', 'S SATHYA KRISHNA'),
  ('e99dcb9b-6d95-537f-9d43-2da37e6e4ff2', '344b1543-dc60-5de6-a9fb-9ebbcde0d396', 'VEERALINGESWARAN'),
  ('5fcd0814-9ee3-5781-92db-aab7795a4246', '344b1543-dc60-5de6-a9fb-9ebbcde0d396', 'HARI NETHRAN'),
  ('896faf45-3f28-5992-bda8-2373ce2e7f0e', '7edb0022-cd14-5006-bf83-f87d3be5e4ca', 'KAUSHIK GANAPATHY'),
  ('349acbff-997f-50d5-89c9-525cca779be9', '94afbc84-2f55-570d-9242-212f5ad7d1cd', 'M.SANGAMESHWAR'),
  ('28356618-0051-51b9-97f7-146934ff57ae', 'ed88d3bc-c065-5209-9304-730080420f1e', 'SOUSHANTH.G'),
  ('c0686737-01b0-5840-9857-23e3ee02b757', '344b1543-dc60-5de6-a9fb-9ebbcde0d396', 'S CHARAN'),
  ('0a870465-ba59-56e3-ae52-6517334ba43e', 'cf00c520-cf02-55ea-8867-f02644ec8045', 'SANJITH K B'),
  ('2e0faaf0-b2c0-516e-92db-958bc4ac0fbe', '9e5798ac-57e7-543f-be64-1e9776770a2b', 'MOHAMED JUNAID IBRAHIM'),
  ('c3adff44-32b6-54f9-84ce-6ca39132df22', '9e5798ac-57e7-543f-be64-1e9776770a2b', 'SABARISH KUMAR S'),
  ('94676fc5-04c3-522f-9822-c281bd77b8ba', '00000000-0000-0000-0000-0000000000a1', 'NANDAN VIJAYA BASKAR'),
  ('0f019533-0bf4-5906-b8e6-8f07fa0f8d95', '00000000-0000-0000-0000-0000000000a1', 'VIJAY AADHITVA SIVAKUMAR'),
  ('475ff1f9-69f9-5601-a301-d97a5e061234', '344b1543-dc60-5de6-a9fb-9ebbcde0d396', 'M.PRANAV'),
  ('31565ea6-61f8-5b01-b81c-84d41fe6931c', '7e8a6d53-4cc9-56c0-9892-437ca4607269', 'PRIYEN RAJ M'),
  ('6bf85a9e-c7cf-516f-a256-44b19520ef33', '2c718b49-c661-50a4-8563-a41a42b5cc5d', 'Our Own English SHARATH BALAJI SENTHILKUMAR'),
  ('e0289f5a-2394-5442-a84e-128f44155c12', '7e8a6d53-4cc9-56c0-9892-437ca4607269', 'DEVANK.CH'),
  ('1ea6daef-53a6-5def-9150-367620330e87', '344b1543-dc60-5de6-a9fb-9ebbcde0d396', 'DEV MEDVIN KASBAR'),
  ('93646a0c-12e7-5b8c-b520-09379015f0f7', '8d4059b5-a1e4-52f4-b162-4cb8bf91f4e6', 'M.MOHAMED HAMDAAN'),
  ('b7278d7a-00cb-5bc9-aab3-3d849cd8633e', '7e8a6d53-4cc9-56c0-9892-437ca4607269', 'B.HARSHAVARDHAN'),
  ('05ec9eb9-4208-50d8-b934-e7b277dcc435', '7e8a6d53-4cc9-56c0-9892-437ca4607269', 'C.YUVAHARI'),
  ('38584aee-23fe-5794-9b0a-16b5c89ae5e7', '344b1543-dc60-5de6-a9fb-9ebbcde0d396', 'M KAVIYAN'),
  ('d3d06515-c163-5bf2-8c41-5e310f79f4e7', 'e59c8987-4896-5ca7-8de1-3e3732deca8e', 'A.T.SHIVARAM'),
  ('fdee72de-9704-565c-8098-fc081dffba3e', 'a9b325c9-be82-5365-a085-e36890c311c2', 'RITHVIK.V'),
  ('ac2adedf-7c4c-56fd-80af-e8da6b807970', '3c2885d6-c220-5920-b054-765a2c1e85d5', 'MONISHJHUDE C I'),
  ('24079fb1-7a7e-528d-acb0-ed38c6c2c4ce', '7e8a6d53-4cc9-56c0-9892-437ca4607269', 'G K GOHITH'),
  ('6bc0d8e5-8b47-53be-9655-f7b6cb3d0e87', '31f274c3-f759-5c45-a8e2-ea9280942a31', 'RITHUL ABINAV .T'),
  ('c9af0446-c495-5e0f-aa69-3eb6a7f85c1b', '344b1543-dc60-5de6-a9fb-9ebbcde0d396', 'FYZAN SHAIK.K.A'),
  ('ce3410ee-32f7-5363-b4f2-d00324b2b2c3', '0ac41011-9d57-5ba2-9556-7590a8be8268', 'N KRITHIIK'),
  ('6fc4d67e-a69d-5bc0-9c72-0c91cafaf89b', '00000000-0000-0000-0000-0000000000a1', 'S P RUTVA'),
  ('11b7ec33-bda5-5fe2-938d-a6811cd8adaf', 'b3fb239e-d680-5f40-a2c3-a09c542965df', 'S PRANESH'),
  ('1d10fffc-231a-5f54-bf34-5ecda6906040', '344b1543-dc60-5de6-a9fb-9ebbcde0d396', 'GUGAN HAREESH M U'),
  ('ade30890-7337-5a2e-87d0-b08f987e1fea', 'b86ceb48-7de2-5c75-a592-f977deb318a3', 'PRADYUN. SRIDHAR'),
  ('42f4548b-48db-5c76-bc6d-d8e1675b725f', '670e7863-fbe3-576a-bba6-b2d1689f1216', 'R.K.DHIIRAJ'),
  ('b5f6acad-dc20-5621-a352-a29c6b5dedbb', 'e85bf284-fd8f-5e64-b555-c134fef0064e', 'YANCHIT.S.P'),
  ('0870f1d8-bb11-52e8-b56b-0cd4a8041845', '3b30b256-e903-5043-937c-4d5667cbff47', 'ABINAV M'),
  ('9dfe72db-81c4-51af-ab41-40651549f4bc', '93741827-dfe5-532f-b651-6f5066cae0d5', 'K. GOWTHAM RITHIK'),
  ('73b9942e-e182-5827-ae25-cc9fea25626d', '8d4059b5-a1e4-52f4-b162-4cb8bf91f4e6', 'S.ABIRAMI'),
  ('a9e303b4-928f-5f47-873f-7e8fb981658d', '344b1543-dc60-5de6-a9fb-9ebbcde0d396', 'RUVANI'),
  ('2d996c6b-9e6f-5fae-b293-343a4499a2be', '00000000-0000-0000-0000-0000000000a1', 'YAAZHINI M R'),
  ('ce695d90-5d80-5db2-9e5b-fbda77b227c2', '7e8a6d53-4cc9-56c0-9892-437ca4607269', 'G SANJANA'),
  ('a010eba5-ab0e-5c8e-9ec3-7973cc0b8083', '7e8a6d53-4cc9-56c0-9892-437ca4607269', 'SIVANI D'),
  ('1204e24b-32f2-5c77-ab13-f622eaefd81e', '344b1543-dc60-5de6-a9fb-9ebbcde0d396', 'H MADHUSRI'),
  ('d116b27f-72f2-59f5-b766-0361f03b6329', '3c2885d6-c220-5920-b054-765a2c1e85d5', 'RAKSHITHA MURUGAVELS'),
  ('661a3bc0-302d-575a-9fc9-0bb69da9d374', 'a52a36ca-9b28-58cd-af06-95d9672a956c', 'S.MRUDHULA'),
  ('1715b6df-4581-53f6-848b-435663de37df', '7e8a6d53-4cc9-56c0-9892-437ca4607269', 'ASWITHA SHANKARI'),
  ('240aa47d-a54b-51b2-aa55-26a528519757', '0cc73bc4-5c1b-5379-a3b3-e0ad523143a3', 'SHANVITHA GANESH KUMAR'),
  ('9b8ec387-2899-54ff-a4f6-b1f2112dc7e2', '8c61fec8-40e9-572f-8ebd-4290dbdffbec', 'KUZHALINI'),
  ('0d4d1ca4-c06a-5024-a3f5-a5328726de9d', '0a7d596c-953f-50ff-9b5d-e2b9c441876c', 'LAKSHANYA.S'),
  ('fc925e7e-80b8-5009-8fc0-6c1909648d1d', '344b1543-dc60-5de6-a9fb-9ebbcde0d396', 'M.SAMYUKTHA'),
  ('4f8f0160-5133-54b5-9665-1d49bcb4cdda', '00000000-0000-0000-0000-0000000000a1', 'M.NILANI'),
  ('d9a3e42e-de9c-5776-9705-235d8a3e92db', '520633dd-1fc6-57f7-a2a8-29cfebf61e27', 'JERUSHA. B'),
  ('c8ac2b31-755f-5cb6-b6b3-c4f60043ee1d', '94865e3f-f207-576f-a008-056ce7cceef0', 'Ananya. N'),
  ('786c1d52-a5a2-58a7-918a-12346497f4a6', '5b5fdbb8-bd84-53b0-8f08-6f2a79cae3c4', 'MAHATHISRI T'),
  ('3202c1a0-bcdd-5bbc-8d25-4bf6208daa7c', '66c81804-ac7f-5ef3-81c6-684d5e64adb7', 'NIRALYA SATHEESH KUMAR'),
  ('b0c8c26c-2ad6-5f0b-a2da-0311868149da', 'a52a36ca-9b28-58cd-af06-95d9672a956c', 'DHAANYA SRI .P'),
  ('baee3eb5-ddc6-5885-b66b-399233cac820', '7469bc80-fd06-5028-8033-aeb9008a4507', 'JAYA HARINI'),
  ('14fd0c89-15e0-5159-99ed-aa05d38b5a54', '00000000-0000-0000-0000-0000000000a1', 'SHRUTIKA JADA'),
  ('08304721-91f8-549d-b29b-dba4ba0dfc19', '00000000-0000-0000-0000-0000000000a1', 'YHOSTHA S M'),
  ('0dad8f32-9c53-54f2-ad70-8ce29650da78', '344b1543-dc60-5de6-a9fb-9ebbcde0d396', 'SHIVITHA'),
  ('d5d830c2-e845-519d-8556-219713dae1ad', '7e8a6d53-4cc9-56c0-9892-437ca4607269', 'PRAGATI K'),
  ('14bdc993-49c3-5035-8dd5-6e3bbc1a6844', '7e8a6d53-4cc9-56c0-9892-437ca4607269', 'DHARSHINI R'),
  ('191e2171-6f1c-5730-95d7-398e91b4fb3c', '9e5798ac-57e7-543f-be64-1e9776770a2b', 'KRITHISHA S'),
  ('c8974c93-0f2f-5ff7-9bf0-d4ec480a1cd8', '9e5798ac-57e7-543f-be64-1e9776770a2b', 'ARKITA P'),
  ('cf9492b1-87d9-531a-9ee1-a71724faf920', 'bcf7b144-5b95-52fb-8445-5e2742610d55', 'AGIREENA A'),
  ('89209300-5ccd-5c64-9edf-9593fa5a34f0', '0ac41011-9d57-5ba2-9556-7590a8be8268', 'KUSHI KUVERA G V'),
  ('04f341c4-dd50-59bc-b19b-068db74ed6a1', '9e5798ac-57e7-543f-be64-1e9776770a2b', 'HAARSHINI PRABHU'),
  ('99c09439-3c59-5552-828c-baf45379a4f2', '7e8a6d53-4cc9-56c0-9892-437ca4607269', 'NITHILA AMUDHAN'),
  ('f1ee8c47-fcd9-50a6-b517-f57fb4bd8259', 'b86ceb48-7de2-5c75-a592-f977deb318a3', 'L. ISWARYA'),
  ('88065849-22e0-5a70-9caf-c334b76f7a2c', '93741827-dfe5-532f-b651-6f5066cae0d5', 'AKSHAY ANIRUDHAN'),
  ('122a68b7-4676-5abb-971c-2fdbd5d4f495', '8598a84d-d95a-587a-b1fd-d5c6a9ae9d39', 'S.P.DHARNESH'),
  ('df4a8487-15e0-5112-a386-8ac8af45e0e0', '344b1543-dc60-5de6-a9fb-9ebbcde0d396', 'R SABESH'),
  ('9f16a721-6dbc-58ed-a861-979e237a242b', '77d8aa22-3f2f-5813-8f61-99dac028ced0', 'ARAVINDDHATSAN.S'),
  ('58d885df-bcc4-56b8-83c5-aa5912057448', '8204b741-70c6-5870-8811-971a3166ce18', 'VASEHARAN M'),
  ('3d903293-379e-5c54-91b4-77eac72610d7', 'b86ceb48-7de2-5c75-a592-f977deb318a3', 'ALFAAZKHAN ABIKHAN'),
  ('f459be6e-b356-5cb8-9dc3-0ff85b0f7087', '96258415-96b1-5c54-bafc-eba2e199ce62', 'R.DHARUN KRISHNA'),
  ('bd087986-d611-5d55-b1bb-7580714bc765', '344b1543-dc60-5de6-a9fb-9ebbcde0d396', 'MOUNISH.V'),
  ('f9bb0125-da99-503a-8e76-74c9b9e06526', '7469bc80-fd06-5028-8033-aeb9008a4507', 'PRAKADEESWAR K'),
  ('f183b734-0077-56ee-8f67-c4786b949d88', '344b1543-dc60-5de6-a9fb-9ebbcde0d396', 'MOHNISH CHANDRASEKARAN'),
  ('e86ade20-99db-55b3-8964-536fd23ff6ee', '3b30b256-e903-5043-937c-4d5667cbff47', 'YUKESH M'),
  ('0129ed92-06c5-503c-b1d9-a13375c691db', '00000000-0000-0000-0000-0000000000a1', 'UDEEP RAJ'),
  ('ccc22d73-8ab7-56a5-a5fc-b44b8eb97c31', '0ac41011-9d57-5ba2-9556-7590a8be8268', 'KRISHNAN SRIRAM GURUMOORTHI'),
  ('b08be554-8934-5c37-93e7-d59762ae7bfa', '9e5798ac-57e7-543f-be64-1e9776770a2b', 'MOHAN KUMAR A'),
  ('2fcfb3e3-258e-5f0d-878f-51b0f76d15e5', '9e5798ac-57e7-543f-be64-1e9776770a2b', 'DUSHYANT PRABHU'),
  ('01ec8ac4-137f-5c56-a21d-882e7936b026', '00000000-0000-0000-0000-0000000000a1', 'MOHAMED FARHAAN S'),
  ('6b5a43ce-2e67-5d4d-8cca-8c014d51e1d0', '8204b741-70c6-5870-8811-971a3166ce18', 'B SAGAYA SITHIN'),
  ('6e0ccfd3-673f-5e5f-adc4-9b902f7cf799', 'b86ceb48-7de2-5c75-a592-f977deb318a3', 'M.S.NITHEESH'),
  ('8262f8d2-1023-5b10-9de2-bdb23f8d63c2', '00000000-0000-0000-0000-0000000000a1', 'R DHARSHAN'),
  ('3aaa84aa-c194-53a7-98c5-eedb1af77483', '344b1543-dc60-5de6-a9fb-9ebbcde0d396', 'R.SIDHARTH'),
  ('9be1e23d-e657-547c-b69c-a9d2110bfa05', '9e5798ac-57e7-543f-be64-1e9776770a2b', 'S SIDDAARTH'),
  ('070db686-08d0-5d07-a7a4-1c9ffa49fbbe', '8204b741-70c6-5870-8811-971a3166ce18', 'A NIKHIL KUMAR'),
  ('91dc06c8-e390-5ef4-8558-3264c80772be', '9e5798ac-57e7-543f-be64-1e9776770a2b', 'S KEERTHANA'),
  ('48829e1e-5d80-58ef-8740-296dedf6abdc', 'cf00c520-cf02-55ea-8867-f02644ec8045', 'YASHINI K'),
  ('17b1b4ca-2f5b-595c-a777-71d01521422f', '3b30b256-e903-5043-937c-4d5667cbff47', 'KARTHIKA'),
  ('94657da9-7d2e-5c67-9edf-eb7c7ee7613b', '00000000-0000-0000-0000-0000000000a1', 'PRANAVI RAMU'),
  ('85e8e5a8-f22a-5a8c-9dc6-6da443a7d28d', '68434c3c-9e49-5c11-a09a-2a041a339b64', 'Navabharath PRATHIKSHA N'),
  ('bbdca345-0f26-5d7f-a329-9a9c59c69f5c', 'bcf7b144-5b95-52fb-8445-5e2742610d55', 'RAJESHWARI MURUGAN'),
  ('ceac31cf-6fe3-5855-9b23-256f65f17c64', '9e5798ac-57e7-543f-be64-1e9776770a2b', 'S V HASINI'),
  ('939ac102-90b7-5cb3-83a8-282b69a9c7cc', '3841ae30-9d74-5f13-bbd3-783a3e346791', 'St.Brittos SHREENITHI NATESAN'),
  ('77d758a1-2944-5350-892a-d6c243a07490', '8204b741-70c6-5870-8811-971a3166ce18', 'C SAHAYA RANCE'),
  ('d9d6d53d-de03-5d08-8549-52c41fa49ca0', '00000000-0000-0000-0000-0000000000a1', 'S R PRATHIBA'),
  ('adb8f7f8-ead6-5aca-ae25-34dc09b806f3', '344b1543-dc60-5de6-a9fb-9ebbcde0d396', 'KAMALIKA .D'),
  ('18fd6857-82d9-5169-bc2e-df9d311f946f', '4c684b5a-5ac6-53ee-a81e-980f4080f0fb', 'K.SRUTHI'),
  ('21b2818f-bdf6-5879-a5cf-01b2c7858c0f', 'bcf7b144-5b95-52fb-8445-5e2742610d55', 'AGILESH'),
  ('819f6eb2-6a8e-5d65-ad77-c285bb200be4', 'cf00c520-cf02-55ea-8867-f02644ec8045', 'NITHIN S'),
  ('aab754ac-0831-5a0f-bcb6-c28e82207e55', '7b68af26-f292-5ac6-b7f1-5f4338031c35', 'S.PRADEEP'),
  ('d0101fcc-6bdf-542a-8fea-1050273c7939', '0ac41011-9d57-5ba2-9556-7590a8be8268', 'SOORYA NANDHAKUMAR'),
  ('77672e2c-6649-5bc3-8a4f-06fe474ebc59', '8598a84d-d95a-587a-b1fd-d5c6a9ae9d39', 'M.PRIYA DHARSAN'),
  ('81936892-86ee-5f9e-a49f-222f38a65f94', '4c684b5a-5ac6-53ee-a81e-980f4080f0fb', 'ADHISH'),
  ('bd97e89a-e0eb-5028-a61c-3a75c8cf4e22', '344b1543-dc60-5de6-a9fb-9ebbcde0d396', 'S. HARI PRASATH'),
  ('d2b7a0be-e9d9-5137-a117-fd8eaa73e478', '00000000-0000-0000-0000-0000000000a1', 'ASHWATH ARJUN'),
  ('082e0969-7509-551b-bdab-bdea3c333d2b', '344b1543-dc60-5de6-a9fb-9ebbcde0d396', 'SRIRAM'),
  ('bdfcfd07-0b45-53c4-8207-f10b329d55c2', 'ed88d3bc-c065-5209-9304-730080420f1e', 'B.RITHISH'),
  ('e09d6f68-d9f3-5b2f-ae4a-78bcd0f006f4', 'b86ceb48-7de2-5c75-a592-f977deb318a3', 'T. UDHAYAVEL'),
  ('96dc396d-a53b-52a4-98d1-9a8bdd04b0d4', '8204b741-70c6-5870-8811-971a3166ce18', 'S MARIO JOVISH'),
  ('7adbcebc-667a-5812-979a-2e61d941ef0e', '5b5fdbb8-bd84-53b0-8f08-6f2a79cae3c4', 'B BHARATH NIRANJAN'),
  ('2b7e0a12-b278-571e-acb5-3ca3d1b37645', '96258415-96b1-5c54-bafc-eba2e199ce62', 'J.P.DHIVITH KRISHNA'),
  ('3d946b7e-4740-5ab1-bcba-5e64de013b25', '00000000-0000-0000-0000-0000000000a1', 'KAVIN'),
  ('91d10149-1da7-523b-a63c-a0cf76cfc376', '40f21282-0ed9-5061-91b0-2b7320fa6cb7', 'KAVISH YOGESH'),
  ('d38aadad-3ce5-5fbd-ab57-48aa1b6f4e0f', 'b86ceb48-7de2-5c75-a592-f977deb318a3', 'S. ABINESH'),
  ('8d706903-6208-5751-a012-527bd0a90de8', 'b853f2f0-09a5-5287-adf4-c2cd3385e5f2', 'VISHWA B'),
  ('9b5ee1b4-f8b7-573a-9dd7-afce66c26ebc', '344b1543-dc60-5de6-a9fb-9ebbcde0d396', 'C INIYAN'),
  ('653efbc9-5299-5cfc-a2b9-459933343725', 'b86ceb48-7de2-5c75-a592-f977deb318a3', 'L. KISHANTH'),
  ('38b00335-14ab-5320-a155-2307a5836bb5', '8204b741-70c6-5870-8811-971a3166ce18', 'MAGIZH P S'),
  ('37923a12-6255-5a8f-985c-972054b09145', '344b1543-dc60-5de6-a9fb-9ebbcde0d396', 'R.KANISH'),
  ('c98bb15d-1980-5958-800d-6a65d9d88b97', '7e8a6d53-4cc9-56c0-9892-437ca4607269', 'A R MADHUSUDANAN'),
  ('91730ff5-019f-562f-b9a3-96b98ce1a796', '4cf02ded-3103-5c97-9b7a-06ee026686d7', 'RAVEEN KUMAR .S'),
  ('c03cc89a-54c4-5f78-b06e-c5c7f87c6d64', '8598a84d-d95a-587a-b1fd-d5c6a9ae9d39', 'ADITHYAMANISH M'),
  ('c9c230b0-66a7-5099-8aef-c7e5560c33cc', '9e5798ac-57e7-543f-be64-1e9776770a2b', 'KRISHANG. V'),
  ('86a1da35-0573-5e36-9a01-903e4f41f25f', '670e7863-fbe3-576a-bba6-b2d1689f1216', 'A.MITHUN'),
  ('3ee44ea6-22c5-5ada-a299-e58b7e09a5d7', '344b1543-dc60-5de6-a9fb-9ebbcde0d396', 'P.R.SHABARISH VISWANATHAN'),
  ('976c1f92-c64a-55e6-b11c-796a5e9e3abe', '8204b741-70c6-5870-8811-971a3166ce18', 'J THANISH JESUA'),
  ('533fb973-448c-5402-b01a-e1d6f6c0413e', '344b1543-dc60-5de6-a9fb-9ebbcde0d396', 'R. PRANAV'),
  ('c32df89d-edef-5f51-b783-76026b0f2a99', '8204b741-70c6-5870-8811-971a3166ce18', 'RUTHRESH KRISHNA K .G'),
  ('ce780c61-7e24-5a2a-8e20-db07f44eeebe', 'e85bf284-fd8f-5e64-b555-c134fef0064e', 'T.P.MAANAV RAM'),
  ('25a81233-e604-52d0-b90f-eb6e49c51ac5', '96258415-96b1-5c54-bafc-eba2e199ce62', 'R.SANJANA SRI'),
  ('e2f04340-1464-5e2a-bd6f-e1e79ff351c5', '00000000-0000-0000-0000-0000000000a1', 'S.G SHRI NIDHI'),
  ('206a3913-b335-5e55-8858-d8b3beab3f46', 'e85bf284-fd8f-5e64-b555-c134fef0064e', 'LOUKYA BALAJI'),
  ('7f5c58ff-901d-52e8-9615-37cb0b641cba', '8204b741-70c6-5870-8811-971a3166ce18', 'V.ASHVITHAA'),
  ('4ea01d0c-4e2b-5d54-bb28-c77216d37716', '93741827-dfe5-532f-b651-6f5066cae0d5', 'SARAH SINOSH'),
  ('4f246c6a-09b1-51e3-8a7a-0dc86b451518', '7469bc80-fd06-5028-8033-aeb9008a4507', 'PREETHIKA'),
  ('87a27358-5e09-5ecf-9ac8-08b02a349cb8', '00000000-0000-0000-0000-0000000000a1', 'HAASINI R'),
  ('1be847de-7459-5e88-a10c-55de90b1e04c', '96258415-96b1-5c54-bafc-eba2e199ce62', 'S.AMIZHTHINI'),
  ('da025c23-4a8d-5417-9638-0cee46b05f0d', '00000000-0000-0000-0000-0000000000a1', 'SIDDHI GUPTA'),
  ('692b46f9-9350-5645-aeba-cd97e0178e98', '60d1d7c1-dae0-5aa4-a9a5-47629f3ec8db', 'VASUNDHARA BALAKUMAR'),
  ('fdbb278f-b916-5598-b73e-2a94738c6d2a', '7e8a6d53-4cc9-56c0-9892-437ca4607269', 'V G DHARSHINI'),
  ('23f457a4-1734-56c1-aeca-432ce536e7e4', '8c61fec8-40e9-572f-8ebd-4290dbdffbec', 'ABHIRAAMI SR'),
  ('f8dc00bb-653f-5dde-a93a-90d242010ad5', '344b1543-dc60-5de6-a9fb-9ebbcde0d396', 'S NEHA'),
  ('c2547ad6-eb3a-5b3c-a6c9-d8b3b6a8798a', '344b1543-dc60-5de6-a9fb-9ebbcde0d396', 'SHRI HARINI'),
  ('67cde782-e3ee-58d8-b77c-6b9161424a9c', '9e5798ac-57e7-543f-be64-1e9776770a2b', 'SURANJANASRI.P'),
  ('b73958e5-c368-5e56-b35e-1562c2d1dacc', 'e85bf284-fd8f-5e64-b555-c134fef0064e', 'SANA SHREE. V'),
  ('39b2dae7-42d3-5e4a-91fb-987ba8632a2c', '344b1543-dc60-5de6-a9fb-9ebbcde0d396', 'SOWJANYA B'),
  ('40c1a9b3-7a52-5f68-8420-c1126bad94b4', '0ac41011-9d57-5ba2-9556-7590a8be8268', 'S K KANISHKA'),
  ('315791e9-ffe9-5dc9-ac52-f340153dee63', '60d1d7c1-dae0-5aa4-a9a5-47629f3ec8db', 'ANANYA VENKATESAN'),
  ('1a920a98-a9a6-5732-ba27-32a2129cddec', '344b1543-dc60-5de6-a9fb-9ebbcde0d396', 'G S KEERTHI MAHALAKSHMI');

insert into scheduled_heats (id, event_id, heat_no, source_file_id) values
  ('d4a76f33-47bc-530e-8449-c74967a820ca', '2cb6d703-96d5-55f4-9386-40401e04e250', 1, '75445ce5-7ae7-5615-8a3a-7cc42f4d7ae6'),
  ('6155b021-9805-5e68-bd03-b76c0e88b01d', '2cb6d703-96d5-55f4-9386-40401e04e250', 2, '75445ce5-7ae7-5615-8a3a-7cc42f4d7ae6'),
  ('2947e8f4-da2a-5ed3-8b6d-94800ae5d5c2', '2cb6d703-96d5-55f4-9386-40401e04e250', 3, '75445ce5-7ae7-5615-8a3a-7cc42f4d7ae6'),
  ('25605518-15a9-5dbd-9b32-16cffc4e5a71', '041f1af5-9747-5d75-8b8e-52db1a6d7ead', 1, '75445ce5-7ae7-5615-8a3a-7cc42f4d7ae6'),
  ('386ecfde-59a5-5b4b-83ff-f226e5341212', 'dadce8fa-f58c-5ca1-b6a9-aa2acd006382', 1, '75445ce5-7ae7-5615-8a3a-7cc42f4d7ae6'),
  ('d4fae673-67dd-5413-b363-84557268b96a', 'dadce8fa-f58c-5ca1-b6a9-aa2acd006382', 2, '75445ce5-7ae7-5615-8a3a-7cc42f4d7ae6'),
  ('39b4e0d4-2b11-5bdc-8658-b86c838892de', 'dadce8fa-f58c-5ca1-b6a9-aa2acd006382', 3, '75445ce5-7ae7-5615-8a3a-7cc42f4d7ae6'),
  ('efbfba7b-cfc7-519c-807f-2713dc70ae03', 'dadce8fa-f58c-5ca1-b6a9-aa2acd006382', 4, '75445ce5-7ae7-5615-8a3a-7cc42f4d7ae6'),
  ('97b65dc4-3b68-53ed-a54e-91cbdd98b91e', 'dadce8fa-f58c-5ca1-b6a9-aa2acd006382', 5, '75445ce5-7ae7-5615-8a3a-7cc42f4d7ae6'),
  ('a99742ae-b1c9-57c1-b113-f3c0957fc89f', 'dadce8fa-f58c-5ca1-b6a9-aa2acd006382', 6, '75445ce5-7ae7-5615-8a3a-7cc42f4d7ae6'),
  ('360db3e1-d100-5563-b1ef-449c71fb4b58', 'd97a8cb0-04a4-5606-8261-b42f60b241fb', 1, '75445ce5-7ae7-5615-8a3a-7cc42f4d7ae6'),
  ('44bead45-6959-547a-a0ce-e1a79cbd00ce', 'd97a8cb0-04a4-5606-8261-b42f60b241fb', 2, '75445ce5-7ae7-5615-8a3a-7cc42f4d7ae6'),
  ('62155215-97fa-532c-9c8f-10dbdde60e56', 'd97a8cb0-04a4-5606-8261-b42f60b241fb', 3, '75445ce5-7ae7-5615-8a3a-7cc42f4d7ae6'),
  ('7e9ca57c-26f3-53e7-99ee-a86443c08fef', 'd97a8cb0-04a4-5606-8261-b42f60b241fb', 4, '75445ce5-7ae7-5615-8a3a-7cc42f4d7ae6'),
  ('c70a783d-6b67-50d4-8414-58b614cb8886', 'f53ebe25-0db8-5d40-8037-685efb85e9d8', 1, '75445ce5-7ae7-5615-8a3a-7cc42f4d7ae6'),
  ('4c7811d0-352f-5a47-9ce3-6756ef9a2053', 'f53ebe25-0db8-5d40-8037-685efb85e9d8', 2, '75445ce5-7ae7-5615-8a3a-7cc42f4d7ae6'),
  ('0dfb898f-821e-5dcb-8b6f-4a3831aa23c9', 'f53ebe25-0db8-5d40-8037-685efb85e9d8', 3, '75445ce5-7ae7-5615-8a3a-7cc42f4d7ae6'),
  ('58722305-01ed-5f45-a127-62a4dc186d3a', 'dd37a8e5-e6db-5f97-81f0-8443e3948745', 1, '75445ce5-7ae7-5615-8a3a-7cc42f4d7ae6'),
  ('eaaa47d3-d965-5641-a091-0030f7006b0b', 'dd37a8e5-e6db-5f97-81f0-8443e3948745', 2, '75445ce5-7ae7-5615-8a3a-7cc42f4d7ae6'),
  ('83537599-cdd9-556c-9a25-280cc7ee0014', '98fc27c6-12e9-537e-bc3e-72d7deccb066', 1, '75445ce5-7ae7-5615-8a3a-7cc42f4d7ae6'),
  ('0d162fda-6bdf-522c-9874-0fd6d2f5b308', '98fc27c6-12e9-537e-bc3e-72d7deccb066', 2, '75445ce5-7ae7-5615-8a3a-7cc42f4d7ae6'),
  ('fbe317f3-1b79-56cb-bd98-0b396d8761a3', '98fc27c6-12e9-537e-bc3e-72d7deccb066', 3, '75445ce5-7ae7-5615-8a3a-7cc42f4d7ae6'),
  ('4448e723-81f9-589b-857b-b4b482d63e82', '1cb462cc-db7d-5e4f-a82e-f148e40e7fc6', 1, '75445ce5-7ae7-5615-8a3a-7cc42f4d7ae6'),
  ('34a21d98-63aa-5086-8c34-81bf597b3107', '1cb462cc-db7d-5e4f-a82e-f148e40e7fc6', 2, '75445ce5-7ae7-5615-8a3a-7cc42f4d7ae6'),
  ('6587fc54-9d9b-5e5b-baaf-1c6653d1fc75', 'ffe0fde1-151b-53d1-b4c1-16bbb08eaee2', 1, '75445ce5-7ae7-5615-8a3a-7cc42f4d7ae6'),
  ('a9a639f0-9c5d-5898-86c7-8ccdc69bdee1', 'ffe0fde1-151b-53d1-b4c1-16bbb08eaee2', 2, '75445ce5-7ae7-5615-8a3a-7cc42f4d7ae6'),
  ('c36c3404-7d12-5cfa-b925-90e85b565488', 'ffe0fde1-151b-53d1-b4c1-16bbb08eaee2', 3, '75445ce5-7ae7-5615-8a3a-7cc42f4d7ae6'),
  ('c103c37e-8ac4-5422-9e84-ad48adccd843', 'ac961c0c-9e78-5eed-a084-cd5490a054fa', 1, '75445ce5-7ae7-5615-8a3a-7cc42f4d7ae6'),
  ('5dd641ea-99cc-5ddc-b2a7-ec109e55873b', 'ac961c0c-9e78-5eed-a084-cd5490a054fa', 2, '75445ce5-7ae7-5615-8a3a-7cc42f4d7ae6'),
  ('4ed2d6e0-62fa-5107-8be7-54c9af99f4ad', 'd1ec44b0-a127-5413-9df9-f58c43d3826c', 1, '75445ce5-7ae7-5615-8a3a-7cc42f4d7ae6'),
  ('2581521d-5bdb-5856-b2ad-6a15293d7f95', 'd1ec44b0-a127-5413-9df9-f58c43d3826c', 2, '75445ce5-7ae7-5615-8a3a-7cc42f4d7ae6'),
  ('ebec1bb9-7188-553c-bdfd-b8e530a208e1', 'd1ec44b0-a127-5413-9df9-f58c43d3826c', 3, '75445ce5-7ae7-5615-8a3a-7cc42f4d7ae6'),
  ('b642d779-2977-591b-8b58-30060c746434', 'd1ec44b0-a127-5413-9df9-f58c43d3826c', 4, '75445ce5-7ae7-5615-8a3a-7cc42f4d7ae6'),
  ('efcc5702-519a-505a-a15f-00c789c4c9bc', 'd1ec44b0-a127-5413-9df9-f58c43d3826c', 5, '75445ce5-7ae7-5615-8a3a-7cc42f4d7ae6'),
  ('a00d2201-e35d-53d5-8590-4bcfc1790d83', 'd1ec44b0-a127-5413-9df9-f58c43d3826c', 6, '75445ce5-7ae7-5615-8a3a-7cc42f4d7ae6'),
  ('82ec3ff3-d7a3-5323-85e1-7c9cadeb88e2', 'd1ec44b0-a127-5413-9df9-f58c43d3826c', 7, '75445ce5-7ae7-5615-8a3a-7cc42f4d7ae6'),
  ('70a556f5-2661-5d48-b2dc-e8f74195e04f', 'd1ec44b0-a127-5413-9df9-f58c43d3826c', 8, '75445ce5-7ae7-5615-8a3a-7cc42f4d7ae6'),
  ('16e36e62-baa0-566a-9001-1c38630f6d00', 'd1ec44b0-a127-5413-9df9-f58c43d3826c', 9, '75445ce5-7ae7-5615-8a3a-7cc42f4d7ae6'),
  ('390a7440-686c-5057-884e-b3ebd4c50308', '6425a4fd-f000-56ef-b471-b416626db9cf', 1, '75445ce5-7ae7-5615-8a3a-7cc42f4d7ae6'),
  ('7c880ce3-c0d5-5d88-8a7b-963b472de68a', '6425a4fd-f000-56ef-b471-b416626db9cf', 2, '75445ce5-7ae7-5615-8a3a-7cc42f4d7ae6'),
  ('d0d3307a-7b5f-5713-8235-f6492b63cf85', '6425a4fd-f000-56ef-b471-b416626db9cf', 3, '75445ce5-7ae7-5615-8a3a-7cc42f4d7ae6'),
  ('22a19934-6fc2-5a88-b413-3a2aa57f73bb', '6425a4fd-f000-56ef-b471-b416626db9cf', 4, '75445ce5-7ae7-5615-8a3a-7cc42f4d7ae6'),
  ('99ecce84-94e5-507a-a265-d766ea91c2fc', '6425a4fd-f000-56ef-b471-b416626db9cf', 5, '75445ce5-7ae7-5615-8a3a-7cc42f4d7ae6'),
  ('cf1a7228-a2eb-5d86-abbd-2a22060dee72', 'ef53ab36-eaa3-5990-a3fe-dd497f63391c', 1, '75445ce5-7ae7-5615-8a3a-7cc42f4d7ae6'),
  ('db399dfe-2e3b-5c1f-9282-48c812fd438e', 'ef53ab36-eaa3-5990-a3fe-dd497f63391c', 2, '75445ce5-7ae7-5615-8a3a-7cc42f4d7ae6'),
  ('2dd97d53-56c8-571c-b78d-a7a96c861f80', 'ef53ab36-eaa3-5990-a3fe-dd497f63391c', 3, '75445ce5-7ae7-5615-8a3a-7cc42f4d7ae6'),
  ('34653923-0b60-54f3-839f-bc1e02487fe9', 'ef53ab36-eaa3-5990-a3fe-dd497f63391c', 4, '75445ce5-7ae7-5615-8a3a-7cc42f4d7ae6'),
  ('92fc1d76-1875-5e2a-a6e2-87743eaa8abe', 'ef53ab36-eaa3-5990-a3fe-dd497f63391c', 5, '75445ce5-7ae7-5615-8a3a-7cc42f4d7ae6'),
  ('6db070bf-4686-504c-bd1c-9b5800c8fac3', 'ef53ab36-eaa3-5990-a3fe-dd497f63391c', 6, '75445ce5-7ae7-5615-8a3a-7cc42f4d7ae6'),
  ('d5c7a8b3-f31c-532b-b95f-fac86bdd423f', 'ef53ab36-eaa3-5990-a3fe-dd497f63391c', 7, '75445ce5-7ae7-5615-8a3a-7cc42f4d7ae6'),
  ('e5c483c8-4512-5f5e-94cf-70c25c234304', 'ef53ab36-eaa3-5990-a3fe-dd497f63391c', 8, '75445ce5-7ae7-5615-8a3a-7cc42f4d7ae6'),
  ('e86d86ba-1ff7-5901-80d0-46bce5e42e8f', 'f0d7d6b9-1f37-5f91-84db-1163a7c1f70b', 1, '75445ce5-7ae7-5615-8a3a-7cc42f4d7ae6'),
  ('84730895-915a-54d5-b509-df6948d522f4', 'f0d7d6b9-1f37-5f91-84db-1163a7c1f70b', 2, '75445ce5-7ae7-5615-8a3a-7cc42f4d7ae6'),
  ('2a2940a8-1fe6-53aa-a259-dbf728718967', 'f0d7d6b9-1f37-5f91-84db-1163a7c1f70b', 3, '75445ce5-7ae7-5615-8a3a-7cc42f4d7ae6'),
  ('7cc05941-0c81-57c6-987c-b6b7c186f16a', 'f0d7d6b9-1f37-5f91-84db-1163a7c1f70b', 4, '75445ce5-7ae7-5615-8a3a-7cc42f4d7ae6'),
  ('8766fb60-8a47-5f96-9388-3f0be6dd169e', 'f0d7d6b9-1f37-5f91-84db-1163a7c1f70b', 5, '75445ce5-7ae7-5615-8a3a-7cc42f4d7ae6'),
  ('eb1c0007-9341-5563-a40e-4f3bdaf9257a', 'f0d7d6b9-1f37-5f91-84db-1163a7c1f70b', 6, '75445ce5-7ae7-5615-8a3a-7cc42f4d7ae6'),
  ('d80d6524-e8d1-567c-be6c-23a488e88535', 'a1b5bc41-5ce5-50b2-ad14-5959454968b9', 1, '75445ce5-7ae7-5615-8a3a-7cc42f4d7ae6'),
  ('864a5c6b-8109-51f9-b74e-deff58078a94', 'a1b5bc41-5ce5-50b2-ad14-5959454968b9', 2, '75445ce5-7ae7-5615-8a3a-7cc42f4d7ae6'),
  ('4c9bc318-c440-554b-9763-adf4551a7448', 'a1b5bc41-5ce5-50b2-ad14-5959454968b9', 3, '75445ce5-7ae7-5615-8a3a-7cc42f4d7ae6'),
  ('ecd438f3-0040-59a5-a49d-1bf4154cc8c0', 'a1b5bc41-5ce5-50b2-ad14-5959454968b9', 4, '75445ce5-7ae7-5615-8a3a-7cc42f4d7ae6'),
  ('04e2a4ca-fbdb-55fe-9fc7-1433e2127221', 'a1b5bc41-5ce5-50b2-ad14-5959454968b9', 5, '75445ce5-7ae7-5615-8a3a-7cc42f4d7ae6'),
  ('4b197782-c862-54fb-ac24-df998f0ee5cb', 'a1b5bc41-5ce5-50b2-ad14-5959454968b9', 6, '75445ce5-7ae7-5615-8a3a-7cc42f4d7ae6'),
  ('bf11bb56-3cc3-5f0d-88d0-306f280ee9f5', 'a1b5bc41-5ce5-50b2-ad14-5959454968b9', 7, '75445ce5-7ae7-5615-8a3a-7cc42f4d7ae6'),
  ('6cce8972-38e6-5555-b9df-26da93caf273', 'c454a137-f22e-5b8a-932e-2f5839382b13', 1, '75445ce5-7ae7-5615-8a3a-7cc42f4d7ae6'),
  ('2e47edb3-dfc9-5bce-ade2-a3bd7c711da3', 'c454a137-f22e-5b8a-932e-2f5839382b13', 2, '75445ce5-7ae7-5615-8a3a-7cc42f4d7ae6'),
  ('9e69960e-e6dc-54de-b0af-268531b994b7', 'c454a137-f22e-5b8a-932e-2f5839382b13', 3, '75445ce5-7ae7-5615-8a3a-7cc42f4d7ae6'),
  ('22982352-3e50-5e90-8057-99c99fd6081a', 'c454a137-f22e-5b8a-932e-2f5839382b13', 4, '75445ce5-7ae7-5615-8a3a-7cc42f4d7ae6'),
  ('bd3ace16-e200-5d12-ba00-b91b685c4680', '9e891f41-58f9-50b6-9775-562d1ad5e664', 1, '75445ce5-7ae7-5615-8a3a-7cc42f4d7ae6'),
  ('9384c98c-e628-5418-b693-9de11bf92149', '9e891f41-58f9-50b6-9775-562d1ad5e664', 2, '75445ce5-7ae7-5615-8a3a-7cc42f4d7ae6'),
  ('5843c642-9769-5623-9840-372f8fbc2f19', '9e891f41-58f9-50b6-9775-562d1ad5e664', 3, '75445ce5-7ae7-5615-8a3a-7cc42f4d7ae6'),
  ('049276b8-20a3-5b0c-9546-4bc91e7108e1', '9e891f41-58f9-50b6-9775-562d1ad5e664', 4, '75445ce5-7ae7-5615-8a3a-7cc42f4d7ae6'),
  ('3f8a41bb-2759-5c20-96ae-08d9fb25195a', '9e891f41-58f9-50b6-9775-562d1ad5e664', 5, '75445ce5-7ae7-5615-8a3a-7cc42f4d7ae6'),
  ('47978eb2-4c0a-5914-9f58-f6e359a85110', '9e891f41-58f9-50b6-9775-562d1ad5e664', 6, '75445ce5-7ae7-5615-8a3a-7cc42f4d7ae6'),
  ('4bb14b12-cddf-5efe-b665-be3a2437e9d0', '9e891f41-58f9-50b6-9775-562d1ad5e664', 7, '75445ce5-7ae7-5615-8a3a-7cc42f4d7ae6'),
  ('f12922bf-6e0a-510f-89b2-1b257f9892f9', '9e891f41-58f9-50b6-9775-562d1ad5e664', 8, '75445ce5-7ae7-5615-8a3a-7cc42f4d7ae6'),
  ('cf7871c7-2080-587a-a1cf-fe35c162d855', '9e891f41-58f9-50b6-9775-562d1ad5e664', 9, '75445ce5-7ae7-5615-8a3a-7cc42f4d7ae6'),
  ('b4a29f56-fd0c-5d91-abd6-99007b7a5903', '9e891f41-58f9-50b6-9775-562d1ad5e664', 10, '75445ce5-7ae7-5615-8a3a-7cc42f4d7ae6'),
  ('d57863ca-4fbb-5c9f-9391-298a1b4b9650', '9e891f41-58f9-50b6-9775-562d1ad5e664', 11, '75445ce5-7ae7-5615-8a3a-7cc42f4d7ae6'),
  ('02a0835e-3d7e-5bbc-9d4a-20d07b93171c', 'a8017a35-9ad6-5f48-9845-e8c376a38b90', 1, '75445ce5-7ae7-5615-8a3a-7cc42f4d7ae6'),
  ('1c05fb07-6b45-52d1-bf9b-1951533878c0', 'a8017a35-9ad6-5f48-9845-e8c376a38b90', 2, '75445ce5-7ae7-5615-8a3a-7cc42f4d7ae6'),
  ('0989b76b-e56f-55c6-bd7e-9a7e45bcd4c8', 'a8017a35-9ad6-5f48-9845-e8c376a38b90', 3, '75445ce5-7ae7-5615-8a3a-7cc42f4d7ae6'),
  ('ec7bc3f0-064e-51dc-beca-c870f6201c52', 'a8017a35-9ad6-5f48-9845-e8c376a38b90', 4, '75445ce5-7ae7-5615-8a3a-7cc42f4d7ae6'),
  ('331e69b7-32db-5e5f-a0cf-79ebb660c507', 'a8017a35-9ad6-5f48-9845-e8c376a38b90', 5, '75445ce5-7ae7-5615-8a3a-7cc42f4d7ae6'),
  ('acddbfc7-5793-5238-b977-27c3b0ae6789', '2643760c-af5e-553d-a387-fccfabf164d7', 1, '75445ce5-7ae7-5615-8a3a-7cc42f4d7ae6'),
  ('15847366-d3e5-503e-ba56-56d9a67e7160', '2643760c-af5e-553d-a387-fccfabf164d7', 2, '75445ce5-7ae7-5615-8a3a-7cc42f4d7ae6'),
  ('2b9ffc9c-d8a1-5f46-86df-8d3643f5f86f', '2643760c-af5e-553d-a387-fccfabf164d7', 3, '75445ce5-7ae7-5615-8a3a-7cc42f4d7ae6'),
  ('4638f59d-72a4-5a4d-8e95-5880adecd508', '9fa58547-44c1-52cc-bffc-c77ae741a3e7', 1, '75445ce5-7ae7-5615-8a3a-7cc42f4d7ae6'),
  ('cc559862-e383-582a-b3cb-2817ef4a2cd8', '9fa58547-44c1-52cc-bffc-c77ae741a3e7', 2, '75445ce5-7ae7-5615-8a3a-7cc42f4d7ae6'),
  ('c9a996e1-e0cb-5a7e-b899-28b11249c8b2', '61e9c487-3520-5cf7-8e9f-f0d8685f6780', 1, '75445ce5-7ae7-5615-8a3a-7cc42f4d7ae6'),
  ('f3f6032c-81e8-5e7a-9c53-f49770896e0f', '61e9c487-3520-5cf7-8e9f-f0d8685f6780', 2, '75445ce5-7ae7-5615-8a3a-7cc42f4d7ae6'),
  ('cdac0f16-0025-5247-b201-daa2a5f2dc9b', '61e9c487-3520-5cf7-8e9f-f0d8685f6780', 3, '75445ce5-7ae7-5615-8a3a-7cc42f4d7ae6'),
  ('d9d780f2-3b1b-565f-9676-d511cd7feb24', '61e9c487-3520-5cf7-8e9f-f0d8685f6780', 4, '75445ce5-7ae7-5615-8a3a-7cc42f4d7ae6'),
  ('36b8a8da-cdf0-5781-8972-a8c1b7fdd3c5', '61e9c487-3520-5cf7-8e9f-f0d8685f6780', 5, '75445ce5-7ae7-5615-8a3a-7cc42f4d7ae6'),
  ('eb8a9d6b-ad56-5d1e-8532-340eda585db1', '96228553-05e3-53e7-918a-c5151ce582ad', 1, '75445ce5-7ae7-5615-8a3a-7cc42f4d7ae6'),
  ('832b270c-2857-5a84-b6a3-1c3a60cfccdb', '96228553-05e3-53e7-918a-c5151ce582ad', 2, '75445ce5-7ae7-5615-8a3a-7cc42f4d7ae6'),
  ('c228e58d-3928-5d3e-947d-ba1fd65213ae', '96228553-05e3-53e7-918a-c5151ce582ad', 3, '75445ce5-7ae7-5615-8a3a-7cc42f4d7ae6'),
  ('a2f45793-e528-5f1c-a42f-9fae5b784336', '0c2c5a27-b8ff-5f32-92d0-2a2eea5283f2', 1, '75445ce5-7ae7-5615-8a3a-7cc42f4d7ae6'),
  ('67dad927-1fe9-583e-8b98-6c4c536bce29', '58a507cf-80d4-5842-91c8-d25adbe41983', 1, '75445ce5-7ae7-5615-8a3a-7cc42f4d7ae6'),
  ('6fa21e42-3ec2-512f-87db-1b5c2feab52f', 'afe373e3-4a9e-53e1-9756-29f06427cb3e', 1, '75445ce5-7ae7-5615-8a3a-7cc42f4d7ae6'),
  ('671e48d2-2dc1-54d6-a919-575ffc89d891', '146b0c39-e77a-5eb6-bfd8-6c5c84904ff3', 1, '75445ce5-7ae7-5615-8a3a-7cc42f4d7ae6');

insert into scheduled_lanes (id, scheduled_heat_id, lane_no, swimmer_id, team_id, seed_time_ms) values
  ('1f82fc0a-9217-5eec-8461-8d28eea80fc1', 'd4a76f33-47bc-530e-8449-c74967a820ca', 3, '8ed3bd50-105c-5299-8bf6-5d95c4bbb92e', '00000000-0000-0000-0000-0000000000a1', null),
  ('240620c2-2739-5c72-90b1-8ffdf46e0799', 'd4a76f33-47bc-530e-8449-c74967a820ca', 4, 'a58613af-0913-58c8-94e3-d1a92523867e', '344b1543-dc60-5de6-a9fb-9ebbcde0d396', null),
  ('e29281e6-f756-5283-bc3e-c2a4c3b4b492', 'd4a76f33-47bc-530e-8449-c74967a820ca', 5, 'a039e930-0554-5e6f-ac15-e581526a2d50', '344b1543-dc60-5de6-a9fb-9ebbcde0d396', null),
  ('2d52ddf3-bf77-53f9-8b2f-19c96ae8bbde', 'd4a76f33-47bc-530e-8449-c74967a820ca', 6, 'e23ac769-d7b3-55c4-bde9-894bca8fcbfd', 'dd916008-60fc-544b-8325-111cbf8ba73f', null),
  ('5ff63ff4-bcf3-5529-a64f-9244a95fce9b', '6155b021-9805-5e68-bd03-b76c0e88b01d', 1, '9489f9fb-292d-5fdb-af8f-d3dbd0ce61ee', '5339cd0b-df75-5acc-8d4e-39892d4c9dc6', null),
  ('bdf1b472-97f5-50a4-b065-73d919ac9f32', '6155b021-9805-5e68-bd03-b76c0e88b01d', 2, '8aa623a0-6afa-5b9a-852f-b518e4f44de3', '93741827-dfe5-532f-b651-6f5066cae0d5', null),
  ('e222a792-d12e-52c6-8758-78a79f7359ac', '6155b021-9805-5e68-bd03-b76c0e88b01d', 3, '0038c206-9d81-5eb2-81c6-1a176d9f0ffd', 'ed88d3bc-c065-5209-9304-730080420f1e', null),
  ('6630112d-fb6a-5959-97a2-2294e4f8eed2', '6155b021-9805-5e68-bd03-b76c0e88b01d', 4, 'b25800c3-f374-5422-8cb5-3590c2992182', '8c61fec8-40e9-572f-8ebd-4290dbdffbec', null),
  ('7f397c04-1c3c-5209-871f-f6db9f81e9fc', '6155b021-9805-5e68-bd03-b76c0e88b01d', 5, 'c0474b09-cdc5-5f74-9969-2112a912a5fd', '7469bc80-fd06-5028-8033-aeb9008a4507', null),
  ('fadeb0f8-8c83-5f35-80d3-cccb4286ebe5', '6155b021-9805-5e68-bd03-b76c0e88b01d', 6, 'c1495024-33be-5bb0-a40f-6925ad0e8cc6', '94865e3f-f207-576f-a008-056ce7cceef0', null),
  ('c17bc797-185a-50b5-beb1-af000c1f16ef', '6155b021-9805-5e68-bd03-b76c0e88b01d', 7, '58749548-1ab8-52ba-9f8b-6ba34dd9a9c2', '65131d90-d492-5e78-be57-0674fc108c6f', null),
  ('2d4e1946-4eaa-50b7-8ed8-00d1a96feff8', '6155b021-9805-5e68-bd03-b76c0e88b01d', 8, 'e5bc28a4-3803-54ac-91d3-16bb663b90df', '344b1543-dc60-5de6-a9fb-9ebbcde0d396', null),
  ('35c61d56-49bc-5b76-b674-e0439ea52197', '2947e8f4-da2a-5ed3-8b6d-94800ae5d5c2', 1, '8829774b-c295-5a97-9f03-ae8d110b5e62', 'b86ceb48-7de2-5c75-a592-f977deb318a3', 1190190),
  ('3d92b358-1ed8-5baf-83f8-67e832f0bf91', '2947e8f4-da2a-5ed3-8b6d-94800ae5d5c2', 2, '94f6d8f4-b6a0-5203-9040-7a9e5d5b4209', '344b1543-dc60-5de6-a9fb-9ebbcde0d396', 1173960),
  ('589dfdc5-5a7c-56cf-9be6-a2d1c2b1cab0', '2947e8f4-da2a-5ed3-8b6d-94800ae5d5c2', 3, '588859b1-155d-555f-a2b6-ffb9536cbe66', '00000000-0000-0000-0000-0000000000a1', 1121340),
  ('ba544c64-a3d0-5ea3-8705-62d3e5c18d9a', '2947e8f4-da2a-5ed3-8b6d-94800ae5d5c2', 4, '4f209eae-b097-57fa-a0b3-f06d06679de1', '0ac41011-9d57-5ba2-9556-7590a8be8268', 1064190),
  ('60ae1112-a818-506a-8850-83dbe282d4db', '2947e8f4-da2a-5ed3-8b6d-94800ae5d5c2', 5, 'd1910f27-d8af-590f-bcc5-ff203bd9870f', '00000000-0000-0000-0000-0000000000a1', 1086650),
  ('a36e9b0f-9784-573a-9fc5-b65721566f0a', '2947e8f4-da2a-5ed3-8b6d-94800ae5d5c2', 6, '85f1c27f-bd89-593c-837d-774fad1c134b', '344b1543-dc60-5de6-a9fb-9ebbcde0d396', 1153050),
  ('09d6c1f7-72ad-5a1b-a2be-43c66e747409', '2947e8f4-da2a-5ed3-8b6d-94800ae5d5c2', 7, 'b3a78420-efb5-5e46-bd8f-728243c10940', '00000000-0000-0000-0000-0000000000a1', 1178420),
  ('54bf1757-48e2-5557-89c3-97062d4d1d8d', '2947e8f4-da2a-5ed3-8b6d-94800ae5d5c2', 8, 'ff7d7506-d667-5727-863d-4ddbed3d91dd', '9b661c9d-ed9a-5d36-a1f9-cb921afb8e73', 1226110),
  ('702c8483-5fd4-5285-bd79-74088b159461', '25605518-15a9-5dbd-9b32-16cffc4e5a71', 0, '0784b5b3-8bab-5c14-beac-b6d5d9b4f4ad', '7469bc80-fd06-5028-8033-aeb9008a4507', null),
  ('72cd83d5-d09f-5077-90a5-bf741dbae714', '25605518-15a9-5dbd-9b32-16cffc4e5a71', 1, 'd440a0ba-3660-5b3d-aeee-248fc8deb269', 'ed88d3bc-c065-5209-9304-730080420f1e', null),
  ('4dc3a31e-9936-5e1a-919d-80c39034cd6a', '25605518-15a9-5dbd-9b32-16cffc4e5a71', 2, 'a032e3ce-4f84-5320-818c-fe2f25fe6ed9', '344b1543-dc60-5de6-a9fb-9ebbcde0d396', null),
  ('a8f1b749-dfa4-566a-a003-58b27c9f10f0', '25605518-15a9-5dbd-9b32-16cffc4e5a71', 3, '6e4cdfa0-2603-5ecf-bd11-f8ab7469a5ab', 'e85bf284-fd8f-5e64-b555-c134fef0064e', 1137550),
  ('d1ae1cfe-0749-556b-89d8-4b0aacc628fe', '25605518-15a9-5dbd-9b32-16cffc4e5a71', 4, '06a55f84-f301-5ddb-98fd-686291033f7f', '00000000-0000-0000-0000-0000000000a1', 1112720),
  ('68235fcc-8018-5bb4-a093-ef6580f0464e', '25605518-15a9-5dbd-9b32-16cffc4e5a71', 5, 'e8e08ade-cfb3-57c8-8366-9c62260375b0', '8c61fec8-40e9-572f-8ebd-4290dbdffbec', 1133920),
  ('cf34d70d-6587-522b-a07b-30d5ec408c18', '25605518-15a9-5dbd-9b32-16cffc4e5a71', 6, '25e7af4a-0447-5f55-8330-8193ab8330c7', '344b1543-dc60-5de6-a9fb-9ebbcde0d396', 1226870),
  ('d6adb880-38b7-5afa-8c73-5b494ef8b66d', '25605518-15a9-5dbd-9b32-16cffc4e5a71', 7, '92dcacd5-0c38-596c-9f23-09fae5e36b48', '7469bc80-fd06-5028-8033-aeb9008a4507', null),
  ('7b51f750-fc34-5139-8286-85a1b06b6388', '25605518-15a9-5dbd-9b32-16cffc4e5a71', 8, '24a97e0c-15d2-526e-83ae-be31e9c676a0', 'b86ceb48-7de2-5c75-a592-f977deb318a3', null),
  ('45a3feed-529d-5415-bd19-d13c339664c2', '25605518-15a9-5dbd-9b32-16cffc4e5a71', 9, '1b75c3c5-d562-5882-8bdc-6fb00a834269', '344b1543-dc60-5de6-a9fb-9ebbcde0d396', null),
  ('136b8cbd-2475-546c-b8d8-ed27718e0a6b', '386ecfde-59a5-5b4b-83ff-f226e5341212', 2, 'c2af572b-6d92-5ad7-89ad-9755ff03d574', 'b86ceb48-7de2-5c75-a592-f977deb318a3', null),
  ('db538654-369e-5d49-83f0-e627aae38aaa', '386ecfde-59a5-5b4b-83ff-f226e5341212', 3, 'cf881279-2faf-5847-aec0-6462f9085cbd', '520633dd-1fc6-57f7-a2a8-29cfebf61e27', null),
  ('634ad25a-c960-5b6c-a2c5-a362b465b150', '386ecfde-59a5-5b4b-83ff-f226e5341212', 4, 'de211654-c718-5b95-be64-df37348942e5', '344b1543-dc60-5de6-a9fb-9ebbcde0d396', null),
  ('37f0e160-de4c-5a68-b4f6-da1d1bb9fea2', '386ecfde-59a5-5b4b-83ff-f226e5341212', 5, '98c30f7c-5241-59d7-9f45-574af22a3faa', 'bcf7b144-5b95-52fb-8445-5e2742610d55', null),
  ('f60775f3-b2cd-552d-8ec2-db813250eef5', '386ecfde-59a5-5b4b-83ff-f226e5341212', 6, '84151641-2546-5620-85ad-ed863b43839e', '344b1543-dc60-5de6-a9fb-9ebbcde0d396', null),
  ('e907201c-df26-5b9a-b515-14fab0629b8f', '386ecfde-59a5-5b4b-83ff-f226e5341212', 7, 'f55b514e-922f-5d7f-8eef-7632ffe52497', '2c9dd30b-be9e-5c65-a862-a4817c4f2efc', null),
  ('da7f52d5-7214-5005-baef-0e9de5666315', 'd4fae673-67dd-5413-b363-84557268b96a', 1, 'f93337df-bc99-54e4-a8df-ffd06ea3f496', '344b1543-dc60-5de6-a9fb-9ebbcde0d396', null),
  ('41a6e119-cbc2-587c-bff1-3b0cd2c4cfce', 'd4fae673-67dd-5413-b363-84557268b96a', 2, '6c649d13-ef90-5ed5-99f3-8072a2432b83', '6c253b0d-f868-5099-bea2-948325ac656f', null),
  ('3c5ce19f-dfb7-5b82-a592-05c1c987f7d0', 'd4fae673-67dd-5413-b363-84557268b96a', 3, '20a09e67-6887-5fcb-8736-21423051458b', 'cd9312fd-da9e-5375-a748-fa5d968bf878', null),
  ('eaa2bd97-03f9-5c0d-8d6f-e3da698bbd4a', 'd4fae673-67dd-5413-b363-84557268b96a', 4, 'db8cc901-654c-5f52-b79b-552c0628186e', '7469bc80-fd06-5028-8033-aeb9008a4507', null),
  ('25156dd8-6be2-5d79-a2a7-d0f7b584eb80', 'd4fae673-67dd-5413-b363-84557268b96a', 5, '1f395744-8645-56ca-b649-803f147ddc35', 'b3fb239e-d680-5f40-a2c3-a09c542965df', null),
  ('12f16c9f-2e0d-52d7-b7cc-f2337027eb5b', 'd4fae673-67dd-5413-b363-84557268b96a', 6, 'e236872d-08ab-5696-9bcc-db47d7e2ccc5', '7e8a6d53-4cc9-56c0-9892-437ca4607269', null),
  ('3146a47d-dd82-5da7-9e6c-f59c5ce5c077', 'd4fae673-67dd-5413-b363-84557268b96a', 7, 'd40e8997-128e-5c53-a89b-1fe33feaa96c', '2c9dd30b-be9e-5c65-a862-a4817c4f2efc', null),
  ('67187925-43e0-553c-bca9-97b6274c303b', 'd4fae673-67dd-5413-b363-84557268b96a', 8, '543aeb71-27c5-5012-a38e-98a995f9943f', '94865e3f-f207-576f-a008-056ce7cceef0', null),
  ('5f415afb-2dff-5453-9bd2-d0fa76e02a78', '39b4e0d4-2b11-5bdc-8658-b86c838892de', 1, 'c2d04959-9444-5add-9915-e715c141b205', '8204b741-70c6-5870-8811-971a3166ce18', null),
  ('ce1bdfec-d540-54f6-b4a5-3078fd116acf', '39b4e0d4-2b11-5bdc-8658-b86c838892de', 2, '779d57f4-cf32-5b17-be8a-c681d9df4f9a', '344b1543-dc60-5de6-a9fb-9ebbcde0d396', null),
  ('c431f4ef-e35c-544a-be57-a5445bc829c3', '39b4e0d4-2b11-5bdc-8658-b86c838892de', 3, 'ca9360a1-d276-5a70-9561-1098f189ed7f', '8d4059b5-a1e4-52f4-b162-4cb8bf91f4e6', null),
  ('16af71d8-a6b9-5ab4-8d3c-ee909b14a5d6', '39b4e0d4-2b11-5bdc-8658-b86c838892de', 4, '02f6ecec-d357-54ce-a54b-ed82db3b98a0', '4cf02ded-3103-5c97-9b7a-06ee026686d7', null),
  ('203ed0ae-dc15-5f81-90c2-6ba166caddf6', '39b4e0d4-2b11-5bdc-8658-b86c838892de', 5, '145b4b6d-28be-5209-9e9d-bb8643d1a60a', '00000000-0000-0000-0000-0000000000a1', null),
  ('89d69fdc-555d-5cf5-9926-98265aa802a9', '39b4e0d4-2b11-5bdc-8658-b86c838892de', 6, '30f85f53-b507-5673-b289-7607abbbefe0', '7e8a6d53-4cc9-56c0-9892-437ca4607269', null),
  ('60dfe8dc-dc57-5d31-ab71-9d94d93b42ca', '39b4e0d4-2b11-5bdc-8658-b86c838892de', 7, 'c679e699-0550-5c3f-8acf-8c7086458391', '344b1543-dc60-5de6-a9fb-9ebbcde0d396', null),
  ('8a353758-2309-57d2-a557-60e1fcaa7120', '39b4e0d4-2b11-5bdc-8658-b86c838892de', 8, 'abe91694-63dc-5b9d-bfc7-55f374442e98', '344b1543-dc60-5de6-a9fb-9ebbcde0d396', null),
  ('10c5aa21-dd28-5a9e-8d0d-16081cae7c0f', 'efbfba7b-cfc7-519c-807f-2713dc70ae03', 1, '2ac307cc-c9d6-56f2-be94-efc97a2c9cce', '46c94418-9915-5783-a9dd-2dcfdd21920b', null),
  ('9f87ed5a-8226-557c-871e-21a35bc5ec28', 'efbfba7b-cfc7-519c-807f-2713dc70ae03', 2, 'e6a472ac-80c6-5c86-91e0-9636ed1f35df', 'b86ceb48-7de2-5c75-a592-f977deb318a3', null),
  ('0b5bc716-d009-5826-ba76-d8d75d07fbb6', 'efbfba7b-cfc7-519c-807f-2713dc70ae03', 3, 'a1b91c6a-3a2f-54d6-b9d6-56d73986dfdc', '344b1543-dc60-5de6-a9fb-9ebbcde0d396', null),
  ('c45cc197-8262-55ad-abb2-afb71a97e2b0', 'efbfba7b-cfc7-519c-807f-2713dc70ae03', 4, 'c64c0fc0-ba2a-5a0b-9e5c-ef17b46b1fd2', '344b1543-dc60-5de6-a9fb-9ebbcde0d396', null),
  ('8761eb1b-85b5-5e9b-98da-ed910cabd6a3', 'efbfba7b-cfc7-519c-807f-2713dc70ae03', 5, '4335a642-c3fe-5157-b299-be1be2190d2b', '94865e3f-f207-576f-a008-056ce7cceef0', null),
  ('1b36925e-edd5-538c-9afe-411f4436ea5d', 'efbfba7b-cfc7-519c-807f-2713dc70ae03', 6, 'd4726fcf-8a0b-5e7d-abef-9066f9d3fba8', '4c684b5a-5ac6-53ee-a81e-980f4080f0fb', null),
  ('3bcdf6c4-12c4-5dc1-866e-74386537c62b', 'efbfba7b-cfc7-519c-807f-2713dc70ae03', 7, '9fae1928-fd44-511b-b1d8-34f00cec7f85', 'ed88d3bc-c065-5209-9304-730080420f1e', null),
  ('dfe6af6e-d195-5352-ad73-096ae58b8aed', 'efbfba7b-cfc7-519c-807f-2713dc70ae03', 8, 'd864402a-6c96-5600-87bb-34f1ea6c2515', 'b853f2f0-09a5-5287-adf4-c2cd3385e5f2', null),
  ('efaf542d-68aa-560e-aa1e-df146db4d971', '97b65dc4-3b68-53ed-a54e-91cbdd98b91e', 1, '7299792b-6bc7-5471-a931-a5e386b20f8f', '93741827-dfe5-532f-b651-6f5066cae0d5', null),
  ('9bbd84f0-d002-575b-a3bb-43f13c161b95', '97b65dc4-3b68-53ed-a54e-91cbdd98b91e', 2, '1026a907-0f54-5700-987b-b7ea0fb0c393', '8c61fec8-40e9-572f-8ebd-4290dbdffbec', null),
  ('42e8fceb-7881-5a2b-ba90-1352ac56ba9b', '97b65dc4-3b68-53ed-a54e-91cbdd98b91e', 3, 'c5ef3e7e-c9b6-562a-aa6a-f17ecb830c9f', '8d4059b5-a1e4-52f4-b162-4cb8bf91f4e6', 398370),
  ('fe5ac651-e866-52c2-bcb6-0441183a2c8e', '97b65dc4-3b68-53ed-a54e-91cbdd98b91e', 4, '92921111-ba6d-5985-85dc-451db43173ec', '400970ce-f5dc-5ba0-bd5e-028700a78e15', 392460),
  ('10845197-7103-51a2-9a9b-f8a972a8920a', '97b65dc4-3b68-53ed-a54e-91cbdd98b91e', 5, 'd4998d54-34a9-54dc-a6f6-a5d693301da2', '344b1543-dc60-5de6-a9fb-9ebbcde0d396', 397280),
  ('5fc3ab45-e45e-5d0f-b96b-00ee9fc96e3c', '97b65dc4-3b68-53ed-a54e-91cbdd98b91e', 6, '2349f3d2-fa87-5f45-8576-14b8dcbb2320', '8c61fec8-40e9-572f-8ebd-4290dbdffbec', null),
  ('6161d769-d1a5-5362-beb9-dba69460b04d', '97b65dc4-3b68-53ed-a54e-91cbdd98b91e', 7, 'bf6eac06-283c-5167-8848-2dab714ff314', '0ac41011-9d57-5ba2-9556-7590a8be8268', null),
  ('48142314-b792-5f55-b78d-4fbec6238543', '97b65dc4-3b68-53ed-a54e-91cbdd98b91e', 8, '4c684509-c745-5b1e-83dc-2aa2c190fe51', '27acf816-0caf-5ff3-a7a1-2648641377c1', null),
  ('c064433f-264e-5dd5-941c-ac0fa50a8a41', 'a99742ae-b1c9-57c1-b113-f3c0957fc89f', 1, '614de775-cc9f-567c-a06c-960915520676', 'b3fb239e-d680-5f40-a2c3-a09c542965df', 355370),
  ('fde9c349-35a8-5640-8b1c-cb554aef973b', 'a99742ae-b1c9-57c1-b113-f3c0957fc89f', 2, '93ff0758-f575-552a-97bb-1a0a20b01bcb', '344b1543-dc60-5de6-a9fb-9ebbcde0d396', 332570),
  ('078a553a-400e-5af6-97e5-6a487e4a6d2d', 'a99742ae-b1c9-57c1-b113-f3c0957fc89f', 3, 'e67f7b27-fd70-595c-832e-cda4098b7d2f', '00000000-0000-0000-0000-0000000000a1', 323810),
  ('b051cc94-d639-5625-9218-f379a7241f1e', 'a99742ae-b1c9-57c1-b113-f3c0957fc89f', 4, '68c519e4-7821-54c7-b231-5266ebbc071e', '0ac41011-9d57-5ba2-9556-7590a8be8268', 305000),
  ('4279ded3-08c9-59bb-8d5f-e826eae44c0d', 'a99742ae-b1c9-57c1-b113-f3c0957fc89f', 5, 'e4e781cb-c2cf-588d-9a85-290bb056e34b', '344b1543-dc60-5de6-a9fb-9ebbcde0d396', 322660),
  ('2b94b379-5bba-5d40-915f-9ee0ae6dadc1', 'a99742ae-b1c9-57c1-b113-f3c0957fc89f', 6, '09aecf7e-4a79-5070-96e0-2f826275e2ef', 'b86ceb48-7de2-5c75-a592-f977deb318a3', 332180),
  ('1aaa6da6-31a5-5c8e-9818-4d77b4bb2d71', 'a99742ae-b1c9-57c1-b113-f3c0957fc89f', 7, '1349aa89-7693-5603-acb2-00110f885386', 'e85bf284-fd8f-5e64-b555-c134fef0064e', 345740),
  ('71358253-e4bf-5216-a2e0-148725c7a518', 'a99742ae-b1c9-57c1-b113-f3c0957fc89f', 8, 'd288331f-c736-55d2-abc0-63bd14f97496', '344b1543-dc60-5de6-a9fb-9ebbcde0d396', 361940),
  ('a256a90b-67d6-591f-90c5-a65f1725c808', '360db3e1-d100-5563-b1ef-449c71fb4b58', 3, '4760739f-5797-5424-8f87-95171a207a09', '344b1543-dc60-5de6-a9fb-9ebbcde0d396', null),
  ('890a3bbd-2ac0-5e56-b7cb-39a6534d1f6e', '360db3e1-d100-5563-b1ef-449c71fb4b58', 4, '0d9f510a-d810-5e1b-9a25-1851e316da3a', 'bcf7b144-5b95-52fb-8445-5e2742610d55', null),
  ('8ee36146-abe1-5ec3-a6ea-8b1c135fae1e', '360db3e1-d100-5563-b1ef-449c71fb4b58', 5, '18facad1-7d05-5483-b370-24030069f34f', '3c2885d6-c220-5920-b054-765a2c1e85d5', null),
  ('4ff81106-b0d0-5fc4-9d9d-8141e2003c8c', '360db3e1-d100-5563-b1ef-449c71fb4b58', 6, '51a5ab70-d013-57da-9e52-356a87b93ccb', '0ac41011-9d57-5ba2-9556-7590a8be8268', null),
  ('59fb81b1-3e3b-53c4-97f8-fcb591164204', '44bead45-6959-547a-a0ce-e1a79cbd00ce', 1, null, null, null),
  ('c8966412-d857-55b8-a6c2-a01589968584', '44bead45-6959-547a-a0ce-e1a79cbd00ce', 2, '4cc61367-de4e-5f87-9863-10fe5db8b6c3', '9e5798ac-57e7-543f-be64-1e9776770a2b', null),
  ('b4f7a4b2-18ff-542b-ad91-a7c8ab91f5e5', '44bead45-6959-547a-a0ce-e1a79cbd00ce', 3, 'c9d98d7e-233f-5a43-8573-51d7fd43531c', '7469bc80-fd06-5028-8033-aeb9008a4507', null),
  ('daf53f4b-0e0d-5048-90b9-a447675ab8a1', '44bead45-6959-547a-a0ce-e1a79cbd00ce', 4, '724fbd65-9554-5d56-9352-e367ad7eb8a0', '93741827-dfe5-532f-b651-6f5066cae0d5', null),
  ('b65e4896-6e25-530d-b11f-c690b151b9cd', '44bead45-6959-547a-a0ce-e1a79cbd00ce', 5, '60330b57-1de5-572b-a1d6-91645ee515d6', '66cb6ec0-a4a8-5590-a9e3-714f41c8ca67', null),
  ('8bfeebd4-e6f0-5c43-9a3b-2a4b46e3d084', '44bead45-6959-547a-a0ce-e1a79cbd00ce', 6, '99a93ef5-ab6e-52cd-b949-dd3a38844fc2', 'b86ceb48-7de2-5c75-a592-f977deb318a3', null),
  ('64d6b36c-e576-55bb-aafc-172ed3cf1948', '44bead45-6959-547a-a0ce-e1a79cbd00ce', 7, '506bc03c-9f3e-51e8-8e45-1d037f949d02', '2dc927a2-2dcd-54da-aea5-ae95075b688a', null),
  ('247938ce-e47f-52f0-8d7d-48fa8221378d', '62155215-97fa-532c-9c8f-10dbdde60e56', 1, '0b7180c0-7630-5314-bde0-0a1d091e123a', '344b1543-dc60-5de6-a9fb-9ebbcde0d396', null),
  ('be6ab9f1-5604-56d1-ab7b-ebf18c37b8a9', '62155215-97fa-532c-9c8f-10dbdde60e56', 2, '9bcd4222-f5f7-5005-aa5b-d90f221bb061', '344b1543-dc60-5de6-a9fb-9ebbcde0d396', null),
  ('e32d227e-1a35-56ab-8d61-b2b9097f7fa2', '62155215-97fa-532c-9c8f-10dbdde60e56', 3, '1572795c-edb8-5b02-a915-df228201485b', '344b1543-dc60-5de6-a9fb-9ebbcde0d396', null),
  ('042f7bf6-25bd-5d5f-8e4b-cccc21546acd', '62155215-97fa-532c-9c8f-10dbdde60e56', 4, 'b42a5a1a-6afb-55d4-b3d5-a6449df0d1a1', '7469bc80-fd06-5028-8033-aeb9008a4507', null),
  ('2385ee75-fe69-5155-95f3-bd6d865cd8ca', '62155215-97fa-532c-9c8f-10dbdde60e56', 5, 'f1267fd6-5353-50b0-9d16-e956a0f2f877', '96258415-96b1-5c54-bafc-eba2e199ce62', null),
  ('7713f061-46b8-5ee9-b126-c0a8487224d2', '62155215-97fa-532c-9c8f-10dbdde60e56', 6, 'c8d469a7-14e9-5b58-9f71-bad9ce479016', '344b1543-dc60-5de6-a9fb-9ebbcde0d396', null),
  ('660c58c9-eeae-5ed0-be56-4d32c001e67a', '62155215-97fa-532c-9c8f-10dbdde60e56', 7, '7ab89829-d2f5-5339-b555-b2e15457356e', '3c2885d6-c220-5920-b054-765a2c1e85d5', null),
  ('0df124d0-5e79-5a0a-8506-445327bbacac', '62155215-97fa-532c-9c8f-10dbdde60e56', 8, '1e993fc5-7b7c-518b-9aa7-77ec56207993', '00000000-0000-0000-0000-0000000000a1', null),
  ('3e044034-8506-5147-bc3b-6c125bdbfcb3', '7e9ca57c-26f3-53e7-99ee-a86443c08fef', 1, 'e6d47391-e3e2-58ad-84c2-e4e6141949a6', '8204b741-70c6-5870-8811-971a3166ce18', null),
  ('56a47731-3753-5c60-b7d8-8b23169efd5f', '7e9ca57c-26f3-53e7-99ee-a86443c08fef', 2, 'aac2bb76-0a43-576d-8c86-a94273c36fea', '00000000-0000-0000-0000-0000000000a1', 399240),
  ('8f5405e2-5423-5220-9e6e-0e2acb7bbd04', '7e9ca57c-26f3-53e7-99ee-a86443c08fef', 3, '29a6b558-839b-56be-a8c6-4d0873947681', '7edb0022-cd14-5006-bf83-f87d3be5e4ca', 342470),
  ('14661234-ca44-5486-aa2e-7c2cf7c10c57', '7e9ca57c-26f3-53e7-99ee-a86443c08fef', 4, '2652f0f9-4147-5b99-a00a-81dbe12ed317', '0ac41011-9d57-5ba2-9556-7590a8be8268', 337060),
  ('447005f6-9e67-53e0-a4dd-bf28fff06a05', '7e9ca57c-26f3-53e7-99ee-a86443c08fef', 5, '9870ab76-8862-5f44-bec6-2f97c116b773', '344b1543-dc60-5de6-a9fb-9ebbcde0d396', 339690),
  ('f8364ded-0bf9-54a7-b294-6338b752ef90', '7e9ca57c-26f3-53e7-99ee-a86443c08fef', 6, '7b25e42a-8ff8-56ad-9d38-f30617b02f26', '344b1543-dc60-5de6-a9fb-9ebbcde0d396', 378240),
  ('769efbe8-ade1-5417-90ef-908dc4c46ca6', '7e9ca57c-26f3-53e7-99ee-a86443c08fef', 7, 'b503f850-a159-5338-a85b-d7b5bbf394e6', '344b1543-dc60-5de6-a9fb-9ebbcde0d396', 476060),
  ('9cb7f5cd-b626-5f55-9e99-ff0abbbaf5db', '7e9ca57c-26f3-53e7-99ee-a86443c08fef', 8, 'e930f745-bbad-5a88-a3de-8bd752c8481d', '46c94418-9915-5783-a9dd-2dcfdd21920b', null),
  ('d41b8682-36cb-5b9c-8f1a-00203ba66deb', 'c70a783d-6b67-50d4-8414-58b614cb8886', 3, '9a23bb10-af8d-506d-b91a-b7a94236326a', '344b1543-dc60-5de6-a9fb-9ebbcde0d396', null),
  ('9dffe290-181c-5898-8c09-a42efc419c1c', 'c70a783d-6b67-50d4-8414-58b614cb8886', 4, 'c041e698-6f3d-5aa6-9d79-fbb979ec93cb', '7469bc80-fd06-5028-8033-aeb9008a4507', null),
  ('49441ffe-4241-5397-8265-068e477600e1', 'c70a783d-6b67-50d4-8414-58b614cb8886', 5, 'd7b5ae6a-f05f-5656-beb9-295ad4b69a52', '4d9d1e27-c5d6-555b-880c-71593ea1291a', null),
  ('4ef7ef0b-49d5-56ee-ad97-6000f79f5e38', 'c70a783d-6b67-50d4-8414-58b614cb8886', 6, 'e1218d40-ce3f-5a1c-ab43-ea647afe5ca1', 'cf00c520-cf02-55ea-8867-f02644ec8045', null),
  ('bed21a6e-90a6-58a9-8575-48307cedd389', '4c7811d0-352f-5a47-9ce3-6756ef9a2053', 1, 'af3474e9-2f69-5477-bef8-6ca33ce1e6f3', 'fc99ac8b-1d7e-50ef-a47d-bc040d92a76c', null),
  ('0610dd33-978f-581c-905d-04bc6f53e93f', '4c7811d0-352f-5a47-9ce3-6756ef9a2053', 2, 'c0474b09-cdc5-5f74-9969-2112a912a5fd', '7469bc80-fd06-5028-8033-aeb9008a4507', null),
  ('c4149022-71c1-57ad-b514-0bdd9530ec39', '4c7811d0-352f-5a47-9ce3-6756ef9a2053', 3, '8829774b-c295-5a97-9f03-ae8d110b5e62', 'b86ceb48-7de2-5c75-a592-f977deb318a3', null),
  ('9f1f869b-499d-5281-a8c3-034989d59344', '4c7811d0-352f-5a47-9ce3-6756ef9a2053', 4, '94f6d8f4-b6a0-5203-9040-7a9e5d5b4209', '344b1543-dc60-5de6-a9fb-9ebbcde0d396', 165240),
  ('87315772-a1e8-5c77-803b-35d83ff39f90', '4c7811d0-352f-5a47-9ce3-6756ef9a2053', 5, 'b0abab85-ede6-53b9-9f01-51b6939adca9', '00000000-0000-0000-0000-0000000000a1', 186420),
  ('6218de1e-2965-5bc1-afc6-9ddc4ac23f24', '4c7811d0-352f-5a47-9ce3-6756ef9a2053', 6, '07542c76-e742-5565-bdd7-f8fa23565c29', '2c9dd30b-be9e-5c65-a862-a4817c4f2efc', null),
  ('267799a8-b5cb-5299-9bc5-4345b09131bc', '4c7811d0-352f-5a47-9ce3-6756ef9a2053', 7, 'a222f309-00a3-530d-b26b-360f67f634ee', 'b86ceb48-7de2-5c75-a592-f977deb318a3', null),
  ('61d73c63-a4a0-5de3-ae27-4a3c1f832cf7', '4c7811d0-352f-5a47-9ce3-6756ef9a2053', 8, '58749548-1ab8-52ba-9f8b-6ba34dd9a9c2', '65131d90-d492-5e78-be57-0674fc108c6f', null),
  ('e91a8973-6916-5365-9410-1a65955b259b', '0dfb898f-821e-5dcb-8b6f-4a3831aa23c9', 1, 'e013b32d-1b2a-57ce-a6fa-ff6b4deba118', '344b1543-dc60-5de6-a9fb-9ebbcde0d396', 155360),
  ('f9f4ede8-dcd8-5e68-9074-3aa5e048b84a', '0dfb898f-821e-5dcb-8b6f-4a3831aa23c9', 2, '305b06a7-68ff-5465-a03f-5643116e516b', '00000000-0000-0000-0000-0000000000a1', 147610),
  ('5b7225c8-1dda-5e78-ae64-479001911790', '0dfb898f-821e-5dcb-8b6f-4a3831aa23c9', 3, '66a88d05-9826-50e2-8df5-805a680365cf', '93741827-dfe5-532f-b651-6f5066cae0d5', 137640),
  ('117edc2b-af2f-5ede-9846-c632634c42be', '0dfb898f-821e-5dcb-8b6f-4a3831aa23c9', 4, 'cc33a1ac-78ae-5801-a376-b3a937a951f0', '00000000-0000-0000-0000-0000000000a1', 136090),
  ('82d57104-1860-539e-8129-e7b221316cec', '0dfb898f-821e-5dcb-8b6f-4a3831aa23c9', 5, '3f80af4e-c594-501c-b49b-cd034e18aebf', 'b86ceb48-7de2-5c75-a592-f977deb318a3', 136810),
  ('7a4ee963-2038-5712-b94e-bb1fe0458e5b', '0dfb898f-821e-5dcb-8b6f-4a3831aa23c9', 6, '5b0a3541-3c29-5fb3-bf0f-1eaa614a34de', '00000000-0000-0000-0000-0000000000a1', 138950),
  ('c0b560a8-39a7-56ef-9ec4-921dff2298e4', '0dfb898f-821e-5dcb-8b6f-4a3831aa23c9', 7, '12f6ea14-2dd5-5f74-80f1-0b53eaf8d653', '9e5798ac-57e7-543f-be64-1e9776770a2b', 153340),
  ('80f3d67e-2995-5670-85fa-ce5990ff202c', '0dfb898f-821e-5dcb-8b6f-4a3831aa23c9', 8, 'e717e650-43e3-5007-80d8-f08d97494018', '344b1543-dc60-5de6-a9fb-9ebbcde0d396', 157100),
  ('02610f3b-a6db-5690-8011-a5b4a7e41121', '58722305-01ed-5f45-a127-62a4dc186d3a', 3, '7ee19c91-5521-5456-ad2a-6c4cbaee4db7', '9e5798ac-57e7-543f-be64-1e9776770a2b', null),
  ('312886cc-83fd-59c4-8df7-762bece133bb', '58722305-01ed-5f45-a127-62a4dc186d3a', 4, 'fc60b8e1-4b08-50b4-ae4c-2b5195b64f65', 'cf00c520-cf02-55ea-8867-f02644ec8045', null),
  ('93c0f1f6-9a15-5f4a-b5b2-593e942717e5', '58722305-01ed-5f45-a127-62a4dc186d3a', 5, '1b75c3c5-d562-5882-8bdc-6fb00a834269', '344b1543-dc60-5de6-a9fb-9ebbcde0d396', null),
  ('cf9bf4d2-409a-5ab5-b6fd-4951f0724255', '58722305-01ed-5f45-a127-62a4dc186d3a', 6, '91fb0f36-3554-5c7c-8bdf-f17b7d595c11', '7469bc80-fd06-5028-8033-aeb9008a4507', null),
  ('06f5461e-1a40-51c0-a5dd-fe5d0ea4aee0', 'eaaa47d3-d965-5641-a091-0030f7006b0b', 2, 'd440a0ba-3660-5b3d-aeee-248fc8deb269', 'ed88d3bc-c065-5209-9304-730080420f1e', null),
  ('1effd4dc-86ae-5d34-97f5-e315e9659830', 'eaaa47d3-d965-5641-a091-0030f7006b0b', 3, '5665d772-954c-56d7-85e0-823d363cd903', '8204b741-70c6-5870-8811-971a3166ce18', 192780),
  ('d3f86376-8e6a-585f-ae8e-485caf448571', 'eaaa47d3-d965-5641-a091-0030f7006b0b', 4, '83e52c7c-d158-5d8e-a039-e71ad875e4a1', 'a52a36ca-9b28-58cd-af06-95d9672a956c', 151290),
  ('677bac12-c34c-5157-bc84-1915c47271af', 'eaaa47d3-d965-5641-a091-0030f7006b0b', 5, '47a452a2-dfb2-52e0-aa20-e544dde1339f', '344b1543-dc60-5de6-a9fb-9ebbcde0d396', 190110),
  ('a820b748-6956-5a2b-898c-f6480ed7d948', 'eaaa47d3-d965-5641-a091-0030f7006b0b', 6, '24a97e0c-15d2-526e-83ae-be31e9c676a0', 'b86ceb48-7de2-5c75-a592-f977deb318a3', 279540),
  ('98fda99c-fc6a-56fa-b3f8-b60d21af6834', '83537599-cdd9-556c-9a25-280cc7ee0014', 1, '24310bd2-ac23-578c-ae68-6e79ba1c5c00', '7469bc80-fd06-5028-8033-aeb9008a4507', null),
  ('070e78b4-5984-5d37-b696-69cf56e7b6d1', '83537599-cdd9-556c-9a25-280cc7ee0014', 2, '26828b61-7288-5106-ba50-fece8bab8141', 'a52a36ca-9b28-58cd-af06-95d9672a956c', null),
  ('288c116c-8302-5e6d-97c6-9ba6d6f5efbf', '83537599-cdd9-556c-9a25-280cc7ee0014', 3, '1f123ed9-4455-5f06-b8af-8b7f0807dafc', 'b86ceb48-7de2-5c75-a592-f977deb318a3', null),
  ('f57c5888-405d-554a-9caf-240af776e3fd', '83537599-cdd9-556c-9a25-280cc7ee0014', 4, '5b972685-a39e-5a50-8507-d51c5afaa8a0', '8204b741-70c6-5870-8811-971a3166ce18', null),
  ('e1a87853-f9e3-57fb-9ec2-bddf5ef99252', '83537599-cdd9-556c-9a25-280cc7ee0014', 5, '0cf48645-caaa-52fd-b0b9-b2c0cf9626ca', '344b1543-dc60-5de6-a9fb-9ebbcde0d396', null),
  ('f275a200-1957-5ff4-803c-dee31ba6748a', '83537599-cdd9-556c-9a25-280cc7ee0014', 6, 'a0bfc627-82a9-52b3-9272-ff313fb28eb5', 'b86ceb48-7de2-5c75-a592-f977deb318a3', null),
  ('ce57454a-b21a-582e-b3a6-41e6c58b9279', '83537599-cdd9-556c-9a25-280cc7ee0014', 7, '3bb68a7e-410c-5733-bbcf-930cd79fb5f7', 'ed88d3bc-c065-5209-9304-730080420f1e', null),
  ('52adfac3-6043-57da-a5cd-a4feabd956ae', '83537599-cdd9-556c-9a25-280cc7ee0014', 8, 'cb60426a-5c2b-5029-849d-75984c749423', '344b1543-dc60-5de6-a9fb-9ebbcde0d396', null),
  ('4c0ccbdf-30cf-56f1-8874-254cb6c8356b', '0d162fda-6bdf-522c-9874-0fd6d2f5b308', 1, '234097e1-58f0-5575-ae3d-d41a13ca6428', '8204b741-70c6-5870-8811-971a3166ce18', null),
  ('330b386d-8dc4-5d1d-b320-827d00407d6f', '0d162fda-6bdf-522c-9874-0fd6d2f5b308', 2, '300835ec-f6f8-50f5-ae26-583a40c8d0f4', '344b1543-dc60-5de6-a9fb-9ebbcde0d396', null),
  ('5951b455-d936-5bea-a05a-553998759f0b', '0d162fda-6bdf-522c-9874-0fd6d2f5b308', 3, '6bf3e302-e069-5f70-bbda-01075a4e6c23', '2c9dd30b-be9e-5c65-a862-a4817c4f2efc', null),
  ('3498a0f5-6f3d-5f36-8a55-6dde3e32ed10', '0d162fda-6bdf-522c-9874-0fd6d2f5b308', 4, 'b0807b4c-5f58-5ab1-8373-7db65785fc10', 'b86ceb48-7de2-5c75-a592-f977deb318a3', 222270),
  ('5744738e-b333-5c6c-b21a-f36c1da2dbba', '0d162fda-6bdf-522c-9874-0fd6d2f5b308', 5, '7aa0f553-32f5-5059-8391-e8138da8be8e', 'fc99ac8b-1d7e-50ef-a47d-bc040d92a76c', null),
  ('d79adc07-43c1-5350-abc8-18c8300589cb', '0d162fda-6bdf-522c-9874-0fd6d2f5b308', 6, '087b8110-7600-5f0a-9434-0a074564b120', 'b86ceb48-7de2-5c75-a592-f977deb318a3', null),
  ('e2e77ddd-ca80-5b43-8bad-122e795e04a4', '0d162fda-6bdf-522c-9874-0fd6d2f5b308', 7, '3d459495-a2ab-584e-bbaf-8256f2b17c03', '00000000-0000-0000-0000-0000000000a1', null),
  ('19791f4d-147b-5376-8e44-4e5061501bf3', '0d162fda-6bdf-522c-9874-0fd6d2f5b308', 8, '8e340a12-a645-5806-84a0-3051a5222afd', '00000000-0000-0000-0000-0000000000a1', null),
  ('b344dae3-0d2a-520e-8ee1-8068031a8356', 'fbe317f3-1b79-56cb-bd98-0b396d8761a3', 1, 'c4cebcd9-c263-557d-a68c-9fa0eefd3549', 'b86ceb48-7de2-5c75-a592-f977deb318a3', 174680),
  ('474614a7-8c6d-5a8e-a55c-6a47ad7c2578', 'fbe317f3-1b79-56cb-bd98-0b396d8761a3', 2, 'a3ce345a-ad04-5d1c-a2c9-557add0f6110', '9e5798ac-57e7-543f-be64-1e9776770a2b', 164840),
  ('5d848473-b21d-581b-b3a1-d59838f94799', 'fbe317f3-1b79-56cb-bd98-0b396d8761a3', 3, '589fbe6f-01b5-5bf1-8080-9556903511b1', '4c684b5a-5ac6-53ee-a81e-980f4080f0fb', 162220),
  ('4bd481f2-c72c-595d-a069-f09f8c194a6d', 'fbe317f3-1b79-56cb-bd98-0b396d8761a3', 4, 'ede9d464-fec1-50be-8380-4eb26411531d', '00000000-0000-0000-0000-0000000000a1', 146990),
  ('b8ece643-c986-5d7e-a3c3-118b724c9e95', 'fbe317f3-1b79-56cb-bd98-0b396d8761a3', 5, '6b6e653a-edb2-58fa-85ed-93c17a463728', '00000000-0000-0000-0000-0000000000a1', 150880),
  ('4b1969c5-74ab-57b4-bc66-dbdd9ce5afb3', 'fbe317f3-1b79-56cb-bd98-0b396d8761a3', 6, 'f0770c47-079a-521b-acd0-073d20805279', '8204b741-70c6-5870-8811-971a3166ce18', 164780),
  ('ccf8b281-c3b3-5f4b-a2e1-31f557d82dbb', 'fbe317f3-1b79-56cb-bd98-0b396d8761a3', 7, '0ec2f0cc-75f6-5313-91b3-dc2536f5a9bf', '344b1543-dc60-5de6-a9fb-9ebbcde0d396', 167640),
  ('1a1ba434-1473-5b9e-bf5e-4f11d0533cde', 'fbe317f3-1b79-56cb-bd98-0b396d8761a3', 8, '0ad8aad7-7fd1-51f1-98fd-070973c2b95a', '344b1543-dc60-5de6-a9fb-9ebbcde0d396', 174780),
  ('a1053e68-099a-5842-851e-958de70a2e52', '4448e723-81f9-589b-857b-b4b482d63e82', 3, 'a4e42556-61ae-5509-abd8-02f84b062874', '40f21282-0ed9-5061-91b0-2b7320fa6cb7', null),
  ('272f90c5-0f2a-52d1-9489-e1cc517a98ea', '4448e723-81f9-589b-857b-b4b482d63e82', 4, '293f069f-7f6d-5a48-b32c-075d70b58a17', '7469bc80-fd06-5028-8033-aeb9008a4507', null),
  ('43757198-4584-57e8-9c66-84221eab094d', '4448e723-81f9-589b-857b-b4b482d63e82', 5, 'c166381a-7dc9-56ae-b7a8-d547b866f314', 'b86ceb48-7de2-5c75-a592-f977deb318a3', null),
  ('f9a05950-4700-50fd-9bf4-f16c38ad3557', '4448e723-81f9-589b-857b-b4b482d63e82', 6, '46d4be12-ab13-5e7f-9b83-c315370584ac', '7469bc80-fd06-5028-8033-aeb9008a4507', null),
  ('c9cf272e-5257-5adc-b5a1-8537b04ac3b8', '34a21d98-63aa-5086-8c34-81bf597b3107', 1, '74e78b23-9177-5f36-9a47-bcf49e0edf71', '00000000-0000-0000-0000-0000000000a1', null),
  ('9e893875-7597-50d0-a8e4-bc6cc4ff9c63', '34a21d98-63aa-5086-8c34-81bf597b3107', 2, 'ebfc4476-9ba4-5255-8f88-3cb73b710c10', '8204b741-70c6-5870-8811-971a3166ce18', null),
  ('f3ca4fc9-bd36-5ec3-9068-929fe3248ede', '34a21d98-63aa-5086-8c34-81bf597b3107', 3, '92153621-2d98-5d92-8f17-1cfce0c9e297', '40f21282-0ed9-5061-91b0-2b7320fa6cb7', 219920),
  ('d6d39b6c-ccc5-5e1d-8e4f-16e4afb0a4c5', '34a21d98-63aa-5086-8c34-81bf597b3107', 4, 'd4181a28-4b7b-53ea-8ea6-78c6884925b7', '8204b741-70c6-5870-8811-971a3166ce18', 164900),
  ('0e19de6c-7a27-5adf-b73d-bc2b61840aa1', '34a21d98-63aa-5086-8c34-81bf597b3107', 5, 'fdfd7df9-bf93-5d5f-a9d6-de288f9f0ce0', '344b1543-dc60-5de6-a9fb-9ebbcde0d396', 168000),
  ('2d4773be-c777-5fbf-a514-4c9eb91f3f8f', '34a21d98-63aa-5086-8c34-81bf597b3107', 6, '866fed57-fe57-5f7b-be03-73ae37f8a59b', 'bab3c4d4-7f1f-59e5-b05d-a4f543c06cfb', 0),
  ('e31c74f2-179f-529f-91f6-4124bf702433', '34a21d98-63aa-5086-8c34-81bf597b3107', 7, '8aaaed09-86b5-5632-b933-e51fc0ef0dda', '3c2885d6-c220-5920-b054-765a2c1e85d5', 0),
  ('ffe64c4e-1ef6-50a6-9d71-76b482effd90', '34a21d98-63aa-5086-8c34-81bf597b3107', 8, '3bbf36cd-bd88-56a9-b5e8-4110dcbc6ce0', '344b1543-dc60-5de6-a9fb-9ebbcde0d396', 0),
  ('66de7fdb-366d-549a-9350-2e1feff73089', '6587fc54-9d9b-5e5b-baaf-1c6653d1fc75', 1, '0d458f74-50e0-5500-91c3-40fb13a0bfff', 'b86ceb48-7de2-5c75-a592-f977deb318a3', null),
  ('0c5c29d3-9723-59ef-954c-175084c13286', '6587fc54-9d9b-5e5b-baaf-1c6653d1fc75', 2, '84e507bd-2c61-5fe1-82e4-837365281697', '00000000-0000-0000-0000-0000000000a1', null),
  ('1c6c150e-f737-5254-bfe4-985681e045c5', '6587fc54-9d9b-5e5b-baaf-1c6653d1fc75', 3, '687aac15-5b33-51f3-8ebd-777e02a3880e', '9e5798ac-57e7-543f-be64-1e9776770a2b', null),
  ('b82b7a6a-e967-5148-a0f9-7e3f12d6a605', '6587fc54-9d9b-5e5b-baaf-1c6653d1fc75', 4, '7c0fe704-4492-5949-b432-1c6c062c7b12', '0ac41011-9d57-5ba2-9556-7590a8be8268', null),
  ('9e91d9eb-d440-5d71-8bc9-499973428dea', '6587fc54-9d9b-5e5b-baaf-1c6653d1fc75', 5, '6aa433b8-d8ed-53f6-bcad-5defa2928035', '31f274c3-f759-5c45-a8e2-ea9280942a31', null),
  ('0ca06dfc-df18-5ecc-bf7c-b429d2bff410', '6587fc54-9d9b-5e5b-baaf-1c6653d1fc75', 6, 'd288331f-c736-55d2-abc0-63bd14f97496', '344b1543-dc60-5de6-a9fb-9ebbcde0d396', null),
  ('0a8970f3-8b31-5dc1-b3fa-76406cf18492', '6587fc54-9d9b-5e5b-baaf-1c6653d1fc75', 7, '75934c54-59a5-5a48-ac62-852055c32cd8', 'b853f2f0-09a5-5287-adf4-c2cd3385e5f2', null),
  ('a7188e9b-58ed-55c2-b46a-d2cbf3c4e317', '6587fc54-9d9b-5e5b-baaf-1c6653d1fc75', 8, '033bce07-2146-53c0-8142-3452e466d4c4', 'bab3c4d4-7f1f-59e5-b05d-a4f543c06cfb', null),
  ('f897c983-5042-5e95-9790-d90fc2ef65dc', 'a9a639f0-9c5d-5898-86c7-8ccdc69bdee1', 1, '93ff0758-f575-552a-97bb-1a0a20b01bcb', '344b1543-dc60-5de6-a9fb-9ebbcde0d396', null),
  ('0882885d-5ba5-530d-816a-756e1c487fc3', 'a9a639f0-9c5d-5898-86c7-8ccdc69bdee1', 2, '27aa0913-901d-5f94-88a8-19483bfb4a54', '8204b741-70c6-5870-8811-971a3166ce18', null),
  ('71d745f4-cff0-5048-a602-d0f914684319', 'a9a639f0-9c5d-5898-86c7-8ccdc69bdee1', 3, '5cc63c78-eb92-5dc5-aba7-962b24b34b50', 'cf00c520-cf02-55ea-8867-f02644ec8045', null),
  ('4e2a9905-6cc4-572d-b04d-6a1a514abb7f', 'a9a639f0-9c5d-5898-86c7-8ccdc69bdee1', 4, '7c7f789e-22b8-5f10-9731-91030a6303d4', 'b86ceb48-7de2-5c75-a592-f977deb318a3', null),
  ('76d201d8-1828-5c19-a63d-1f91f2d1f416', 'a9a639f0-9c5d-5898-86c7-8ccdc69bdee1', 5, '3230dcae-c68c-5dd2-bcf4-ff81a941714c', '00000000-0000-0000-0000-0000000000a1', null),
  ('b85843c7-1675-5a5c-b9d2-29a21b4fd61d', 'a9a639f0-9c5d-5898-86c7-8ccdc69bdee1', 6, 'b2142399-91a4-5a34-909a-df5a135b747c', '8d4059b5-a1e4-52f4-b162-4cb8bf91f4e6', null),
  ('9b88ba21-83c9-5f44-9a4b-29e11605e268', 'a9a639f0-9c5d-5898-86c7-8ccdc69bdee1', 7, '7da83d88-7bb0-5690-a63f-d8fd95164ed7', '344b1543-dc60-5de6-a9fb-9ebbcde0d396', null),
  ('8091a3b8-5b95-5062-b758-d8b5034fa72f', 'a9a639f0-9c5d-5898-86c7-8ccdc69bdee1', 8, '02908c6a-6326-5afb-be23-a122d8052ce2', '344b1543-dc60-5de6-a9fb-9ebbcde0d396', null),
  ('63b7a049-a42a-5706-a323-82da32829308', 'c36c3404-7d12-5cfa-b925-90e85b565488', 1, 'f3c60f11-4303-52f3-bd81-2ba4f8ca0b2e', '93741827-dfe5-532f-b651-6f5066cae0d5', null),
  ('920582fb-c503-54e1-93c4-35997bd27151', 'c36c3404-7d12-5cfa-b925-90e85b565488', 2, '92921111-ba6d-5985-85dc-451db43173ec', '400970ce-f5dc-5ba0-bd5e-028700a78e15', null),
  ('6ed5b034-9589-59c0-8bd0-a0a2f6153011', 'c36c3404-7d12-5cfa-b925-90e85b565488', 3, 'cf881279-2faf-5847-aec0-6462f9085cbd', '520633dd-1fc6-57f7-a2a8-29cfebf61e27', null),
  ('0de399f3-4563-5a21-b04e-0c4b3275f114', 'c36c3404-7d12-5cfa-b925-90e85b565488', 4, '1349aa89-7693-5603-acb2-00110f885386', 'e85bf284-fd8f-5e64-b555-c134fef0064e', null),
  ('82386eb4-0a65-50fa-8d81-bdc361ff875c', 'c36c3404-7d12-5cfa-b925-90e85b565488', 5, 'c2af572b-6d92-5ad7-89ad-9755ff03d574', 'b86ceb48-7de2-5c75-a592-f977deb318a3', null),
  ('324015b8-8132-53d4-b19d-e5801d6f1d94', 'c36c3404-7d12-5cfa-b925-90e85b565488', 6, '3e36fc26-af64-549f-8028-b7515602e4b4', 'e85bf284-fd8f-5e64-b555-c134fef0064e', null),
  ('ebf9c9e4-d6dd-5ae3-9f62-12b6c00e48ba', 'c36c3404-7d12-5cfa-b925-90e85b565488', 7, 'a1b91c6a-3a2f-54d6-b9d6-56d73986dfdc', '344b1543-dc60-5de6-a9fb-9ebbcde0d396', null),
  ('7179bf14-daed-5ef0-9298-bcb3a7a2a503', 'c36c3404-7d12-5cfa-b925-90e85b565488', 8, '09aecf7e-4a79-5070-96e0-2f826275e2ef', 'b86ceb48-7de2-5c75-a592-f977deb318a3', null),
  ('a7e7330c-5503-557b-82e0-387c805d60c2', 'c103c37e-8ac4-5422-9e84-ad48adccd843', 2, 'fac6a903-c0dc-54db-8b86-5dcfa35633ab', '8204b741-70c6-5870-8811-971a3166ce18', null),
  ('3db65f84-6e2e-5917-8854-63f96d8a69f1', 'c103c37e-8ac4-5422-9e84-ad48adccd843', 3, 'e8f25d09-1908-5fcf-84bc-1aec044955e7', 'ed88d3bc-c065-5209-9304-730080420f1e', null),
  ('9671e05e-1ae0-5407-b8a3-b4c15a4747d8', 'c103c37e-8ac4-5422-9e84-ad48adccd843', 4, '824065b3-6294-570c-baaf-6fd4b03c8fb4', '40f21282-0ed9-5061-91b0-2b7320fa6cb7', null),
  ('3a32b0fb-f84e-5851-bc8b-e13e62c4374a', 'c103c37e-8ac4-5422-9e84-ad48adccd843', 5, 'fd294fb2-5cbc-5400-9f0e-bc4a3600410d', '8204b741-70c6-5870-8811-971a3166ce18', null),
  ('ceca9b43-5592-5978-94c8-5646f98c39bd', 'c103c37e-8ac4-5422-9e84-ad48adccd843', 6, '10a0b99b-7a54-5cab-a818-587c2892628d', '344b1543-dc60-5de6-a9fb-9ebbcde0d396', null),
  ('f96d511c-951c-51d8-b526-f72301ae9daf', '5dd641ea-99cc-5ddc-b2a7-ec109e55873b', 1, '0d0b536e-02bd-51a9-bffa-08e4f3560e82', '00000000-0000-0000-0000-0000000000a1', null),
  ('643c6df4-b157-5543-9886-22d933b80954', '5dd641ea-99cc-5ddc-b2a7-ec109e55873b', 2, 'e930f745-bbad-5a88-a3de-8bd752c8481d', '46c94418-9915-5783-a9dd-2dcfdd21920b', null),
  ('61a38d52-1be4-5552-b5bc-dd737edcad53', '5dd641ea-99cc-5ddc-b2a7-ec109e55873b', 3, '51a5ab70-d013-57da-9e52-356a87b93ccb', '0ac41011-9d57-5ba2-9556-7590a8be8268', null),
  ('d540a971-81f3-582c-994d-9c6084af1ce8', '5dd641ea-99cc-5ddc-b2a7-ec109e55873b', 4, '2cb4d646-060e-5bc5-90b0-032c305b393e', 'a52a36ca-9b28-58cd-af06-95d9672a956c', null),
  ('1b56d215-86f7-5b5b-9b88-d226cdfd0306', '5dd641ea-99cc-5ddc-b2a7-ec109e55873b', 5, '5c84b73b-2c40-5dcf-a029-8c6775165271', '04905c31-5d73-5cb9-91af-0dabc5ba572a', null),
  ('ad5f4331-c230-5456-8941-1d5e98a9de21', '5dd641ea-99cc-5ddc-b2a7-ec109e55873b', 6, '4760739f-5797-5424-8f87-95171a207a09', '344b1543-dc60-5de6-a9fb-9ebbcde0d396', null),
  ('8278c727-8839-5128-8e95-a0d085071a9e', '5dd641ea-99cc-5ddc-b2a7-ec109e55873b', 7, 'f8e8de99-791d-57f5-8543-dad14cfc884e', '3b30b256-e903-5043-937c-4d5667cbff47', null),
  ('2191f081-b8d5-562b-9bf1-b6eebbf10391', '5dd641ea-99cc-5ddc-b2a7-ec109e55873b', 8, '7645bccf-dd40-5d55-b06f-58c219e675bf', 'cf00c520-cf02-55ea-8867-f02644ec8045', null),
  ('f1ae97f3-fb3a-5196-b756-622c3c99b1ee', '4ed2d6e0-62fa-5107-8be7-54c9af99f4ad', 2, '2fc14880-779a-5eca-a02f-b59e80b5f8ec', '00000000-0000-0000-0000-0000000000a1', null),
  ('b7e239ba-8bef-535a-aede-91cc353f127f', '4ed2d6e0-62fa-5107-8be7-54c9af99f4ad', 3, 'd4cccd78-084e-5425-8db3-2ab42de459bf', '3c2885d6-c220-5920-b054-765a2c1e85d5', null),
  ('127fe90f-1057-50d1-8dc0-f678da8245d2', '4ed2d6e0-62fa-5107-8be7-54c9af99f4ad', 4, 'fa2628a8-3fcd-5d26-ba0d-b7aae2cba8ed', '00000000-0000-0000-0000-0000000000a1', null),
  ('7fdfa435-ea24-5001-96e9-ab9a29b7c464', '4ed2d6e0-62fa-5107-8be7-54c9af99f4ad', 5, '3a198d5f-3159-513d-820f-778223c34a82', '6b73903d-b78d-5234-99fd-656a92625764', null),
  ('6622c65a-44a7-584f-9586-8037f4d7046f', '4ed2d6e0-62fa-5107-8be7-54c9af99f4ad', 6, '8603dd51-62fe-5b66-a00f-6b784a96b85b', '344b1543-dc60-5de6-a9fb-9ebbcde0d396', null),
  ('7ad9f69a-efdb-5c66-87bf-18ba50e98b0a', '2581521d-5bdb-5856-b2ad-6a15293d7f95', 1, '57ad7b24-ff7a-54b3-bfe1-3969afd90635', '04905c31-5d73-5cb9-91af-0dabc5ba572a', null),
  ('0beb4131-cf63-571b-b22b-7042ca2cc49d', '2581521d-5bdb-5856-b2ad-6a15293d7f95', 2, '7f312be8-125b-5996-9624-31456db44a76', '344b1543-dc60-5de6-a9fb-9ebbcde0d396', null),
  ('292b9ecd-df23-5a25-b15c-fabed1607cd0', '2581521d-5bdb-5856-b2ad-6a15293d7f95', 3, 'e260086f-384d-5d4c-86de-dc0f1e692a29', '8c61fec8-40e9-572f-8ebd-4290dbdffbec', null),
  ('acede654-8279-5519-ad9e-8e52d43a9528', '2581521d-5bdb-5856-b2ad-6a15293d7f95', 4, '1ca78bdc-edd2-5728-93d7-c8f74357b501', '344b1543-dc60-5de6-a9fb-9ebbcde0d396', null),
  ('4bb5e28d-ba44-5cb8-a63a-5e08c277f72b', '2581521d-5bdb-5856-b2ad-6a15293d7f95', 5, '01bdfddf-c0a9-5017-8b02-f73409adc566', '344b1543-dc60-5de6-a9fb-9ebbcde0d396', null),
  ('6dd05a46-1137-5c04-9921-d0434e142ebf', '2581521d-5bdb-5856-b2ad-6a15293d7f95', 6, 'eff1f56c-74f1-517d-848a-1fd223d20ba2', '7e8a6d53-4cc9-56c0-9892-437ca4607269', null),
  ('ff55a59d-c476-5fa7-a1a2-164d5b8a18ca', '2581521d-5bdb-5856-b2ad-6a15293d7f95', 7, 'a97de180-d5d7-52e4-9a14-e95b47d85c34', '344b1543-dc60-5de6-a9fb-9ebbcde0d396', null),
  ('d673301f-b8d3-5d5c-95b9-0cd86983d5aa', '2581521d-5bdb-5856-b2ad-6a15293d7f95', 8, '111925af-ffa6-53c2-afc1-eeafde8d544c', '4c684b5a-5ac6-53ee-a81e-980f4080f0fb', null),
  ('212979f0-2a0b-5f93-9875-e55e2a0d3502', 'ebec1bb9-7188-553c-bdfd-b8e530a208e1', 1, 'c08e7e69-42a2-5b61-ab8a-7ca2b9269a24', '8c61fec8-40e9-572f-8ebd-4290dbdffbec', null),
  ('e6c72e19-5691-5bd5-b4ad-0d1aa30cd662', 'ebec1bb9-7188-553c-bdfd-b8e530a208e1', 2, 'c7bceb9f-6528-5bcc-b416-b9c527b10a6b', '9e5798ac-57e7-543f-be64-1e9776770a2b', null),
  ('b1407ade-9d07-5d8f-8db4-3a35707cf15e', 'ebec1bb9-7188-553c-bdfd-b8e530a208e1', 3, '0736218a-3870-5846-b54c-38eb3174fb64', 'fdac6f26-1309-55d6-9904-0e8d7d434cb5', null),
  ('de6f8ac5-75b4-5e42-8e73-f7a968dacd18', 'ebec1bb9-7188-553c-bdfd-b8e530a208e1', 4, 'aea9379f-e305-5484-bbc2-35250c6c8ff4', '7e8a6d53-4cc9-56c0-9892-437ca4607269', null),
  ('ef57ee7a-b93d-5be5-8e23-16f6cc1577ee', 'ebec1bb9-7188-553c-bdfd-b8e530a208e1', 5, 'bbb916e1-4883-5691-ba14-ec3e9b20e721', '90bc6fdc-ac29-5a0a-b021-46d4901dcf3f', null),
  ('d17106ad-a829-5d42-af7b-615f822768ce', 'ebec1bb9-7188-553c-bdfd-b8e530a208e1', 6, '79170212-ed2f-5b2e-b3b5-6f41d0c0d0d9', '00000000-0000-0000-0000-0000000000a1', null),
  ('c6070708-453f-52c3-a850-b9abf6275a4e', 'ebec1bb9-7188-553c-bdfd-b8e530a208e1', 7, '93bee891-3199-5373-a230-6ed030593800', '8598a84d-d95a-587a-b1fd-d5c6a9ae9d39', null),
  ('373cb83f-5500-5b09-9c3b-d0c6c97f91f3', 'ebec1bb9-7188-553c-bdfd-b8e530a208e1', 8, '02a4674f-bbe3-5996-ae21-d51469202dce', '7e8a6d53-4cc9-56c0-9892-437ca4607269', null),
  ('312a56c1-a629-57b5-a30f-52b6ef36586f', 'b642d779-2977-591b-8b58-30060c746434', 1, '62652b4f-03e6-59cf-ab53-48374b41cd57', '1021a26a-0b00-597a-8cbc-ff36e5d9c769', null),
  ('197da17e-6cf8-51b8-be9a-f073d8392aa6', 'b642d779-2977-591b-8b58-30060c746434', 2, '7da30f21-1f48-5f2a-bc3f-3cc74bc38b58', '6b73903d-b78d-5234-99fd-656a92625764', null),
  ('c938aa90-2d8c-5ce3-bc90-0ea9a1a9cf7b', 'b642d779-2977-591b-8b58-30060c746434', 3, '0cb87c9b-d38b-5c4c-a3c7-382440d3db38', '4c684b5a-5ac6-53ee-a81e-980f4080f0fb', null),
  ('dcc76f23-14c1-5444-8105-8cb48182e173', 'b642d779-2977-591b-8b58-30060c746434', 4, 'de878340-be4f-53ea-a766-fe856c0f4791', '04905c31-5d73-5cb9-91af-0dabc5ba572a', null),
  ('d288bba6-ebda-58b3-b760-ed22685ccf06', 'b642d779-2977-591b-8b58-30060c746434', 5, '35a0345e-0e55-5aa4-a04c-3a7309fc1644', '38cffb0c-b54b-5b8a-8818-be2badc923dd', null),
  ('4acd6c60-48df-5785-aea7-3695f91f9a51', 'b642d779-2977-591b-8b58-30060c746434', 6, '2d6f5dc3-a170-500a-bcc9-81c7ecd8ded0', 'cf00c520-cf02-55ea-8867-f02644ec8045', null),
  ('36b92556-68e2-5e12-ab39-a5d875cd5e85', 'b642d779-2977-591b-8b58-30060c746434', 7, 'fd6b595e-3222-50d1-81cf-d931facd957d', '344b1543-dc60-5de6-a9fb-9ebbcde0d396', null),
  ('bdfa8314-3a41-586e-a889-282d2f977d65', 'b642d779-2977-591b-8b58-30060c746434', 8, '68bca9d6-4de0-5646-9d84-5629ffcfc46c', '7469bc80-fd06-5028-8033-aeb9008a4507', null),
  ('202c9e94-0adb-5a1f-a9e3-899483f8f68d', 'efcc5702-519a-505a-a15f-00c789c4c9bc', 1, '37cd7928-356f-5aeb-8cd7-4e9ed41dd26f', '4c684b5a-5ac6-53ee-a81e-980f4080f0fb', null),
  ('6780a53d-eadb-575d-a5c3-223082ab3c73', 'efcc5702-519a-505a-a15f-00c789c4c9bc', 2, '86969d12-3ff1-584a-a978-d845c16eec0d', '7e8a6d53-4cc9-56c0-9892-437ca4607269', null),
  ('665e847e-c558-55f3-be04-b8cb6508040b', 'efcc5702-519a-505a-a15f-00c789c4c9bc', 3, 'dbdc36a8-4cc6-5e9f-9809-9139c87a1761', 'e85bf284-fd8f-5e64-b555-c134fef0064e', null),
  ('69a3d483-ee2f-50df-a79f-c2949a1a452a', 'efcc5702-519a-505a-a15f-00c789c4c9bc', 4, '515a3b8d-bae8-5776-b4d1-62fe66bf7038', 'e85bf284-fd8f-5e64-b555-c134fef0064e', null),
  ('4b9c2237-f936-556e-a4ea-ec7bae9cc008', 'efcc5702-519a-505a-a15f-00c789c4c9bc', 5, 'c3655fea-aaa2-5efc-a0f6-59f18deec94a', '9e5798ac-57e7-543f-be64-1e9776770a2b', null),
  ('3bd01f9b-d67a-528d-bd9b-345ced0d7174', 'efcc5702-519a-505a-a15f-00c789c4c9bc', 6, '6fafa0e0-1a78-5a30-a653-891d7e7001e4', '520633dd-1fc6-57f7-a2a8-29cfebf61e27', null),
  ('327e527f-6262-52b3-b8ee-dfeadd16d401', 'efcc5702-519a-505a-a15f-00c789c4c9bc', 7, 'dfde83de-1101-553b-a73a-4d7be8d9547a', '344b1543-dc60-5de6-a9fb-9ebbcde0d396', null),
  ('55bbc02e-7962-565d-8923-6869e34770bd', 'efcc5702-519a-505a-a15f-00c789c4c9bc', 8, 'd16dd354-aa67-55f1-aded-8e1fe0e87ef9', '3c2885d6-c220-5920-b054-765a2c1e85d5', null),
  ('5269b506-3414-5d10-8d41-4db1b3e55803', 'a00d2201-e35d-53d5-8590-4bcfc1790d83', 1, '688cb818-4f8f-536a-b248-08d22130789d', 'e59c8987-4896-5ca7-8de1-3e3732deca8e', null),
  ('3253e4bf-655d-572f-a9bf-fe4b5a4255d6', 'a00d2201-e35d-53d5-8590-4bcfc1790d83', 2, '4f0b2995-14ef-5f81-b1c1-c49f0cec9825', '344b1543-dc60-5de6-a9fb-9ebbcde0d396', null),
  ('55ef3a4f-0577-5e57-8272-83e94078ee55', 'a00d2201-e35d-53d5-8590-4bcfc1790d83', 3, 'c9de9f5a-f840-5bee-afa3-ddd014b3843f', '5b5fdbb8-bd84-53b0-8f08-6f2a79cae3c4', null),
  ('a882a6cd-0168-5209-b500-da6867fbc186', 'a00d2201-e35d-53d5-8590-4bcfc1790d83', 4, '7685e7ff-b235-564b-89b4-5fef87eb3b59', '7469bc80-fd06-5028-8033-aeb9008a4507', null),
  ('19808d90-c993-54a7-9dcd-42170dbb7bb2', 'a00d2201-e35d-53d5-8590-4bcfc1790d83', 5, 'b85e94de-3a45-5bd0-acf4-89f907890c51', '344b1543-dc60-5de6-a9fb-9ebbcde0d396', null),
  ('7fdf84b2-f717-5c79-8679-c4c2d5b2965e', 'a00d2201-e35d-53d5-8590-4bcfc1790d83', 6, 'b07152e9-5db4-58e5-a1e5-199cf63c09d3', '7469bc80-fd06-5028-8033-aeb9008a4507', null),
  ('69507403-5ca7-5eb0-8446-692c30fe0938', 'a00d2201-e35d-53d5-8590-4bcfc1790d83', 7, '60c19efc-78fe-50b1-919d-ea973e7632df', '344b1543-dc60-5de6-a9fb-9ebbcde0d396', null),
  ('756a0a74-085e-56ea-b36b-deeca99fa654', 'a00d2201-e35d-53d5-8590-4bcfc1790d83', 8, '2eb32a3a-43af-57f5-bf4d-11b5e03d49ed', 'e85bf284-fd8f-5e64-b555-c134fef0064e', null),
  ('292e20ac-b49d-5f8e-800b-b09f34829006', '82ec3ff3-d7a3-5323-85e1-7c9cadeb88e2', 1, 'ef1b4e9d-26c1-5f0c-a17b-9306a673cf95', '00000000-0000-0000-0000-0000000000a1', null),
  ('be1717d3-58d4-5d74-92c7-96407a5d9497', '82ec3ff3-d7a3-5323-85e1-7c9cadeb88e2', 2, '2044b8cc-de47-5da6-8a03-50c8bb983061', '00000000-0000-0000-0000-0000000000a1', null),
  ('57c3910a-2c44-5274-91ec-f327070cf04a', '82ec3ff3-d7a3-5323-85e1-7c9cadeb88e2', 3, '86b00a43-71fa-57f5-b14f-582edd8ccda8', '344b1543-dc60-5de6-a9fb-9ebbcde0d396', null),
  ('8243e2db-cd41-505f-b314-0df4d2a9dd16', '82ec3ff3-d7a3-5323-85e1-7c9cadeb88e2', 4, 'ebbe6458-a911-53f0-90c6-974ac474ee5b', '04905c31-5d73-5cb9-91af-0dabc5ba572a', null),
  ('8e3ffb59-0dcd-54b1-a2c6-433457157c2e', '82ec3ff3-d7a3-5323-85e1-7c9cadeb88e2', 5, 'f77012d5-4e35-5029-b2ec-70cad71a13c0', '4c684b5a-5ac6-53ee-a81e-980f4080f0fb', null),
  ('cadde681-28a0-53c3-b01e-5e7e9d179501', '82ec3ff3-d7a3-5323-85e1-7c9cadeb88e2', 6, '97658dab-bc3f-5dc7-8965-6e43276bfe59', '5e3a856f-360a-5982-86ab-e4cbb336fe21', null),
  ('cb826ce7-2ed3-5e58-8043-e24e736c5ad8', '82ec3ff3-d7a3-5323-85e1-7c9cadeb88e2', 7, '2267f7b6-8019-5897-8173-f6a6ccff70b7', '3c2885d6-c220-5920-b054-765a2c1e85d5', null),
  ('8e156534-11f4-5288-8471-bd62b7f06824', '82ec3ff3-d7a3-5323-85e1-7c9cadeb88e2', 8, 'd40267d2-c7f8-5930-8a75-603a566ac99a', '7e8a6d53-4cc9-56c0-9892-437ca4607269', null),
  ('93e9f0c1-c594-5e82-a2a0-c70d2f1838c1', '70a556f5-2661-5d48-b2dc-e8f74195e04f', 1, '6da2e1f6-c729-5f19-8648-f43fa306b1b1', '520633dd-1fc6-57f7-a2a8-29cfebf61e27', null),
  ('daf2d386-11a3-54be-9910-2278933ff984', '70a556f5-2661-5d48-b2dc-e8f74195e04f', 2, '21b7518c-2230-5193-9604-fa6391bc6330', '344b1543-dc60-5de6-a9fb-9ebbcde0d396', null),
  ('8f36c355-996d-5ff6-a4d7-d458eaac0797', '70a556f5-2661-5d48-b2dc-e8f74195e04f', 3, '5463b166-527f-579b-964e-d7c140e134ed', 'e85bf284-fd8f-5e64-b555-c134fef0064e', null),
  ('9ea19baa-cee2-5f82-9378-e80afa4083a9', '70a556f5-2661-5d48-b2dc-e8f74195e04f', 4, '5eec7dfa-c227-5faf-9244-a2d35037b125', 'bab3c4d4-7f1f-59e5-b05d-a4f543c06cfb', null),
  ('76ee6f80-ad83-53b6-965d-6d37b5af85ca', '70a556f5-2661-5d48-b2dc-e8f74195e04f', 5, '3ed72a8b-6f64-51c3-8982-28ae0c375790', '3c2885d6-c220-5920-b054-765a2c1e85d5', null),
  ('85f2342c-c904-5e00-824e-791477fd0b36', '70a556f5-2661-5d48-b2dc-e8f74195e04f', 6, '2ae54d69-5eed-5fb3-95fa-5a02e35e083d', '9e5798ac-57e7-543f-be64-1e9776770a2b', null),
  ('61ab5155-eb5e-5a08-929f-0bccb2b53277', '70a556f5-2661-5d48-b2dc-e8f74195e04f', 7, '3986f143-0937-5307-91f6-10d68de42d44', '90bc6fdc-ac29-5a0a-b021-46d4901dcf3f', null),
  ('532c0729-cd50-58b2-a96a-f7e6755213d0', '70a556f5-2661-5d48-b2dc-e8f74195e04f', 8, '34ba4a39-116d-56d5-91f6-40c61967c354', '344b1543-dc60-5de6-a9fb-9ebbcde0d396', null),
  ('f53ace65-dfb9-5945-bc0e-60fafc41c377', '16e36e62-baa0-566a-9001-1c38630f6d00', 1, '3f4552db-ca65-5750-b1c8-338112167928', '8d4059b5-a1e4-52f4-b162-4cb8bf91f4e6', null),
  ('474b2c80-5bfc-54c8-b901-98410c6c26bd', '16e36e62-baa0-566a-9001-1c38630f6d00', 2, 'b999d140-9dca-57ad-aca0-9ca6520c9652', '7469bc80-fd06-5028-8033-aeb9008a4507', null),
  ('c94e99d8-62c0-5fd3-bccb-348ad921bc16', '16e36e62-baa0-566a-9001-1c38630f6d00', 3, '8cc92262-e6d6-5656-bdac-3ed66ba3e9b2', '1021a26a-0b00-597a-8cbc-ff36e5d9c769', null),
  ('ab739782-eac5-5ca1-94ce-af8691ea5b1c', '16e36e62-baa0-566a-9001-1c38630f6d00', 4, '8831b200-b216-5bd4-ba6d-fdfb086134a8', '6b73903d-b78d-5234-99fd-656a92625764', null),
  ('c25a6ada-9ee8-53ae-91dc-b1f99f1e5d2d', '16e36e62-baa0-566a-9001-1c38630f6d00', 5, '6f0b192a-2c23-5b5e-905c-76c3997e0243', '9e5798ac-57e7-543f-be64-1e9776770a2b', null),
  ('fde712fb-901d-5325-8b6f-4f96dd2ef0bd', '16e36e62-baa0-566a-9001-1c38630f6d00', 6, '80718c14-e5f8-51dc-9d5d-49b430399e86', '8204b741-70c6-5870-8811-971a3166ce18', null),
  ('5416482f-7e59-521f-a3ed-d1f357fd3940', '16e36e62-baa0-566a-9001-1c38630f6d00', 7, 'ba4e57bf-53df-5583-b499-05f7599d17bc', '344b1543-dc60-5de6-a9fb-9ebbcde0d396', null),
  ('2ace3e21-2c4a-51c9-bb28-909f21d9efb7', '16e36e62-baa0-566a-9001-1c38630f6d00', 8, '4f52598a-31cb-5061-8ee6-8a017536468e', '7e8a6d53-4cc9-56c0-9892-437ca4607269', null),
  ('ef712138-314f-51bd-89e8-852c09d9c0d6', '390a7440-686c-5057-884e-b3ebd4c50308', 2, '20d64264-1cd2-5854-854e-a0f111eb241e', '00000000-0000-0000-0000-0000000000a1', null),
  ('78ac39eb-1a54-55dd-9fb7-c4636f3d6c7e', '390a7440-686c-5057-884e-b3ebd4c50308', 3, 'c2ba720b-7ddf-51cd-93f3-e5148bdd2801', '93741827-dfe5-532f-b651-6f5066cae0d5', null),
  ('1497ddc2-87f3-55c1-8edc-cf3002cd2738', '390a7440-686c-5057-884e-b3ebd4c50308', 4, 'cf23607d-296d-5d7f-b28d-bacc8fce9812', 'b86ceb48-7de2-5c75-a592-f977deb318a3', null),
  ('e49317c8-8cab-504a-8a66-5e8adbe37e9b', '390a7440-686c-5057-884e-b3ebd4c50308', 5, '1abc66b2-72a3-5e1d-bfdc-147e3d41fff6', '9e5798ac-57e7-543f-be64-1e9776770a2b', null),
  ('801472db-6196-576b-a301-8cdeda633eae', '390a7440-686c-5057-884e-b3ebd4c50308', 6, 'd5f109f3-7a9a-5ea3-8931-b09b6ce049ad', '7e8a6d53-4cc9-56c0-9892-437ca4607269', null),
  ('b6f8e4ed-6273-529c-b1cf-563417305322', '7c880ce3-c0d5-5d88-8a7b-963b472de68a', 1, 'd35c545a-6d25-56fa-aa63-dd3555b83c28', '9e5798ac-57e7-543f-be64-1e9776770a2b', null),
  ('6de968a3-4576-5d1a-b763-80adf6f7356f', '7c880ce3-c0d5-5d88-8a7b-963b472de68a', 2, '03fa6304-fdb2-5d9d-bbb2-d32ca1f44efe', '4d9d1e27-c5d6-555b-880c-71593ea1291a', null),
  ('720880ba-a129-5c42-a18f-7d331bfb0c50', '7c880ce3-c0d5-5d88-8a7b-963b472de68a', 3, '99604537-339a-54e9-9620-d3fd8ca32563', 'e85bf284-fd8f-5e64-b555-c134fef0064e', null),
  ('08d33f5e-b963-588b-a577-2c0dae632275', '7c880ce3-c0d5-5d88-8a7b-963b472de68a', 4, '80759fdf-8596-5930-9feb-65ccddcb8b41', '344b1543-dc60-5de6-a9fb-9ebbcde0d396', null),
  ('bcb7e634-2866-527c-930b-9a23dbe6ab9d', '7c880ce3-c0d5-5d88-8a7b-963b472de68a', 5, '219cb82e-20a1-5f57-9706-806b4f79ec0f', '7e8a6d53-4cc9-56c0-9892-437ca4607269', null),
  ('5bbea9c3-224b-5c47-bedc-beffa0f36fdb', '7c880ce3-c0d5-5d88-8a7b-963b472de68a', 6, 'bac65724-1d45-5c1c-8045-6eff7abe742a', '00000000-0000-0000-0000-0000000000a1', null),
  ('05239d7a-8481-52cd-a4b0-8a0d5f08f51c', '7c880ce3-c0d5-5d88-8a7b-963b472de68a', 7, 'f013b241-d735-5aee-a93c-60094a60d9e2', '8c61fec8-40e9-572f-8ebd-4290dbdffbec', null),
  ('8c807bef-bed5-5dcc-9f66-10e4384c7413', '7c880ce3-c0d5-5d88-8a7b-963b472de68a', 8, '7c2b9c37-4c81-5e0c-a5bd-ee4d4e312890', '7469bc80-fd06-5028-8033-aeb9008a4507', null),
  ('ba90edd2-8b70-5033-88f1-b669fc388649', 'd0d3307a-7b5f-5713-8235-f6492b63cf85', 1, 'bf1a2e42-2229-53b3-8ab8-1dfeacc0f6e9', '93741827-dfe5-532f-b651-6f5066cae0d5', null),
  ('3939858e-b6c4-55a6-89ea-a43b42508026', 'd0d3307a-7b5f-5713-8235-f6492b63cf85', 2, '9d395aed-f3db-54b6-a074-e0e1c4b2d0c2', 'b86ceb48-7de2-5c75-a592-f977deb318a3', null),
  ('9bb1a359-98d3-590a-807c-105bc7973145', 'd0d3307a-7b5f-5713-8235-f6492b63cf85', 3, '25bc672b-700f-520b-aefc-fcd172a4a2e9', '344b1543-dc60-5de6-a9fb-9ebbcde0d396', null),
  ('050cd16b-fe96-548d-b253-d82cd5b676ab', 'd0d3307a-7b5f-5713-8235-f6492b63cf85', 4, 'd5417e17-14a0-5a85-8d4a-5f3c99763061', '7e8a6d53-4cc9-56c0-9892-437ca4607269', null),
  ('29249b22-ee70-5e51-ba7f-35cf5b408b34', 'd0d3307a-7b5f-5713-8235-f6492b63cf85', 5, 'ca3b46b6-b638-5c74-947d-8678bba7b2f7', '7e8a6d53-4cc9-56c0-9892-437ca4607269', null),
  ('0d2b96f6-6443-52f4-a335-b0965fcaebd8', 'd0d3307a-7b5f-5713-8235-f6492b63cf85', 6, '61fa76a2-9496-558e-bf40-c7a64ce4b480', '344b1543-dc60-5de6-a9fb-9ebbcde0d396', null),
  ('d59c6500-b9ae-59ee-8335-bd41f3c19662', 'd0d3307a-7b5f-5713-8235-f6492b63cf85', 7, '6341df3d-fd95-5698-acaf-0469b6139d83', '344b1543-dc60-5de6-a9fb-9ebbcde0d396', null),
  ('66309972-39e4-527a-8aa0-66949d87dc10', 'd0d3307a-7b5f-5713-8235-f6492b63cf85', 8, '807d7e6c-e699-5f03-af3f-2a25a0e47bed', '00000000-0000-0000-0000-0000000000a1', null),
  ('735839be-74e3-55d9-9be6-0e7f652df814', '22a19934-6fc2-5a88-b413-3a2aa57f73bb', 1, '06950f08-d420-5090-abad-e40cae64d7af', '1021a26a-0b00-597a-8cbc-ff36e5d9c769', null),
  ('90477e92-4ca1-59be-8342-2e29d0f1f9a0', '22a19934-6fc2-5a88-b413-3a2aa57f73bb', 2, '09ad904c-0af1-5d10-a7e5-25211e76a6d5', '00000000-0000-0000-0000-0000000000a1', null),
  ('ac5e6d01-32aa-5edd-862d-219e10d5c24f', '22a19934-6fc2-5a88-b413-3a2aa57f73bb', 3, 'b193c76a-5d35-507d-9ac4-e4f2f2035d3f', '00000000-0000-0000-0000-0000000000a1', null),
  ('a1277a2f-9e9e-5bb5-b095-3cba02d82354', '22a19934-6fc2-5a88-b413-3a2aa57f73bb', 4, '38c27269-f9c7-57f0-87c7-c1aa08e2c5a2', '0ac41011-9d57-5ba2-9556-7590a8be8268', null),
  ('4b90afbb-9a9b-51fd-bd58-1cb6d0d04b69', '22a19934-6fc2-5a88-b413-3a2aa57f73bb', 5, 'fa7fe470-c1e6-54b0-baca-41bc9a403425', '93741827-dfe5-532f-b651-6f5066cae0d5', null),
  ('2fb5ea85-6313-5f9c-96f1-f891e0087fe4', '22a19934-6fc2-5a88-b413-3a2aa57f73bb', 6, '29f6e0e8-97bb-5b5e-afa5-a1afb527667a', '344b1543-dc60-5de6-a9fb-9ebbcde0d396', null),
  ('6a5c3023-48ad-58bb-b367-5d8255f125a2', '22a19934-6fc2-5a88-b413-3a2aa57f73bb', 7, 'b9175a71-f022-5ea6-8787-6e950d5fbf19', '344b1543-dc60-5de6-a9fb-9ebbcde0d396', null),
  ('71c75536-10ca-548a-b1c3-dac51bbf9b5e', '22a19934-6fc2-5a88-b413-3a2aa57f73bb', 8, '018f2f63-7040-5a23-901e-27a36404a2e4', '344b1543-dc60-5de6-a9fb-9ebbcde0d396', null),
  ('1e963afd-8fd3-5822-86c3-999b436136cb', '99ecce84-94e5-507a-a265-d766ea91c2fc', 1, '5935bbfd-a205-53c6-a958-16373932385d', '9e5798ac-57e7-543f-be64-1e9776770a2b', null),
  ('4ffec9cc-ca4b-5537-a7f9-3c3a71a16f9f', '99ecce84-94e5-507a-a265-d766ea91c2fc', 2, '7c7e5d04-8bea-55a9-8a92-1a5e3c0409f9', 'e59c8987-4896-5ca7-8de1-3e3732deca8e', null),
  ('a61441b5-6d7f-56a4-8fae-33b87a95e2d3', '99ecce84-94e5-507a-a265-d766ea91c2fc', 3, 'dfb486a3-d31f-5f86-9953-97a4220945ed', '344b1543-dc60-5de6-a9fb-9ebbcde0d396', null),
  ('aedb1526-4b37-5051-b87b-bf5fba2cbba1', '99ecce84-94e5-507a-a265-d766ea91c2fc', 4, 'c0eddb51-aa10-5efa-96af-38cbc813e874', '344b1543-dc60-5de6-a9fb-9ebbcde0d396', null),
  ('f8f9021a-d1cc-5764-8a59-85dd511c3f75', '99ecce84-94e5-507a-a265-d766ea91c2fc', 5, 'b102de49-4a85-5adc-a2ae-672aa1fe5c36', '7f0a9f39-9a68-59d4-9321-0cd0ea1ff69f', null),
  ('7f4ba934-7c34-5637-b8bf-ea2604c5c53f', '99ecce84-94e5-507a-a265-d766ea91c2fc', 6, '15ba5432-03c4-527c-a69b-60ddc5ccdc1e', '520633dd-1fc6-57f7-a2a8-29cfebf61e27', null),
  ('d41f089d-1ab1-5b70-89c7-8848a0fdb139', '99ecce84-94e5-507a-a265-d766ea91c2fc', 7, 'b21eaddc-5a0f-58ca-9522-f2b98f1b2037', 'b86ceb48-7de2-5c75-a592-f977deb318a3', null),
  ('88ef4900-442b-5622-b6d9-39a210de71e9', '99ecce84-94e5-507a-a265-d766ea91c2fc', 8, '7c72b67c-92a0-5ee1-ae4c-310b1708b29f', '8d4059b5-a1e4-52f4-b162-4cb8bf91f4e6', null),
  ('002f8b89-d102-52c0-a031-10fbd6b30fc2', 'cf1a7228-a2eb-5d86-abbd-2a22060dee72', 2, 'ca570648-2eb8-56ba-b197-258600ce666b', '520633dd-1fc6-57f7-a2a8-29cfebf61e27', null),
  ('879ed768-a471-5feb-8605-3220fc98199c', 'cf1a7228-a2eb-5d86-abbd-2a22060dee72', 3, '25a195be-b458-5e89-9119-2e8508554f8d', '00000000-0000-0000-0000-0000000000a1', null),
  ('b278185d-b8de-5023-9fe6-57b1c32950ef', 'cf1a7228-a2eb-5d86-abbd-2a22060dee72', 4, '08e9914d-fca3-5eb0-a57e-6623a6aa593d', '7e8a6d53-4cc9-56c0-9892-437ca4607269', null),
  ('6da457d4-9163-5d3c-8c62-a6ed452f3546', 'cf1a7228-a2eb-5d86-abbd-2a22060dee72', 5, '3ca44507-15b4-5d68-971c-59df897a0f16', '00000000-0000-0000-0000-0000000000a1', null),
  ('53abd48c-25c0-52a8-b42a-0f1065ad56d0', 'cf1a7228-a2eb-5d86-abbd-2a22060dee72', 6, '2f7b1afa-5ec7-5fb8-949b-c21671b4024c', '267af775-3ea9-5653-abad-779ae472d437', null),
  ('ab6a8ebb-25b1-5ee1-b638-f51af16364da', 'cf1a7228-a2eb-5d86-abbd-2a22060dee72', 7, 'a2bb2650-cb7e-535f-9a69-95f5647e2ded', 'b3fb239e-d680-5f40-a2c3-a09c542965df', null),
  ('7d770d89-cf8f-5655-97cd-296fe1f4a048', 'db399dfe-2e3b-5c1f-9282-48c812fd438e', 1, '4ab09e8a-729e-5668-b519-161c8ac202e1', '8d4059b5-a1e4-52f4-b162-4cb8bf91f4e6', null),
  ('3f420a01-0347-514f-856f-736ec4bd0332', 'db399dfe-2e3b-5c1f-9282-48c812fd438e', 2, '4dd783e7-0fc1-553f-ac92-d6a97499cbf1', '344b1543-dc60-5de6-a9fb-9ebbcde0d396', null),
  ('22dd3f9a-dc2c-5e7d-8185-a40efab3c0fe', 'db399dfe-2e3b-5c1f-9282-48c812fd438e', 3, 'e6ce024f-7e3a-5a55-bb6f-1f1a5277cf1b', 'e85bf284-fd8f-5e64-b555-c134fef0064e', null),
  ('a975a38c-f97d-5754-a21e-58dbf8308f62', 'db399dfe-2e3b-5c1f-9282-48c812fd438e', 4, '2d03673d-8148-5190-9df7-51c45855d07f', '96258415-96b1-5c54-bafc-eba2e199ce62', null),
  ('e80405d8-a0a7-5776-a1a1-b351f0dba1ee', 'db399dfe-2e3b-5c1f-9282-48c812fd438e', 5, '494bcb82-020b-58b4-9830-f3b90ebb10d5', '344b1543-dc60-5de6-a9fb-9ebbcde0d396', null),
  ('c54441c7-27e8-592e-bf12-e85b627d14cd', 'db399dfe-2e3b-5c1f-9282-48c812fd438e', 6, '87f323e3-b9b1-52ca-ae6f-594b08d668d1', '344b1543-dc60-5de6-a9fb-9ebbcde0d396', null),
  ('eaaa32b8-9ce9-5dde-80b6-f24446d292e7', 'db399dfe-2e3b-5c1f-9282-48c812fd438e', 7, '563a4a17-9b37-5772-b04b-db0d96656f87', '4c684b5a-5ac6-53ee-a81e-980f4080f0fb', null),
  ('d151dc2e-4377-5f3f-9b30-cb637b9de6b6', 'db399dfe-2e3b-5c1f-9282-48c812fd438e', 8, '64620186-250f-5b73-930e-901cf9816431', '4c684b5a-5ac6-53ee-a81e-980f4080f0fb', null),
  ('4da98383-d6d0-5e95-8d45-65ff56b6b64f', '2dd97d53-56c8-571c-b78d-a7a96c861f80', 1, 'f8afffb5-9de6-574c-a0d4-343038f10586', '3c2885d6-c220-5920-b054-765a2c1e85d5', null),
  ('6ec3f2d1-1872-5c20-bb32-c9b7d173cd8a', '2dd97d53-56c8-571c-b78d-a7a96c861f80', 2, 'afcd618c-5d33-5657-aa94-7b9648662ed2', '3c2885d6-c220-5920-b054-765a2c1e85d5', null),
  ('899bdbea-02fe-5b7b-9358-f67526e1236c', '2dd97d53-56c8-571c-b78d-a7a96c861f80', 3, '996125a7-d88c-5ef3-9a88-7a43f9dee9b4', '0ac41011-9d57-5ba2-9556-7590a8be8268', null),
  ('c149e660-a7d9-5064-8482-1809c47a1781', '2dd97d53-56c8-571c-b78d-a7a96c861f80', 4, 'a7308838-32bb-559f-9898-ef8ea8d9ba56', '344b1543-dc60-5de6-a9fb-9ebbcde0d396', null),
  ('39d7dfd9-6a16-53a2-bb6b-bacab8a1095d', '2dd97d53-56c8-571c-b78d-a7a96c861f80', 5, 'dfef423a-bb21-52d3-b1d4-07d5de9379a3', 'b3fb239e-d680-5f40-a2c3-a09c542965df', null),
  ('42311ed3-586d-5991-8632-7c0622b12e9b', '2dd97d53-56c8-571c-b78d-a7a96c861f80', 6, '883506cd-af00-5892-9e64-3e526128721f', '7469bc80-fd06-5028-8033-aeb9008a4507', null),
  ('441c287d-2818-5da7-8413-96b130162526', '2dd97d53-56c8-571c-b78d-a7a96c861f80', 7, '1ae3d2b4-f10a-52f1-8ea5-a786fef2ef97', '46c94418-9915-5783-a9dd-2dcfdd21920b', null),
  ('e115e064-b88e-59ac-a362-af9b41a1fdd8', '2dd97d53-56c8-571c-b78d-a7a96c861f80', 8, '7e056b60-a1f5-529c-a51c-d7df0867965b', 'ed88d3bc-c065-5209-9304-730080420f1e', null),
  ('305e4d8a-07dc-5aac-8a62-cf89d08cedb9', '34653923-0b60-54f3-839f-bc1e02487fe9', 1, '70334a76-6a97-5cd5-9c3f-e2eac195b778', '8c61fec8-40e9-572f-8ebd-4290dbdffbec', null),
  ('9ee9f11f-3841-5ba9-8f1e-77e6d79ce32f', '34653923-0b60-54f3-839f-bc1e02487fe9', 2, '8ffedcfc-83e9-5c4c-aea9-526a937794eb', '9e5798ac-57e7-543f-be64-1e9776770a2b', null),
  ('44b01f15-e5fb-5812-ae81-5dbba8e33681', '34653923-0b60-54f3-839f-bc1e02487fe9', 3, '29e92f2e-2480-5510-a3d0-34358fc29307', '00000000-0000-0000-0000-0000000000a1', null),
  ('d1c24a3f-2e37-581b-9762-d6f24d4a8d63', '34653923-0b60-54f3-839f-bc1e02487fe9', 4, '656fdabc-4d22-564c-80b8-94d2655d1ed9', '7e8a6d53-4cc9-56c0-9892-437ca4607269', null),
  ('3489b0b1-95fb-54bf-8166-769c1cb9ae53', '34653923-0b60-54f3-839f-bc1e02487fe9', 5, '6bcad20a-26ed-562f-a941-192a03e4b990', '344b1543-dc60-5de6-a9fb-9ebbcde0d396', null),
  ('4e14b9ac-8bfa-5ca6-9eea-db2865458ce5', '34653923-0b60-54f3-839f-bc1e02487fe9', 6, '4f8cb84c-bcae-5525-b51c-87c7edad5c1a', '00000000-0000-0000-0000-0000000000a1', null),
  ('47735de1-f886-5c76-b86d-980dd44ee8f6', '34653923-0b60-54f3-839f-bc1e02487fe9', 7, 'c4358f87-1790-5efc-9089-a2c3a5b47aa4', '00000000-0000-0000-0000-0000000000a1', null),
  ('cb005c82-e9c7-5357-9f06-5734aa7281e0', '34653923-0b60-54f3-839f-bc1e02487fe9', 8, '1947d654-a4c0-5dd9-8174-0fd8a5bf6156', '4d9d1e27-c5d6-555b-880c-71593ea1291a', null),
  ('2a2d0a8d-05f2-5b61-be27-ecd8009f5d4d', '92fc1d76-1875-5e2a-a6e2-87743eaa8abe', 1, '8da98921-b055-5fbc-91d1-1748f97045a0', '2c9dd30b-be9e-5c65-a862-a4817c4f2efc', null),
  ('dd597a39-2dbc-5240-82ca-cf3255ae522d', '92fc1d76-1875-5e2a-a6e2-87743eaa8abe', 2, '02bf8ad5-c454-5324-9f4e-9490364fc22e', '9e5798ac-57e7-543f-be64-1e9776770a2b', null),
  ('e692fba9-22f9-5f82-b274-b9265302e6d2', '92fc1d76-1875-5e2a-a6e2-87743eaa8abe', 3, '766feea0-5136-5962-b336-f1a7cc7a0a89', 'b47e0394-b7b8-5150-b85f-f3e732b88e11', null),
  ('079d1bfa-5fe8-5328-874a-d8b5b097dde9', '92fc1d76-1875-5e2a-a6e2-87743eaa8abe', 4, 'b31b328e-17b8-5f9d-a748-b5ed9cc0e33f', '9e5798ac-57e7-543f-be64-1e9776770a2b', null),
  ('6dea2e70-cdc9-50f1-8cb3-8ad78955a9c6', '92fc1d76-1875-5e2a-a6e2-87743eaa8abe', 5, 'fe7c5fd1-c2f6-5e0f-b4e4-76046be4c339', '344b1543-dc60-5de6-a9fb-9ebbcde0d396', null),
  ('2e1052f6-e095-5f57-a606-af5ede236757', '92fc1d76-1875-5e2a-a6e2-87743eaa8abe', 6, 'b932e9af-b5e3-5900-a928-9197ebedc90d', '4c684b5a-5ac6-53ee-a81e-980f4080f0fb', null),
  ('a2173979-9a80-51e6-81a7-5a733e06ef44', '92fc1d76-1875-5e2a-a6e2-87743eaa8abe', 7, '718a1611-75fe-55c9-bff9-099bef7c1419', '344b1543-dc60-5de6-a9fb-9ebbcde0d396', null),
  ('e28da0f0-1b21-5569-870b-155fc325f11a', '92fc1d76-1875-5e2a-a6e2-87743eaa8abe', 8, '0bc78822-f9b7-50cc-903e-9e63a7e4134b', '0ac41011-9d57-5ba2-9556-7590a8be8268', null),
  ('1be6a2f4-a76a-5bee-a491-a4ef8d829540', '6db070bf-4686-504c-bd1c-9b5800c8fac3', 1, 'd36a1fef-f72f-55cf-8761-e6483ed5674e', '344b1543-dc60-5de6-a9fb-9ebbcde0d396', null),
  ('a90c9a91-93ba-58a3-816c-c509b6eb56b1', '6db070bf-4686-504c-bd1c-9b5800c8fac3', 2, '3ed4d781-d409-5b01-8059-d959f1343d6c', 'b8b9d7d9-2580-5d70-a3fb-267e2c9d02dd', null),
  ('59bb6599-d28a-5a9d-9c4c-cc03b37d4e02', '6db070bf-4686-504c-bd1c-9b5800c8fac3', 3, '066d30e9-8c70-5a5a-adf5-262fdb0f020c', '344b1543-dc60-5de6-a9fb-9ebbcde0d396', null),
  ('5beaf94b-39fa-5d98-917b-67f8e2375643', '6db070bf-4686-504c-bd1c-9b5800c8fac3', 4, '42dea28f-efb2-5f2d-b1e4-d1c89f943c2a', '483aa180-88f7-51bc-b8d0-809f9e9e626a', null),
  ('40d59308-3ec6-5cdc-89f2-eb730d7da6ce', '6db070bf-4686-504c-bd1c-9b5800c8fac3', 5, '548af54a-8a6c-50d5-9960-375be47d0309', '3c2885d6-c220-5920-b054-765a2c1e85d5', null),
  ('696341ff-1a35-51bc-84a5-f9b89990d7ec', '6db070bf-4686-504c-bd1c-9b5800c8fac3', 6, '055ac7a7-ae8a-51c7-978b-43622572cf44', '96258415-96b1-5c54-bafc-eba2e199ce62', null),
  ('a41d4f2f-08e5-57ae-a683-f0a0e0d49087', '6db070bf-4686-504c-bd1c-9b5800c8fac3', 7, '83fc2cfb-29d2-594f-a151-b684af6e5f88', '4c684b5a-5ac6-53ee-a81e-980f4080f0fb', null),
  ('5f784489-9a80-5a94-8421-0dfb9b2be4bd', '6db070bf-4686-504c-bd1c-9b5800c8fac3', 8, '0482e15e-d776-5baf-aad0-3f6297476924', '7e8a6d53-4cc9-56c0-9892-437ca4607269', null),
  ('ec39994b-b21f-572f-8ac9-b34b23b3a0ac', 'd5c7a8b3-f31c-532b-b95f-fac86bdd423f', 1, 'ec3808b8-fbb1-5901-9cab-076b37a70f70', '7e8a6d53-4cc9-56c0-9892-437ca4607269', null),
  ('116ab96c-c28e-5cdc-ac14-5e7e848c1b23', 'd5c7a8b3-f31c-532b-b95f-fac86bdd423f', 2, 'e6868ccd-7b91-59db-8be1-74f7e8deac3f', '7e8a6d53-4cc9-56c0-9892-437ca4607269', null),
  ('6a2fdee0-5e6d-5b75-92fd-71c2665fc058', 'd5c7a8b3-f31c-532b-b95f-fac86bdd423f', 3, '1a56cdb5-4229-5a14-a448-5227293e7b66', '7e8a6d53-4cc9-56c0-9892-437ca4607269', null),
  ('17605bd9-78dd-5318-956f-7e18a67f04f2', 'd5c7a8b3-f31c-532b-b95f-fac86bdd423f', 4, 'af447db5-70ad-579f-8358-9679e1d2c4f1', '8d4059b5-a1e4-52f4-b162-4cb8bf91f4e6', null),
  ('8d403665-6635-5ba7-8245-11beea8c5ae8', 'd5c7a8b3-f31c-532b-b95f-fac86bdd423f', 5, '4c3b1be7-0fe3-5a6a-81ac-4cfc8016dd30', '00000000-0000-0000-0000-0000000000a1', null),
  ('4116227d-33d6-5d78-9962-7f83eacdbae6', 'd5c7a8b3-f31c-532b-b95f-fac86bdd423f', 6, '6a49ef5e-18e8-56b6-b1bb-1cc4713c0cc1', 'b3fb239e-d680-5f40-a2c3-a09c542965df', null),
  ('f2e3ca19-5612-5dc3-ba95-86e4f6540ab4', 'd5c7a8b3-f31c-532b-b95f-fac86bdd423f', 7, 'b0d3d31c-2472-5b61-9b6c-2ac1a314f95a', '344b1543-dc60-5de6-a9fb-9ebbcde0d396', null),
  ('a4654703-775f-5153-9925-d7a8960f58b9', 'd5c7a8b3-f31c-532b-b95f-fac86bdd423f', 8, '54eb54ce-2ba8-5203-b4f1-6b5eed37f50d', '1021a26a-0b00-597a-8cbc-ff36e5d9c769', null),
  ('cb6d2d4d-4ce5-5115-9a66-da4a7ac2a94b', 'e5c483c8-4512-5f5e-94cf-70c25c234304', 1, '82d30371-fe64-5da3-a797-36eb7c868b6f', 'e85bf284-fd8f-5e64-b555-c134fef0064e', null),
  ('cdf5bd08-edd8-5c4e-8efb-4ac02f102b8c', 'e5c483c8-4512-5f5e-94cf-70c25c234304', 2, '5aea93e6-74ac-5771-ac86-66e4ff400bcd', 'fdac6f26-1309-55d6-9904-0e8d7d434cb5', null),
  ('bf69ffbd-7a80-5a17-a728-538de9bbfcba', 'e5c483c8-4512-5f5e-94cf-70c25c234304', 3, '370270bf-6ee1-509d-881a-372296a8b044', '46c94418-9915-5783-a9dd-2dcfdd21920b', null),
  ('190dffea-df67-539a-bbc6-0650c3eb62be', 'e5c483c8-4512-5f5e-94cf-70c25c234304', 4, 'ae9d2aa3-16fd-5aa3-a9fc-a3c87b72986f', '7469bc80-fd06-5028-8033-aeb9008a4507', null),
  ('ea75f2cc-b6e5-5b39-8dd9-ca6cd7a1c661', 'e5c483c8-4512-5f5e-94cf-70c25c234304', 5, '3c6a5aec-c807-5d8e-abc4-986012e336a6', '46c94418-9915-5783-a9dd-2dcfdd21920b', null),
  ('22248a23-f0cf-5fd5-8c5a-ee3cc557eabf', 'e5c483c8-4512-5f5e-94cf-70c25c234304', 6, '4526ffb5-e620-55fe-962d-38f57f223c47', '8c61fec8-40e9-572f-8ebd-4290dbdffbec', null),
  ('5994f4e9-c918-56c9-a051-ddd530e68f6c', 'e5c483c8-4512-5f5e-94cf-70c25c234304', 7, '102aa1d4-6402-5e64-9ca0-be7cf614c120', '344b1543-dc60-5de6-a9fb-9ebbcde0d396', null),
  ('b6f80f3f-d7db-5f3e-aec1-b7e748831ba7', 'e5c483c8-4512-5f5e-94cf-70c25c234304', 8, '65b4531f-8eaf-5c31-8c58-8d7ce99cf698', '7e8a6d53-4cc9-56c0-9892-437ca4607269', null),
  ('9cc60305-8f7c-5465-8ab2-625f61d704ea', 'e86d86ba-1ff7-5901-80d0-46bce5e42e8f', 3, '3e6ad999-dc7a-565a-af9f-a83cd5f91935', '344b1543-dc60-5de6-a9fb-9ebbcde0d396', null),
  ('29e1a466-0854-51e2-a53b-5c0e35a2264b', 'e86d86ba-1ff7-5901-80d0-46bce5e42e8f', 4, 'b8c08a12-5518-509b-9fd3-bc8e558fb733', '2c9dd30b-be9e-5c65-a862-a4817c4f2efc', null),
  ('daaad6b1-7995-5326-9e17-9b36aa4d1170', 'e86d86ba-1ff7-5901-80d0-46bce5e42e8f', 5, '4e826f08-e8fd-54fb-a854-e9519165f174', '5b5fdbb8-bd84-53b0-8f08-6f2a79cae3c4', null),
  ('454d87f4-04bc-5671-9c03-c7cde46a041e', 'e86d86ba-1ff7-5901-80d0-46bce5e42e8f', 6, '8f90baf0-0fe1-58c0-bdf4-93fbc982dfce', '7e8a6d53-4cc9-56c0-9892-437ca4607269', null),
  ('8ddffa6e-e8f0-5e2e-bf8f-80575c5bde91', '84730895-915a-54d5-b509-df6948d522f4', 1, 'cdd8cb0f-fd46-5aec-a66b-3985ad9098d3', '8204b741-70c6-5870-8811-971a3166ce18', null),
  ('d41b0c49-662e-58e3-aa1e-b3aa86d3bf8f', '84730895-915a-54d5-b509-df6948d522f4', 2, 'a64119e5-2226-56a0-8ab8-09381f77478d', 'e59c8987-4896-5ca7-8de1-3e3732deca8e', null),
  ('8b1b6d7a-f231-5ca6-a4eb-8a54586032cf', '84730895-915a-54d5-b509-df6948d522f4', 3, 'aa034363-c3d4-5b83-b164-c2c8dd902911', '344b1543-dc60-5de6-a9fb-9ebbcde0d396', null),
  ('6b2baa1b-dd49-546e-b888-8a3be401cb01', '84730895-915a-54d5-b509-df6948d522f4', 4, 'b077423e-fac8-5ad1-aeff-bb52f5f5459f', '8204b741-70c6-5870-8811-971a3166ce18', null),
  ('86501291-5da6-5ac7-881b-6dd229e0f35f', '84730895-915a-54d5-b509-df6948d522f4', 5, 'eef8aaeb-c575-5608-aa31-b4d133bb244a', '7e8a6d53-4cc9-56c0-9892-437ca4607269', null),
  ('bdb6b9d0-f7e9-558d-8295-ff87a323436b', '84730895-915a-54d5-b509-df6948d522f4', 6, 'f3aba40a-532c-5a25-8ebb-dff1acb9f61c', '4c684b5a-5ac6-53ee-a81e-980f4080f0fb', null),
  ('0d783763-6187-5c6f-8aaa-8a973e9527bb', '84730895-915a-54d5-b509-df6948d522f4', 7, '07afdba0-c169-5a59-b07e-ad90b5c1a196', '9e5798ac-57e7-543f-be64-1e9776770a2b', null),
  ('0bb4aff0-0b90-5251-915f-f67fe2ffe076', '84730895-915a-54d5-b509-df6948d522f4', 8, 'fa04f666-8d59-5936-beca-cf0bac7b536d', '00000000-0000-0000-0000-0000000000a1', null),
  ('f11ffe0b-0ca9-50a5-b95f-827190a0140e', '2a2940a8-1fe6-53aa-a259-dbf728718967', 1, 'bff51a32-deb2-53f4-91ce-426a30f236f3', '8d4059b5-a1e4-52f4-b162-4cb8bf91f4e6', null),
  ('c55b7a87-ff4b-5b13-b9f3-0fb761be202e', '2a2940a8-1fe6-53aa-a259-dbf728718967', 2, '055257c6-1e3f-5c99-a751-6c749b48f3d1', '00000000-0000-0000-0000-0000000000a1', null),
  ('1deb264d-075a-504b-8512-8e3d4e867cad', '2a2940a8-1fe6-53aa-a259-dbf728718967', 3, '41166b4f-e082-57b0-885d-965ed5c8e7dc', '8204b741-70c6-5870-8811-971a3166ce18', null),
  ('4120a502-a087-5257-8c18-3038001ae263', '2a2940a8-1fe6-53aa-a259-dbf728718967', 4, '553e6973-d3c3-5712-8a52-cddb0349e231', '2c9dd30b-be9e-5c65-a862-a4817c4f2efc', null),
  ('22fa5a6b-bf4e-5510-98b8-da58d3ac6add', '2a2940a8-1fe6-53aa-a259-dbf728718967', 5, 'cf5d6c18-e51a-5ce5-84ec-b090dad6b4a4', '9e5798ac-57e7-543f-be64-1e9776770a2b', null),
  ('743ddf20-bfff-550d-a63e-07c1d7ef74f7', '2a2940a8-1fe6-53aa-a259-dbf728718967', 6, '5dbdbfb3-9e3b-513d-a65b-7ebb7ca07077', '9e5798ac-57e7-543f-be64-1e9776770a2b', null),
  ('235cc94a-e00d-5b1c-a0bc-f78dde376840', '2a2940a8-1fe6-53aa-a259-dbf728718967', 7, 'e0718778-c0a8-586c-84d2-564f568069aa', 'b3fb239e-d680-5f40-a2c3-a09c542965df', null),
  ('ccb14e39-78a3-52d1-8587-7a4035d34f59', '2a2940a8-1fe6-53aa-a259-dbf728718967', 8, '53767b28-89b7-54d4-b57f-3ca78ec29d0b', '344b1543-dc60-5de6-a9fb-9ebbcde0d396', null),
  ('29fff7a3-9b8e-54d6-a962-26f57177141c', '7cc05941-0c81-57c6-987c-b6b7c186f16a', 1, '74b6577c-941b-5452-add7-e862af39dea0', '344b1543-dc60-5de6-a9fb-9ebbcde0d396', null),
  ('7a5743ef-dc6b-59f4-9d33-23e06dfd54b3', '7cc05941-0c81-57c6-987c-b6b7c186f16a', 2, '8b9fc97a-8202-5b0b-b5b2-43b7426ff5dd', 'b3fb239e-d680-5f40-a2c3-a09c542965df', null),
  ('2cfd9cea-ae02-535a-bddf-0e7c66af20a3', '7cc05941-0c81-57c6-987c-b6b7c186f16a', 3, '9788903f-c4ba-5512-8e60-d125b1372661', '7edb0022-cd14-5006-bf83-f87d3be5e4ca', null),
  ('1577b6fc-e114-5588-885b-883b57ad608c', '7cc05941-0c81-57c6-987c-b6b7c186f16a', 4, '090faee9-8d27-5382-bc3a-a4a064fc1820', 'e85bf284-fd8f-5e64-b555-c134fef0064e', null),
  ('888dd84d-3fba-5337-ba67-15aaa241e4e5', '7cc05941-0c81-57c6-987c-b6b7c186f16a', 5, '63c252bc-20bb-57d6-ba6e-384e265f3abf', '9e5798ac-57e7-543f-be64-1e9776770a2b', null),
  ('dcd693f7-bf1c-56dd-a873-c08688d413b3', '7cc05941-0c81-57c6-987c-b6b7c186f16a', 6, '45dff943-4d23-514c-8ea0-fbc8fcc60900', '891692c4-f560-5e6f-94f6-a4e735f623ea', null),
  ('f3c1a3f6-7a60-52b6-9961-3bd24c76c0ff', '7cc05941-0c81-57c6-987c-b6b7c186f16a', 7, 'cb80214a-b23a-5613-8016-0d6d9211767d', 'e85bf284-fd8f-5e64-b555-c134fef0064e', null),
  ('f06103da-bba4-55e4-8e7b-e59bbea4b0ec', '7cc05941-0c81-57c6-987c-b6b7c186f16a', 8, 'dee66dbc-5481-53fa-8192-d4c81d8af128', '344b1543-dc60-5de6-a9fb-9ebbcde0d396', null),
  ('777ebc88-cccf-5365-9b4a-1d0dd3f4d353', '8766fb60-8a47-5f96-9388-3f0be6dd169e', 1, '9e3c2001-a434-5a70-a0e8-f89630d2febe', '2c9dd30b-be9e-5c65-a862-a4817c4f2efc', null),
  ('143e42a9-043c-5843-ba2d-2334d88890b0', '8766fb60-8a47-5f96-9388-3f0be6dd169e', 2, '47c690c1-fd9b-5de1-b719-461c9e6eea00', '00000000-0000-0000-0000-0000000000a1', null),
  ('51b249d7-35d4-51e6-b09b-9f4bd54b9bb5', '8766fb60-8a47-5f96-9388-3f0be6dd169e', 3, '3cb600a2-01bf-5883-90d2-73a26dc6ce7a', '344b1543-dc60-5de6-a9fb-9ebbcde0d396', null),
  ('88852183-d16a-50ee-b376-fb6e92a0590d', '8766fb60-8a47-5f96-9388-3f0be6dd169e', 4, '25abe60b-a6cb-562e-84ec-74763b7df938', '40f21282-0ed9-5061-91b0-2b7320fa6cb7', null),
  ('8e734901-fd1e-5b5c-bc40-317263be15d6', '8766fb60-8a47-5f96-9388-3f0be6dd169e', 5, '27a68950-139d-50fc-a540-8a5d0285ddcb', '2c9dd30b-be9e-5c65-a862-a4817c4f2efc', null),
  ('91a4ee38-420a-594d-b81c-5f33637d2b3c', '8766fb60-8a47-5f96-9388-3f0be6dd169e', 6, 'b9602173-96da-5c52-a602-e1164a1ab9bd', '93741827-dfe5-532f-b651-6f5066cae0d5', null),
  ('25024314-e4af-5956-ba5e-92fa806e8743', '8766fb60-8a47-5f96-9388-3f0be6dd169e', 7, '2cc7dae8-5663-5660-b7c7-e26e616d3534', '7e8a6d53-4cc9-56c0-9892-437ca4607269', null),
  ('2abc9d13-777d-5b58-9c42-4f3f0e17e196', '8766fb60-8a47-5f96-9388-3f0be6dd169e', 8, '3fda3941-cd90-5bcb-b5ef-a9a839d97c32', '0ac41011-9d57-5ba2-9556-7590a8be8268', null),
  ('0501f2f4-fd4f-5bdd-95ab-1f67e8bce0aa', 'eb1c0007-9341-5563-a40e-4f3bdaf9257a', 1, 'f70eb91a-3cd5-5073-9973-f620ab174c9d', 'bab3c4d4-7f1f-59e5-b05d-a4f543c06cfb', null),
  ('388a4bc8-1e90-56cb-91ee-f7b2a9fd1c19', 'eb1c0007-9341-5563-a40e-4f3bdaf9257a', 2, 'c51eef5d-121b-50ef-8dbf-bda82683f4ce', '8204b741-70c6-5870-8811-971a3166ce18', null),
  ('be069740-0b53-5007-b8f3-3e8a5dcb7504', 'eb1c0007-9341-5563-a40e-4f3bdaf9257a', 3, 'f2112c20-39ab-5650-8960-b0c1b0cf8286', '3729daa3-c8d0-535c-a116-bf50d128fe3d', null),
  ('51aa7a78-09fc-588a-8378-2fd9d30dd1d7', 'eb1c0007-9341-5563-a40e-4f3bdaf9257a', 4, 'fc4f29d0-4b7f-54dd-ba17-832b7ef2cea3', '344b1543-dc60-5de6-a9fb-9ebbcde0d396', null),
  ('b1b46564-1e38-5ad9-9661-3125f782e146', 'eb1c0007-9341-5563-a40e-4f3bdaf9257a', 5, 'ba7225d2-e18b-5fb0-b75b-67e860e62547', '9e5798ac-57e7-543f-be64-1e9776770a2b', null),
  ('3108ed55-0ad7-5e83-9445-2ec4737f76be', 'eb1c0007-9341-5563-a40e-4f3bdaf9257a', 6, '9738c7b7-0464-5b7d-bd34-228f70af4598', '344b1543-dc60-5de6-a9fb-9ebbcde0d396', null),
  ('e9f6b8b7-3d26-57e1-beb4-1f90dde57d2c', 'eb1c0007-9341-5563-a40e-4f3bdaf9257a', 7, 'f2fb4d27-f3d0-5996-9947-bb81bf758164', '7e8a6d53-4cc9-56c0-9892-437ca4607269', null),
  ('fca20472-2736-5ca2-b591-066b60bfce69', 'eb1c0007-9341-5563-a40e-4f3bdaf9257a', 8, '8950d420-ff40-57b8-af27-4387f8ad4368', '344b1543-dc60-5de6-a9fb-9ebbcde0d396', null),
  ('66daf9e2-d234-58f4-9641-b7ce7227ad6f', 'd80d6524-e8d1-567c-be6c-23a488e88535', 2, '477c2b2c-7d53-5a7c-aa7e-e8a3fb9dbc72', '4d9d1e27-c5d6-555b-880c-71593ea1291a', null),
  ('49447245-e98e-5583-b52d-2494778f7df8', 'd80d6524-e8d1-567c-be6c-23a488e88535', 3, '37ecfb46-a39b-51b7-b7f2-50a2766612ec', '9e5798ac-57e7-543f-be64-1e9776770a2b', null),
  ('7b22ad8b-ff48-5c48-b4a7-dd8277012c2d', 'd80d6524-e8d1-567c-be6c-23a488e88535', 4, '1bc17963-ed7e-5abd-b3b7-fdcd639be104', '0ac41011-9d57-5ba2-9556-7590a8be8268', null),
  ('f06d5a71-a8fb-53d1-b836-4b94d8c52dc0', 'd80d6524-e8d1-567c-be6c-23a488e88535', 5, 'aeab18d4-f6aa-530a-908d-b393239c94ff', '4c684b5a-5ac6-53ee-a81e-980f4080f0fb', null),
  ('65383bd4-5b08-5074-b1ee-fa10d1716aa8', 'd80d6524-e8d1-567c-be6c-23a488e88535', 6, '4e7dafee-83cb-538a-a15e-016aacb99688', '94afbc84-2f55-570d-9242-212f5ad7d1cd', null),
  ('932bbf55-a6f8-5461-99dd-a665275c61be', 'd80d6524-e8d1-567c-be6c-23a488e88535', 7, 'b9a431dd-ed9f-5a15-927e-90e92a062f3a', '344b1543-dc60-5de6-a9fb-9ebbcde0d396', null),
  ('cb61b8c6-fd29-5957-90b9-6c83b4aafc43', '864a5c6b-8109-51f9-b74e-deff58078a94', 1, '0c4e3da5-937d-560e-b09d-bf8b285aab91', '520633dd-1fc6-57f7-a2a8-29cfebf61e27', null),
  ('9789ef7c-c4ad-58d2-9559-ea01d926a982', '864a5c6b-8109-51f9-b74e-deff58078a94', 2, '5c4a1d67-a748-5410-884a-704fa0632084', '9e5798ac-57e7-543f-be64-1e9776770a2b', null),
  ('0904fbf4-818b-5277-82f7-62b9b6cc6053', '864a5c6b-8109-51f9-b74e-deff58078a94', 3, '0f5ea764-fce2-5d7e-8977-7b2082fa7212', '8598a84d-d95a-587a-b1fd-d5c6a9ae9d39', null),
  ('432dcf07-cc44-52df-acc0-0e8bd26fbae2', '864a5c6b-8109-51f9-b74e-deff58078a94', 4, '56460894-613a-5e60-9756-db929ca439a1', '0ac41011-9d57-5ba2-9556-7590a8be8268', null),
  ('29f17180-5cc0-50b1-a680-1b045e63c92d', '864a5c6b-8109-51f9-b74e-deff58078a94', 5, '6e13e37b-7227-516a-9bf1-d737a87f81b6', '344b1543-dc60-5de6-a9fb-9ebbcde0d396', null),
  ('313c0e84-f7fc-5000-a511-184d0e817a44', '864a5c6b-8109-51f9-b74e-deff58078a94', 6, '3b71b459-d6b8-5c56-86b9-8ccddea26e4a', '9e5798ac-57e7-543f-be64-1e9776770a2b', null),
  ('5aacd517-f2c2-5458-b2e9-585d35aff099', '864a5c6b-8109-51f9-b74e-deff58078a94', 7, '02b927c0-d5b8-5209-b21c-c47a9909ce8f', '00000000-0000-0000-0000-0000000000a1', null),
  ('72c5e9a5-8fec-54ca-b7db-f982a4fbe22c', '864a5c6b-8109-51f9-b74e-deff58078a94', 8, '21f19d09-e544-5732-b360-402778f99bd9', '344b1543-dc60-5de6-a9fb-9ebbcde0d396', null),
  ('0c638f05-15f0-5333-a06a-301ad6f2db75', '4c9bc318-c440-554b-9763-adf4551a7448', 1, '8658ef82-f448-5754-860a-84f981810fce', '344b1543-dc60-5de6-a9fb-9ebbcde0d396', null),
  ('99794e67-f4b9-5cae-ac36-876977067956', '4c9bc318-c440-554b-9763-adf4551a7448', 2, 'e6924a37-bd8f-5d47-9883-4f9147aa17aa', '7e8a6d53-4cc9-56c0-9892-437ca4607269', null),
  ('0f535cfd-e205-55a4-8e47-6d86d94db2fa', '4c9bc318-c440-554b-9763-adf4551a7448', 3, 'c8add5ba-7793-52a0-a65a-3febf2e246b3', '7e8a6d53-4cc9-56c0-9892-437ca4607269', null),
  ('1a5f8691-5682-53ba-9838-fe2b8d298b4c', '4c9bc318-c440-554b-9763-adf4551a7448', 4, '0f59d932-0f7b-5a36-8897-143bc8252123', '249e0cef-a92c-5b4b-b13f-d8d2f81aeedc', null),
  ('76bb6590-362b-53f4-bd8c-3f1b2786b1c2', '4c9bc318-c440-554b-9763-adf4551a7448', 5, 'be554da3-9be9-578a-9968-71726645bff0', '0ac41011-9d57-5ba2-9556-7590a8be8268', null),
  ('0d0f9dac-36f3-5ac9-b960-190cc8455faa', '4c9bc318-c440-554b-9763-adf4551a7448', 6, 'd96d796e-b08b-5a9f-8e4b-d3d47ef0772e', '344b1543-dc60-5de6-a9fb-9ebbcde0d396', null),
  ('ec53108b-3002-5422-af79-ceff8e2185f9', '4c9bc318-c440-554b-9763-adf4551a7448', 7, '65ac5220-b878-542b-8396-7af6b1dbb117', '04905c31-5d73-5cb9-91af-0dabc5ba572a', null),
  ('f6c801ab-58cf-55d1-9e6a-7ef4c5ec9b39', '4c9bc318-c440-554b-9763-adf4551a7448', 8, '4d69186e-59a9-5103-9b17-a3e9cce0431a', '7e8a6d53-4cc9-56c0-9892-437ca4607269', null),
  ('ee0af7dd-2f62-5f6c-9151-e3cc0c587253', 'ecd438f3-0040-59a5-a49d-1bf4154cc8c0', 1, 'e811f985-853b-5b78-a7ea-771d432ee8b2', '00000000-0000-0000-0000-0000000000a1', null),
  ('73253e63-9399-59cc-99a6-9a434061377d', 'ecd438f3-0040-59a5-a49d-1bf4154cc8c0', 2, '57d6f238-6ccd-53d9-a70b-b2e4d48c890c', '344b1543-dc60-5de6-a9fb-9ebbcde0d396', null),
  ('e6f241a4-b9e0-5251-a25b-bab5fd8e4ac3', 'ecd438f3-0040-59a5-a49d-1bf4154cc8c0', 3, '702f3a10-f5d8-5220-b9ea-1cfae5035cec', 'bab3c4d4-7f1f-59e5-b05d-a4f543c06cfb', null),
  ('77edc1d0-3824-5421-a73c-9211f70cce02', 'ecd438f3-0040-59a5-a49d-1bf4154cc8c0', 4, 'c1b910f5-3498-5210-b81a-d1c7f57af006', '344b1543-dc60-5de6-a9fb-9ebbcde0d396', null),
  ('a10535d8-abf9-5a0b-b2e4-fefb035384f7', 'ecd438f3-0040-59a5-a49d-1bf4154cc8c0', 5, 'aead0c75-953b-5037-8a0c-c8ef3dd072f3', '344b1543-dc60-5de6-a9fb-9ebbcde0d396', null),
  ('45f9f8a7-74dd-5383-a2eb-e6957e8750ea', 'ecd438f3-0040-59a5-a49d-1bf4154cc8c0', 6, '49b24391-8d74-5e15-946c-b6c987417b08', 'e85bf284-fd8f-5e64-b555-c134fef0064e', null),
  ('3bc1de71-ed59-516f-bf45-98f392fadd37', 'ecd438f3-0040-59a5-a49d-1bf4154cc8c0', 7, 'a2c04e56-8cb4-503a-8f9c-bc53a6dec206', '7e8a6d53-4cc9-56c0-9892-437ca4607269', null),
  ('ff0f3161-96b9-5d71-89f6-35b238e1150a', 'ecd438f3-0040-59a5-a49d-1bf4154cc8c0', 8, 'a1528e10-5f22-583a-9883-86d8c7374b24', '8d4059b5-a1e4-52f4-b162-4cb8bf91f4e6', null),
  ('b46cec84-3949-5cfd-beb1-3367bf0b7abe', '04e2a4ca-fbdb-55fe-9fc7-1433e2127221', 1, 'b0f4d992-df63-5cb7-b463-1998c05df13b', '94f69b27-2900-5e74-b884-1f6c1fe741b9', null),
  ('0e96e75a-6180-5739-af5e-181500437bf2', '04e2a4ca-fbdb-55fe-9fc7-1433e2127221', 2, 'fa36e627-59bd-54c3-a4c3-715a624ceda3', '0ac41011-9d57-5ba2-9556-7590a8be8268', null),
  ('c0635aa0-bb45-571a-ab8c-1bf7c5591fbb', '04e2a4ca-fbdb-55fe-9fc7-1433e2127221', 3, '485fa70b-35eb-5664-938f-44865337e56c', 'cf00c520-cf02-55ea-8867-f02644ec8045', null),
  ('abd2ec94-9716-500a-bd74-091ef143d5e9', '04e2a4ca-fbdb-55fe-9fc7-1433e2127221', 4, '9dc1ce6e-a8b3-5518-b12c-7fa7869aa9a6', '4d9d1e27-c5d6-555b-880c-71593ea1291a', null),
  ('142a2316-c233-50d4-a5ba-292aeb0df45a', '04e2a4ca-fbdb-55fe-9fc7-1433e2127221', 5, 'd24eaf39-53c1-5f9d-8be7-46720362ed4e', 'b3fb239e-d680-5f40-a2c3-a09c542965df', null),
  ('17e4e202-b741-51a9-9710-14944765df2d', '04e2a4ca-fbdb-55fe-9fc7-1433e2127221', 6, 'b70fe90d-7503-5df8-ac8e-7a213d1664b1', '4d9d1e27-c5d6-555b-880c-71593ea1291a', null),
  ('9890deb7-095f-555f-b83c-30f6c911dfc2', '04e2a4ca-fbdb-55fe-9fc7-1433e2127221', 7, '81b7eb53-6ac4-5bb9-8ac5-38b76d682881', '89fff8d7-37aa-5452-b76f-9134218b1e8f', null),
  ('059b11a7-3d68-5bed-8451-1eba25ae25ea', '04e2a4ca-fbdb-55fe-9fc7-1433e2127221', 8, '6f9d1249-7243-5b95-9ef1-57714da8b243', '7e8a6d53-4cc9-56c0-9892-437ca4607269', null),
  ('f2cb6973-4f3a-539f-936d-29ceeba9c0df', '4b197782-c862-54fb-ac24-df998f0ee5cb', 1, '599ee831-f751-55fa-8fac-6eee223c5e41', '00000000-0000-0000-0000-0000000000a1', null),
  ('578cd190-3923-597d-b1a1-fd6b03fce7b7', '4b197782-c862-54fb-ac24-df998f0ee5cb', 2, '62d6287f-a163-5ed0-98d2-aeeaa6b9af19', '344b1543-dc60-5de6-a9fb-9ebbcde0d396', null),
  ('d49578e4-6b0d-5c1f-9a29-694b47a4745c', '4b197782-c862-54fb-ac24-df998f0ee5cb', 3, '2d12f071-1846-55e7-977c-4d00f041c6bb', '2c9dd30b-be9e-5c65-a862-a4817c4f2efc', null),
  ('a1b52adb-0da9-5c68-aabf-d5c433529274', '4b197782-c862-54fb-ac24-df998f0ee5cb', 4, '46d4984c-67ad-514a-b2be-85e7926ddd86', 'e85bf284-fd8f-5e64-b555-c134fef0064e', null),
  ('14ee4f77-de46-52f9-9a26-58c9d8453d88', '4b197782-c862-54fb-ac24-df998f0ee5cb', 5, '5fce07ac-38a9-5e3b-9caf-20437518ab9e', '344b1543-dc60-5de6-a9fb-9ebbcde0d396', null),
  ('df7562b0-bab8-5565-89af-01d3e8315860', '4b197782-c862-54fb-ac24-df998f0ee5cb', 6, '2dc9351a-efd0-54d5-9d22-b01a47b40daa', '7e8a6d53-4cc9-56c0-9892-437ca4607269', null),
  ('6021c7ba-5c56-55b3-8067-f646ad439768', '4b197782-c862-54fb-ac24-df998f0ee5cb', 7, 'b17199a5-467d-5031-8e8d-4a8752e820ac', '00000000-0000-0000-0000-0000000000a1', null),
  ('ac5387d2-343e-58db-be17-fd94cdfe2b32', '4b197782-c862-54fb-ac24-df998f0ee5cb', 8, '3d3025f8-1978-5138-a062-b99bbe1cbcec', '94865e3f-f207-576f-a008-056ce7cceef0', null),
  ('27f1a176-a3e1-57ea-8e93-72af9849881d', 'bf11bb56-3cc3-5f0d-88d0-306f280ee9f5', 1, '5b2a43f3-2c48-57be-8e68-42974d12e6b2', 'e85bf284-fd8f-5e64-b555-c134fef0064e', null),
  ('0046acc9-1289-5de5-a5a4-c291af381e26', 'bf11bb56-3cc3-5f0d-88d0-306f280ee9f5', 2, 'deb5bd00-7c87-5977-8072-ee23f0e39d73', '7e8a6d53-4cc9-56c0-9892-437ca4607269', null),
  ('c85b29a1-bbfe-5248-9d8b-a14933cd0112', 'bf11bb56-3cc3-5f0d-88d0-306f280ee9f5', 3, '64247ece-4961-5e76-857d-669cf200bf85', '7e8a6d53-4cc9-56c0-9892-437ca4607269', null),
  ('a7bc9cb4-ae0e-5b73-b9f2-b8cad0156b81', 'bf11bb56-3cc3-5f0d-88d0-306f280ee9f5', 4, '9cf07dd6-3db4-5561-9987-2c2c00e54e1c', '1021a26a-0b00-597a-8cbc-ff36e5d9c769', null),
  ('6ecfa246-e3ff-573a-9b26-b3ec478a4bf2', 'bf11bb56-3cc3-5f0d-88d0-306f280ee9f5', 5, 'c16535b5-7f1d-5ad6-8c46-581acb8bd8e3', '3c2885d6-c220-5920-b054-765a2c1e85d5', null),
  ('4caeae17-afeb-56c5-a525-a4706503359d', 'bf11bb56-3cc3-5f0d-88d0-306f280ee9f5', 6, '0a425f03-3e44-577a-a91a-9841a0b8f12e', '7e8a6d53-4cc9-56c0-9892-437ca4607269', null),
  ('10e6bad1-6396-59f5-b0e8-1b25153f4253', 'bf11bb56-3cc3-5f0d-88d0-306f280ee9f5', 7, 'c1b76912-59d0-5152-b523-4897421619fb', '344b1543-dc60-5de6-a9fb-9ebbcde0d396', null),
  ('3a03c2f9-eb6f-5428-a38e-9f0b660ec149', 'bf11bb56-3cc3-5f0d-88d0-306f280ee9f5', 8, '64d81fd4-8481-5956-88b4-826bf2121ea5', 'cf00c520-cf02-55ea-8867-f02644ec8045', null),
  ('c10380e9-69c6-5646-8963-a841655178f5', '6cce8972-38e6-5555-b9df-26da93caf273', 1, 'df758f2c-0cd1-5341-8046-22b97c79d5a0', 'b3fb239e-d680-5f40-a2c3-a09c542965df', null),
  ('4489ce80-c105-5a18-bcbe-e49b2044f59f', '6cce8972-38e6-5555-b9df-26da93caf273', 2, 'f0ba5273-3645-5361-9a0b-c7a2f33db740', 'b3fb239e-d680-5f40-a2c3-a09c542965df', null),
  ('024263eb-bbd2-5984-bcf8-99750e84b1e5', '6cce8972-38e6-5555-b9df-26da93caf273', 3, '65dfde21-0def-5798-a87c-8e5fdbadf54f', '00000000-0000-0000-0000-0000000000a1', null),
  ('c616bf15-d457-523d-b269-448c8140f327', '6cce8972-38e6-5555-b9df-26da93caf273', 4, 'd08b42a6-1763-524a-af26-0a2803ef147b', '7e8a6d53-4cc9-56c0-9892-437ca4607269', null),
  ('ac8e3ac9-b0eb-5278-a529-53e82132cb66', '6cce8972-38e6-5555-b9df-26da93caf273', 5, 'd6049bf2-0b2a-5d19-b8d1-ec3bb87c5a4f', '344b1543-dc60-5de6-a9fb-9ebbcde0d396', null),
  ('8880f784-213c-5001-82ca-82370b93ec58', '6cce8972-38e6-5555-b9df-26da93caf273', 6, '44913e22-1f74-56d0-a764-65fb6df840e0', '7edb0022-cd14-5006-bf83-f87d3be5e4ca', null),
  ('4fcf237f-0adf-5530-a44c-ed955148389c', '6cce8972-38e6-5555-b9df-26da93caf273', 7, '946f6b2e-c350-5524-b95e-c0274b357d22', '7e8a6d53-4cc9-56c0-9892-437ca4607269', null),
  ('03700067-580a-56c4-95e1-17edce56e615', '2e47edb3-dfc9-5bce-ade2-a3bd7c711da3', 1, '8aee3682-2c66-5565-aaa4-a1f308bc66d9', '8d4059b5-a1e4-52f4-b162-4cb8bf91f4e6', null),
  ('b29897d1-60da-5e4b-889c-6d25685d338c', '2e47edb3-dfc9-5bce-ade2-a3bd7c711da3', 2, '989624ca-328a-5a51-afda-e3f396f9474f', 'bab3c4d4-7f1f-59e5-b05d-a4f543c06cfb', null),
  ('e4ab8584-7bf0-5dc2-974e-b1fc8e8151a1', '2e47edb3-dfc9-5bce-ade2-a3bd7c711da3', 3, '89146cd1-3183-5d09-8d50-66cad17d2c67', '344b1543-dc60-5de6-a9fb-9ebbcde0d396', null),
  ('d83b0e59-3d45-5813-966b-b98848109e71', '2e47edb3-dfc9-5bce-ade2-a3bd7c711da3', 4, '5f80bdf7-969e-5d10-b0da-0dfccda2ee12', '344b1543-dc60-5de6-a9fb-9ebbcde0d396', null),
  ('3955625c-6121-5f4e-a0f5-6358c84bca3a', '2e47edb3-dfc9-5bce-ade2-a3bd7c711da3', 5, '01b91312-6663-5d24-837c-e58a5158df3a', '8ffa994a-472a-5688-bfe7-e6fd9681fe87', null),
  ('3a77274b-459c-5303-a5b9-14ddb39feaea', '2e47edb3-dfc9-5bce-ade2-a3bd7c711da3', 6, 'b3379ea2-496e-5bb6-a078-b886d541d3f0', '8d4059b5-a1e4-52f4-b162-4cb8bf91f4e6', null),
  ('c876723d-199d-551e-9a81-cedc78f4c476', '2e47edb3-dfc9-5bce-ade2-a3bd7c711da3', 7, 'eb98407e-c4f1-58ba-b942-a4ddc9f10a2e', '89fff8d7-37aa-5452-b76f-9134218b1e8f', null),
  ('33f23770-c6a9-5467-9a8a-b8d25965eb36', '2e47edb3-dfc9-5bce-ade2-a3bd7c711da3', 8, 'a2a751da-8094-580e-86a0-76f8536646c2', '8204b741-70c6-5870-8811-971a3166ce18', null),
  ('79f21fb1-4e02-5041-b05f-2c3cbf92031e', '9e69960e-e6dc-54de-b0af-268531b994b7', 1, '8192bfff-6cf4-5504-841e-22aed0df7680', '8d4059b5-a1e4-52f4-b162-4cb8bf91f4e6', null),
  ('fb4d0f34-fb76-5586-b0a9-e0e1a86289b1', '9e69960e-e6dc-54de-b0af-268531b994b7', 2, 'ffa2f0cd-98d7-567b-b72f-6f63125de03d', 'dde3be27-8cca-578f-b726-7dd05d3d689f', null),
  ('628cb3b9-b702-5b55-babf-98f25cea781e', '9e69960e-e6dc-54de-b0af-268531b994b7', 3, '9f5493ce-a5d3-512e-b374-0ac84cdd70b8', '46c94418-9915-5783-a9dd-2dcfdd21920b', null),
  ('cee7d515-bd42-5e67-8a16-6f2ec63ce564', '9e69960e-e6dc-54de-b0af-268531b994b7', 4, '622430d9-facc-5b1c-83af-3e2c22a442aa', '8204b741-70c6-5870-8811-971a3166ce18', null),
  ('adad2110-4f19-5f79-9723-a4087ad56ceb', '9e69960e-e6dc-54de-b0af-268531b994b7', 5, 'd67652cc-8028-5200-8c28-bfdd9813fcaf', '8204b741-70c6-5870-8811-971a3166ce18', null),
  ('c0e1009f-3259-50d2-9ede-de0f56a486a5', '9e69960e-e6dc-54de-b0af-268531b994b7', 6, 'a88d8a89-56a6-51ff-ab68-6ed693e78b73', '00000000-0000-0000-0000-0000000000a1', null),
  ('c95c1a20-6520-5fc5-8a5e-0e8d9dc6867a', '9e69960e-e6dc-54de-b0af-268531b994b7', 7, '668c9772-efab-5670-9955-72c32b03a68b', '7e8a6d53-4cc9-56c0-9892-437ca4607269', null),
  ('8b6907d5-01b0-5f4e-b40b-7bf9dc298e88', '9e69960e-e6dc-54de-b0af-268531b994b7', 8, 'd5deeec6-2fdb-5897-83e5-8e362c8d4e26', '93741827-dfe5-532f-b651-6f5066cae0d5', null),
  ('25a642ab-dd4a-5772-a9ba-9745a6941dbb', '22982352-3e50-5e90-8057-99c99fd6081a', 1, '548c4c24-0683-57c8-a5b3-22f28f8081e5', '7e8a6d53-4cc9-56c0-9892-437ca4607269', null),
  ('d6aaeced-b11e-5e2e-a51f-2510db07232a', '22982352-3e50-5e90-8057-99c99fd6081a', 2, '5d6e0f3e-7e2d-568e-b151-aac5a44df6a7', '00000000-0000-0000-0000-0000000000a1', null),
  ('77b3d0a4-e309-56f7-a662-762f1ecf88f6', '22982352-3e50-5e90-8057-99c99fd6081a', 3, '9a68772d-3f47-5287-9a75-b45e74a4c118', 'ad4a9ed6-9619-5aa1-996e-8093f293e769', null),
  ('2a4be650-97de-59bc-b5a2-be67ad53d7c1', '22982352-3e50-5e90-8057-99c99fd6081a', 4, 'a70113ec-19d8-5928-a329-d0460df58be6', '8d4059b5-a1e4-52f4-b162-4cb8bf91f4e6', null),
  ('af87bbaa-f724-5eda-9a67-5ee0f834ca71', '22982352-3e50-5e90-8057-99c99fd6081a', 5, 'b79327bd-2462-5d1c-bf33-dc3806262874', '344b1543-dc60-5de6-a9fb-9ebbcde0d396', null),
  ('a64f26c8-2675-54d7-befa-8d9783f835e6', '22982352-3e50-5e90-8057-99c99fd6081a', 6, 'a732246e-e2d3-547e-a5e1-07f21a181905', '8204b741-70c6-5870-8811-971a3166ce18', null),
  ('1838ffd2-a5dc-51e6-900c-89b070f553bb', '22982352-3e50-5e90-8057-99c99fd6081a', 7, '157066d4-1e93-5627-8bbc-e94bd41aba53', '9e5798ac-57e7-543f-be64-1e9776770a2b', null),
  ('20509c11-dafc-5316-a5e0-22c4ad349610', '22982352-3e50-5e90-8057-99c99fd6081a', 8, 'e18ee38a-bda8-54fa-8e52-87750a12fc9d', '00000000-0000-0000-0000-0000000000a1', null),
  ('9b326043-9055-51d8-9c0f-42d2203726ea', 'bd3ace16-e200-5d12-ba00-b91b685c4680', 1, '2fad9fbf-b399-58fb-9e7c-082fee5890e9', '8d4059b5-a1e4-52f4-b162-4cb8bf91f4e6', null),
  ('60d5301e-966e-5444-bd94-7a7bee28552a', 'bd3ace16-e200-5d12-ba00-b91b685c4680', 2, '1c84e053-1e6c-5ca0-a9b4-91e735341fa1', '4c684b5a-5ac6-53ee-a81e-980f4080f0fb', null),
  ('0fb292e7-8227-5a5f-b1dd-1c0c5cf4095a', 'bd3ace16-e200-5d12-ba00-b91b685c4680', 3, 'db7a8837-6d5c-5c23-bc93-f91c2095fccb', '8204b741-70c6-5870-8811-971a3166ce18', null),
  ('5f9d97f7-0f98-595c-9436-c4519d48b6c4', 'bd3ace16-e200-5d12-ba00-b91b685c4680', 4, 'e51591fc-b992-5b0b-bb87-8b45eeece8db', 'e7c44d9c-0546-5ba2-a734-885a3e7027c5', null),
  ('b4dd50c4-f06a-5499-b0d9-01a0ff4ff27a', 'bd3ace16-e200-5d12-ba00-b91b685c4680', 5, 'cdc7428f-b53e-54a7-9d85-e155a2916687', '0ac41011-9d57-5ba2-9556-7590a8be8268', null),
  ('e171dc02-ff31-5e3b-a6dd-edee55f04b1f', 'bd3ace16-e200-5d12-ba00-b91b685c4680', 6, '84151641-2546-5620-85ad-ed863b43839e', '344b1543-dc60-5de6-a9fb-9ebbcde0d396', null),
  ('467dc814-9564-51fd-8b8f-eccfb75bf0dd', 'bd3ace16-e200-5d12-ba00-b91b685c4680', 7, 'd3f2db5f-62b9-5372-8da0-3a82c5dae3d8', 'b86ceb48-7de2-5c75-a592-f977deb318a3', null),
  ('7d815f04-8b5c-57c5-af76-b6d58d5d9237', '9384c98c-e628-5418-b693-9de11bf92149', 1, '7bb28c1b-88c8-50e6-8dc5-4f93dd1a4381', '3b30b256-e903-5043-937c-4d5667cbff47', null),
  ('7f08795b-0245-5a60-bdc3-772b9c0aa609', '9384c98c-e628-5418-b693-9de11bf92149', 2, '9781aa06-2ff0-59f3-a212-6448cd398ee0', 'fdac6f26-1309-55d6-9904-0e8d7d434cb5', null),
  ('19c3a867-cbcc-5c81-a889-6ec15a17994c', '9384c98c-e628-5418-b693-9de11bf92149', 3, 'bf6c1176-3bc1-5c64-8bd5-ef24d984f619', '0ac41011-9d57-5ba2-9556-7590a8be8268', null),
  ('732dcbab-4555-5449-80ef-b7d7ace873bf', '9384c98c-e628-5418-b693-9de11bf92149', 4, '4f6e760c-b49a-5651-8471-005615655efe', 'e59c8987-4896-5ca7-8de1-3e3732deca8e', null),
  ('bbfac6fc-7eff-5491-8337-437c4bb96500', '9384c98c-e628-5418-b693-9de11bf92149', 5, '860d9c67-1a38-587d-893c-f2431803073f', '94afbc84-2f55-570d-9242-212f5ad7d1cd', null),
  ('c0496497-cfa5-58fb-ae7e-7eb708ccadc8', '9384c98c-e628-5418-b693-9de11bf92149', 6, '85848465-2431-54fd-861b-b26f61333cc8', '344b1543-dc60-5de6-a9fb-9ebbcde0d396', null),
  ('7a0fdfbd-0175-5e36-a282-ae3ffb7deb81', '9384c98c-e628-5418-b693-9de11bf92149', 7, '4047a6a1-1715-5ace-b181-219944dd01ad', 'f91ec5d8-a066-5b61-a403-e947068a2517', null),
  ('79a89147-423a-5840-bffe-d8c96ad9a0e9', '9384c98c-e628-5418-b693-9de11bf92149', 8, 'a52e0c2d-1f03-56db-bbb9-2de7773057af', '0ac41011-9d57-5ba2-9556-7590a8be8268', null),
  ('71c5a11c-1997-580a-b15b-3bb48c7bc164', '5843c642-9769-5623-9840-372f8fbc2f19', 1, 'c2665913-b7b3-598a-b554-69aeeee8cc17', '520633dd-1fc6-57f7-a2a8-29cfebf61e27', null),
  ('f875a55f-3aa2-55ab-ad68-338958f14993', '5843c642-9769-5623-9840-372f8fbc2f19', 2, '4ad3c005-d696-5a2d-8090-3e0d8a305422', '344b1543-dc60-5de6-a9fb-9ebbcde0d396', null),
  ('cf5e65d1-e2fd-554d-8ab4-713131cc6467', '5843c642-9769-5623-9840-372f8fbc2f19', 3, 'ebbb2c5f-ea43-5802-862d-c8764714bbef', '9e5798ac-57e7-543f-be64-1e9776770a2b', null),
  ('c5090de1-2e43-502d-aa3c-e996bb77e3b9', '5843c642-9769-5623-9840-372f8fbc2f19', 4, '77af679e-6559-5c1e-9a4e-ccbd1c1036a7', '344b1543-dc60-5de6-a9fb-9ebbcde0d396', null),
  ('86b2907d-8418-5252-9f06-f35b36354305', '5843c642-9769-5623-9840-372f8fbc2f19', 5, 'cd19f89e-5b07-5f7e-8345-3297b6025ae9', '9e5798ac-57e7-543f-be64-1e9776770a2b', null),
  ('0f53f849-4d14-5057-a45f-07c5a9b9d8f1', '5843c642-9769-5623-9840-372f8fbc2f19', 6, '011203b4-093d-5498-a973-0504c2494b14', 'e1a3b85d-c48f-5e70-9b74-2fcc9dd2d51b', null),
  ('0ae41c01-9a13-5f3b-a410-e2cb8d680361', '5843c642-9769-5623-9840-372f8fbc2f19', 7, '8d99a561-f326-5950-bc3f-4cd785999090', '344b1543-dc60-5de6-a9fb-9ebbcde0d396', null),
  ('fa6762ab-7c6d-5925-91a1-453371ba497e', '5843c642-9769-5623-9840-372f8fbc2f19', 8, '1f395744-8645-56ca-b649-803f147ddc35', 'b3fb239e-d680-5f40-a2c3-a09c542965df', null),
  ('ad7a717d-8e14-57c5-89b3-ae61ac534b1c', '049276b8-20a3-5b0c-9546-4bc91e7108e1', 1, '1384bfaf-ca67-5fe8-9a69-3fcdd36307f8', '5e3a856f-360a-5982-86ab-e4cbb336fe21', null),
  ('987d3d14-8d7c-5a36-8ece-dcaf85fa4f8f', '049276b8-20a3-5b0c-9546-4bc91e7108e1', 2, '1a73b34b-65d8-5788-83e4-e535aa7cb29a', '7e8a6d53-4cc9-56c0-9892-437ca4607269', null),
  ('b0ef1550-bf9e-5660-9e6e-4b11130c4ab3', '049276b8-20a3-5b0c-9546-4bc91e7108e1', 3, 'c64c0fc0-ba2a-5a0b-9e5c-ef17b46b1fd2', '344b1543-dc60-5de6-a9fb-9ebbcde0d396', null),
  ('6f4767b2-391c-54ec-af89-1daf6a64bf97', '049276b8-20a3-5b0c-9546-4bc91e7108e1', 4, '63e402f5-3589-54fd-b5d0-00db379f8911', '344b1543-dc60-5de6-a9fb-9ebbcde0d396', null),
  ('4efa831e-7968-5b7d-8260-fec26e689f18', '049276b8-20a3-5b0c-9546-4bc91e7108e1', 5, '18526dab-f535-5a22-99c8-7c4a04d39538', '9e5798ac-57e7-543f-be64-1e9776770a2b', null),
  ('52f5d80d-284d-56c6-ba53-bb3611920e44', '049276b8-20a3-5b0c-9546-4bc91e7108e1', 6, 'd5d523e8-27cb-5f6a-86bf-f374c3ae06a9', '8204b741-70c6-5870-8811-971a3166ce18', null),
  ('c0d6379f-7b4d-532c-b82a-df03af7de2b8', '049276b8-20a3-5b0c-9546-4bc91e7108e1', 7, '2cf009d7-3e57-5b0d-bdeb-dcad8e561fe7', '7469bc80-fd06-5028-8033-aeb9008a4507', null),
  ('cb640a93-7dfc-549a-b28c-44818f96792b', '049276b8-20a3-5b0c-9546-4bc91e7108e1', 8, '7c7f789e-22b8-5f10-9731-91030a6303d4', 'b86ceb48-7de2-5c75-a592-f977deb318a3', null),
  ('c828af96-f58e-5f9b-a3af-9a1ed81e223e', '3f8a41bb-2759-5c20-96ae-08d9fb25195a', 1, 'd864402a-6c96-5600-87bb-34f1ea6c2515', 'b853f2f0-09a5-5287-adf4-c2cd3385e5f2', null),
  ('099ebdbc-ac38-5bed-9e8f-9d767213225e', '3f8a41bb-2759-5c20-96ae-08d9fb25195a', 2, 'ebd60418-ffc4-5892-98d0-f04d08de7997', '520633dd-1fc6-57f7-a2a8-29cfebf61e27', null),
  ('21fa348f-81e0-52ed-bb3a-5dc14c7039d7', '3f8a41bb-2759-5c20-96ae-08d9fb25195a', 3, '3e95c200-b9e1-56b2-85c4-8933caef3dc5', 'b86ceb48-7de2-5c75-a592-f977deb318a3', null),
  ('7bfc9a43-ff2e-5cfe-9ac6-f974b4c4ffb0', '3f8a41bb-2759-5c20-96ae-08d9fb25195a', 4, '28e810ac-243a-5422-89d1-5815e9168c79', 'a52a36ca-9b28-58cd-af06-95d9672a956c', null),
  ('1dd5661a-1544-5860-a9bc-667c934fcb4b', '3f8a41bb-2759-5c20-96ae-08d9fb25195a', 5, '30f85f53-b507-5673-b289-7607abbbefe0', '7e8a6d53-4cc9-56c0-9892-437ca4607269', null),
  ('a135764e-386d-5492-90c8-984c55836ae2', '3f8a41bb-2759-5c20-96ae-08d9fb25195a', 6, '5557cb15-2c31-5d6f-bbba-d2f4321c4e57', '5b5fdbb8-bd84-53b0-8f08-6f2a79cae3c4', null),
  ('75a7952e-c276-5fa5-88d8-4b91bf8a6d87', '3f8a41bb-2759-5c20-96ae-08d9fb25195a', 7, 'd40e8997-128e-5c53-a89b-1fe33feaa96c', '2c9dd30b-be9e-5c65-a862-a4817c4f2efc', null),
  ('734d2612-acfe-5946-9e4d-d0a2168271c8', '3f8a41bb-2759-5c20-96ae-08d9fb25195a', 8, 'e99dcb9b-6d95-537f-9d43-2da37e6e4ff2', '344b1543-dc60-5de6-a9fb-9ebbcde0d396', null),
  ('90d53e8e-9ed3-564f-83fc-8033e752eca0', '47978eb2-4c0a-5914-9f58-f6e359a85110', 1, '543aeb71-27c5-5012-a38e-98a995f9943f', '94865e3f-f207-576f-a008-056ce7cceef0', null),
  ('dc0a4abc-97d0-545e-8c57-c3c92c8ee098', '47978eb2-4c0a-5914-9f58-f6e359a85110', 2, '7c0fe704-4492-5949-b432-1c6c062c7b12', '0ac41011-9d57-5ba2-9556-7590a8be8268', null),
  ('3b9ca583-d6f1-5b55-a2db-f9d1f9951855', '47978eb2-4c0a-5914-9f58-f6e359a85110', 3, '5fcd0814-9ee3-5781-92db-aab7795a4246', '344b1543-dc60-5de6-a9fb-9ebbcde0d396', null),
  ('982439ba-3c2f-5ed8-a514-4d2c373a59af', '47978eb2-4c0a-5914-9f58-f6e359a85110', 4, '896faf45-3f28-5992-bda8-2373ce2e7f0e', '7edb0022-cd14-5006-bf83-f87d3be5e4ca', null),
  ('6dba8381-3f6e-5a08-811e-fbd5ae4c72bd', '47978eb2-4c0a-5914-9f58-f6e359a85110', 5, '349acbff-997f-50d5-89c9-525cca779be9', '94afbc84-2f55-570d-9242-212f5ad7d1cd', null),
  ('afc1a2ca-8b95-5be1-a336-65c79417fcda', '47978eb2-4c0a-5914-9f58-f6e359a85110', 6, 'f55b514e-922f-5d7f-8eef-7632ffe52497', '2c9dd30b-be9e-5c65-a862-a4817c4f2efc', null),
  ('6eab2715-f7d5-5a59-9587-6cf54fe340d4', '47978eb2-4c0a-5914-9f58-f6e359a85110', 7, '28356618-0051-51b9-97f7-146934ff57ae', 'ed88d3bc-c065-5209-9304-730080420f1e', null),
  ('6f7e296b-c41f-529e-84d8-a8b782d3d594', '47978eb2-4c0a-5914-9f58-f6e359a85110', 8, 'c0686737-01b0-5840-9857-23e3ee02b757', '344b1543-dc60-5de6-a9fb-9ebbcde0d396', null),
  ('b294a475-04ec-53df-bacc-7c2d0877c6c2', '4bb14b12-cddf-5efe-b665-be3a2437e9d0', 1, 'e6a472ac-80c6-5c86-91e0-9636ed1f35df', 'b86ceb48-7de2-5c75-a592-f977deb318a3', null),
  ('0355cdd5-6e88-5615-9435-b23146d3f2de', '4bb14b12-cddf-5efe-b665-be3a2437e9d0', 2, '0a870465-ba59-56e3-ae52-6517334ba43e', 'cf00c520-cf02-55ea-8867-f02644ec8045', null),
  ('22d273e3-ab30-5546-9d03-bc4b08be5caf', '4bb14b12-cddf-5efe-b665-be3a2437e9d0', 3, '2349f3d2-fa87-5f45-8576-14b8dcbb2320', '8c61fec8-40e9-572f-8ebd-4290dbdffbec', null),
  ('be0d3e8e-94a1-5c57-ba89-a164b2f69efc', '4bb14b12-cddf-5efe-b665-be3a2437e9d0', 4, 'c679e699-0550-5c3f-8acf-8c7086458391', '344b1543-dc60-5de6-a9fb-9ebbcde0d396', null),
  ('88c2e715-606b-5fb8-a012-5147e2a5017c', '4bb14b12-cddf-5efe-b665-be3a2437e9d0', 5, '2e0faaf0-b2c0-516e-92db-958bc4ac0fbe', '9e5798ac-57e7-543f-be64-1e9776770a2b', null),
  ('f58bfa73-cbbe-598c-a1d0-6060ec48a802', '4bb14b12-cddf-5efe-b665-be3a2437e9d0', 6, 'c3adff44-32b6-54f9-84ce-6ca39132df22', '9e5798ac-57e7-543f-be64-1e9776770a2b', null),
  ('2a7bb719-8cb5-5690-b323-08dae1201622', '4bb14b12-cddf-5efe-b665-be3a2437e9d0', 7, '94676fc5-04c3-522f-9822-c281bd77b8ba', '00000000-0000-0000-0000-0000000000a1', null),
  ('6d8adfc6-bafb-5cc6-8c53-ee22233d16a5', '4bb14b12-cddf-5efe-b665-be3a2437e9d0', 8, '0f019533-0bf4-5906-b8e6-8f07fa0f8d95', '00000000-0000-0000-0000-0000000000a1', null),
  ('c941e625-57b9-5b21-9679-5919d956d9b0', 'f12922bf-6e0a-510f-89b2-1b257f9892f9', 1, '475ff1f9-69f9-5601-a301-d97a5e061234', '344b1543-dc60-5de6-a9fb-9ebbcde0d396', null),
  ('375641c3-d685-501c-9bb4-0ec39946c52d', 'f12922bf-6e0a-510f-89b2-1b257f9892f9', 2, '31565ea6-61f8-5b01-b81c-84d41fe6931c', '7e8a6d53-4cc9-56c0-9892-437ca4607269', null),
  ('3db9f485-4c59-5ab4-925c-2dd9908f7052', 'f12922bf-6e0a-510f-89b2-1b257f9892f9', 3, '6bf85a9e-c7cf-516f-a256-44b19520ef33', '2c718b49-c661-50a4-8563-a41a42b5cc5d', null),
  ('e2dfd9ae-079e-565d-8edb-68a7ddefb548', 'f12922bf-6e0a-510f-89b2-1b257f9892f9', 4, 'e67f7b27-fd70-595c-832e-cda4098b7d2f', '00000000-0000-0000-0000-0000000000a1', null),
  ('091f67f8-dbe6-5071-ab3d-c607ff9f9a2a', 'f12922bf-6e0a-510f-89b2-1b257f9892f9', 5, 'e0289f5a-2394-5442-a84e-128f44155c12', '7e8a6d53-4cc9-56c0-9892-437ca4607269', null),
  ('63e985d9-35e4-5bfc-b60a-1f81fa85c5c7', 'f12922bf-6e0a-510f-89b2-1b257f9892f9', 6, 'f93337df-bc99-54e4-a8df-ffd06ea3f496', '344b1543-dc60-5de6-a9fb-9ebbcde0d396', null),
  ('f3162da4-0a60-5bae-a4b6-be45643d6388', 'f12922bf-6e0a-510f-89b2-1b257f9892f9', 7, '1ea6daef-53a6-5def-9150-367620330e87', '344b1543-dc60-5de6-a9fb-9ebbcde0d396', null),
  ('f40ae0d6-0933-5f82-a6bc-3d7369ae95d6', 'f12922bf-6e0a-510f-89b2-1b257f9892f9', 8, '93646a0c-12e7-5b8c-b520-09379015f0f7', '8d4059b5-a1e4-52f4-b162-4cb8bf91f4e6', null),
  ('3fcc4c33-8047-5688-beab-6ffef09a7ffd', 'cf7871c7-2080-587a-a1cf-fe35c162d855', 1, 'b7278d7a-00cb-5bc9-aab3-3d849cd8633e', '7e8a6d53-4cc9-56c0-9892-437ca4607269', null),
  ('2905d7e6-86cf-5ef8-9787-84e511862aa5', 'cf7871c7-2080-587a-a1cf-fe35c162d855', 2, 'e236872d-08ab-5696-9bcc-db47d7e2ccc5', '7e8a6d53-4cc9-56c0-9892-437ca4607269', null),
  ('ab774436-1582-5a26-8baa-28933402ef53', 'cf7871c7-2080-587a-a1cf-fe35c162d855', 3, '05ec9eb9-4208-50d8-b934-e7b277dcc435', '7e8a6d53-4cc9-56c0-9892-437ca4607269', null),
  ('d9cbc71b-c305-5f77-8344-8cfa10766504', 'cf7871c7-2080-587a-a1cf-fe35c162d855', 4, '38584aee-23fe-5794-9b0a-16b5c89ae5e7', '344b1543-dc60-5de6-a9fb-9ebbcde0d396', null),
  ('c37af233-2add-57a9-aa75-8862b6b054be', 'cf7871c7-2080-587a-a1cf-fe35c162d855', 5, 'd3d06515-c163-5bf2-8c41-5e310f79f4e7', 'e59c8987-4896-5ca7-8de1-3e3732deca8e', null),
  ('d44d364a-3685-5cf6-9796-0c34673e5565', 'cf7871c7-2080-587a-a1cf-fe35c162d855', 6, 'fdee72de-9704-565c-8098-fc081dffba3e', 'a9b325c9-be82-5365-a085-e36890c311c2', null),
  ('3d9671da-47d0-5b70-a7df-f3d90551294a', 'cf7871c7-2080-587a-a1cf-fe35c162d855', 7, '9fae1928-fd44-511b-b1d8-34f00cec7f85', 'ed88d3bc-c065-5209-9304-730080420f1e', null),
  ('41ce64e0-5d4c-5a5a-a48d-71d3a535991e', 'cf7871c7-2080-587a-a1cf-fe35c162d855', 8, 'ac2adedf-7c4c-56fd-80af-e8da6b807970', '3c2885d6-c220-5920-b054-765a2c1e85d5', null),
  ('74f4c8c4-f125-502f-a484-c265079a4648', 'b4a29f56-fd0c-5d91-abd6-99007b7a5903', 1, '24079fb1-7a7e-528d-acb0-ed38c6c2c4ce', '7e8a6d53-4cc9-56c0-9892-437ca4607269', 122430),
  ('7e5d90c0-848f-54d8-bc71-1d765ac69080', 'b4a29f56-fd0c-5d91-abd6-99007b7a5903', 2, '6bc0d8e5-8b47-53be-9655-f7b6cb3d0e87', '31f274c3-f759-5c45-a8e2-ea9280942a31', 114340),
  ('c905b1db-ed3c-53fa-8839-b54fa088bb0f', 'b4a29f56-fd0c-5d91-abd6-99007b7a5903', 3, 'c9af0446-c495-5e0f-aa69-3eb6a7f85c1b', '344b1543-dc60-5de6-a9fb-9ebbcde0d396', 107970),
  ('243519ff-ec0c-5a5c-910a-b463bd606c0a', 'b4a29f56-fd0c-5d91-abd6-99007b7a5903', 4, 'ce3410ee-32f7-5363-b4f2-d00324b2b2c3', '0ac41011-9d57-5ba2-9556-7590a8be8268', 101980),
  ('ae82c970-ecdd-585f-9920-4965af38711b', 'b4a29f56-fd0c-5d91-abd6-99007b7a5903', 5, '6fc4d67e-a69d-5bc0-9c72-0c91cafaf89b', '00000000-0000-0000-0000-0000000000a1', 102320),
  ('0af69714-fea5-5960-b213-34dab4f1cc68', 'b4a29f56-fd0c-5d91-abd6-99007b7a5903', 6, 'bf6eac06-283c-5167-8848-2dab714ff314', '0ac41011-9d57-5ba2-9556-7590a8be8268', 113290),
  ('087d7cb4-f179-5b3b-993f-0eb1e2e95ec8', 'b4a29f56-fd0c-5d91-abd6-99007b7a5903', 7, '02f6ecec-d357-54ce-a54b-ed82db3b98a0', '4cf02ded-3103-5c97-9b7a-06ee026686d7', 115010),
  ('0c8f74c4-ee81-533e-8a59-355ab2c78778', 'b4a29f56-fd0c-5d91-abd6-99007b7a5903', 8, '11b7ec33-bda5-5fe2-938d-a6811cd8adaf', 'b3fb239e-d680-5f40-a2c3-a09c542965df', 130250),
  ('da8ab54f-f449-5c77-a93d-617b07b660f2', 'd57863ca-4fbb-5c9f-9391-298a1b4b9650', 1, '0d458f74-50e0-5500-91c3-40fb13a0bfff', 'b86ceb48-7de2-5c75-a592-f977deb318a3', 100290),
  ('ea9b1586-eb1e-501b-8d5f-c5a7c9fee51e', 'd57863ca-4fbb-5c9f-9391-298a1b4b9650', 2, '1d10fffc-231a-5f54-bf34-5ecda6906040', '344b1543-dc60-5de6-a9fb-9ebbcde0d396', 97410),
  ('6bc09e2c-053c-591b-8f79-4e9f38c4789d', 'd57863ca-4fbb-5c9f-9391-298a1b4b9650', 3, 'ade30890-7337-5a2e-87d0-b08f987e1fea', 'b86ceb48-7de2-5c75-a592-f977deb318a3', 94620),
  ('3203248b-98fb-50f2-baba-ea26f7348df9', 'd57863ca-4fbb-5c9f-9391-298a1b4b9650', 4, '42f4548b-48db-5c76-bc6d-d8e1675b725f', '670e7863-fbe3-576a-bba6-b2d1689f1216', 87890),
  ('26679caf-d26b-5e3a-a3a3-473ed06109e5', 'd57863ca-4fbb-5c9f-9391-298a1b4b9650', 5, 'b5f6acad-dc20-5621-a352-a29c6b5dedbb', 'e85bf284-fd8f-5e64-b555-c134fef0064e', 94190),
  ('e67fef9e-682a-5309-b364-1c1512dfa8dd', 'd57863ca-4fbb-5c9f-9391-298a1b4b9650', 6, '0870f1d8-bb11-52e8-b56b-0cd4a8041845', '3b30b256-e903-5043-937c-4d5667cbff47', 95670),
  ('66a9803f-0a2e-5478-9a97-34e74ee96dd9', 'd57863ca-4fbb-5c9f-9391-298a1b4b9650', 7, '1026a907-0f54-5700-987b-b7ea0fb0c393', '8c61fec8-40e9-572f-8ebd-4290dbdffbec', 99830),
  ('9af7bafd-9d56-5724-8adf-24c95f47139a', 'd57863ca-4fbb-5c9f-9391-298a1b4b9650', 8, '9dfe72db-81c4-51af-ab41-40651549f4bc', '93741827-dfe5-532f-b651-6f5066cae0d5', 100520),
  ('1ad5ed19-89d4-5e9b-869e-fa38ba932fae', '02a0835e-3d7e-5bbc-9d4a-20d07b93171c', 1, '73b9942e-e182-5827-ae25-cc9fea25626d', '8d4059b5-a1e4-52f4-b162-4cb8bf91f4e6', null),
  ('58499b58-70ff-5a86-8156-5a4f285d150c', '02a0835e-3d7e-5bbc-9d4a-20d07b93171c', 2, 'a9e303b4-928f-5f47-873f-7e8fb981658d', '344b1543-dc60-5de6-a9fb-9ebbcde0d396', null),
  ('34294026-8fee-5b3c-9bff-7f67fa4e74dc', '02a0835e-3d7e-5bbc-9d4a-20d07b93171c', 3, '2d996c6b-9e6f-5fae-b293-343a4499a2be', '00000000-0000-0000-0000-0000000000a1', null),
  ('9f9025ab-304b-5459-aed3-650aa400a941', '02a0835e-3d7e-5bbc-9d4a-20d07b93171c', 4, 'ce695d90-5d80-5db2-9e5b-fbda77b227c2', '7e8a6d53-4cc9-56c0-9892-437ca4607269', null),
  ('cd43766c-5776-58b3-b88a-820b9c2f63a6', '02a0835e-3d7e-5bbc-9d4a-20d07b93171c', 5, 'a010eba5-ab0e-5c8e-9ec3-7973cc0b8083', '7e8a6d53-4cc9-56c0-9892-437ca4607269', null),
  ('d5efb251-168f-5b48-8190-26c5cccd2413', '02a0835e-3d7e-5bbc-9d4a-20d07b93171c', 6, '1204e24b-32f2-5c77-ab13-f622eaefd81e', '344b1543-dc60-5de6-a9fb-9ebbcde0d396', null),
  ('e05ee986-07c1-526f-8e61-f09d8d1f5283', '02a0835e-3d7e-5bbc-9d4a-20d07b93171c', 7, 'd116b27f-72f2-59f5-b766-0361f03b6329', '3c2885d6-c220-5920-b054-765a2c1e85d5', null),
  ('19013a40-af25-5e83-97d3-66cdf37f63db', '1c05fb07-6b45-52d1-bf9b-1951533878c0', 1, '661a3bc0-302d-575a-9fc9-0bb69da9d374', 'a52a36ca-9b28-58cd-af06-95d9672a956c', null),
  ('aa6bd49a-9ef2-55ed-8b9b-e7a10089fdf8', '1c05fb07-6b45-52d1-bf9b-1951533878c0', 2, '1715b6df-4581-53f6-848b-435663de37df', '7e8a6d53-4cc9-56c0-9892-437ca4607269', null),
  ('3c5e80f0-679c-5e20-92d8-c0c945532a69', '1c05fb07-6b45-52d1-bf9b-1951533878c0', 3, '240aa47d-a54b-51b2-aa55-26a528519757', '0cc73bc4-5c1b-5379-a3b3-e0ad523143a3', null),
  ('4f1f5d75-73f9-5c92-b5f8-945f119f820f', '1c05fb07-6b45-52d1-bf9b-1951533878c0', 4, 'f1267fd6-5353-50b0-9d16-e956a0f2f877', '96258415-96b1-5c54-bafc-eba2e199ce62', null),
  ('19d22c6c-6216-5feb-b68b-15c657ca1164', '1c05fb07-6b45-52d1-bf9b-1951533878c0', 5, '9b8ec387-2899-54ff-a4f6-b1f2112dc7e2', '8c61fec8-40e9-572f-8ebd-4290dbdffbec', null),
  ('9b66e21b-449c-5ccc-b32a-38cf0b6e7a80', '1c05fb07-6b45-52d1-bf9b-1951533878c0', 6, '0d4d1ca4-c06a-5024-a3f5-a5328726de9d', '0a7d596c-953f-50ff-9b5d-e2b9c441876c', null),
  ('c7f6295e-cdd6-555f-b49b-a7f082021ec5', '1c05fb07-6b45-52d1-bf9b-1951533878c0', 7, 'fc925e7e-80b8-5009-8fc0-6c1909648d1d', '344b1543-dc60-5de6-a9fb-9ebbcde0d396', null),
  ('1352d4fa-5e22-5586-8459-e12e1c9444d8', '1c05fb07-6b45-52d1-bf9b-1951533878c0', 8, '18facad1-7d05-5483-b370-24030069f34f', '3c2885d6-c220-5920-b054-765a2c1e85d5', null),
  ('1680497d-8391-5272-a332-381c53c9c1dc', '0989b76b-e56f-55c6-bd7e-9a7e45bcd4c8', 1, '4f8f0160-5133-54b5-9665-1d49bcb4cdda', '00000000-0000-0000-0000-0000000000a1', null),
  ('0b133fca-525a-572e-9138-0b22dbae55d6', '0989b76b-e56f-55c6-bd7e-9a7e45bcd4c8', 2, 'd9a3e42e-de9c-5776-9705-235d8a3e92db', '520633dd-1fc6-57f7-a2a8-29cfebf61e27', null),
  ('118da0dd-f617-504f-989c-76be0725436e', '0989b76b-e56f-55c6-bd7e-9a7e45bcd4c8', 3, 'c8ac2b31-755f-5cb6-b6b3-c4f60043ee1d', '94865e3f-f207-576f-a008-056ce7cceef0', null),
  ('67f82580-00b1-57a2-aae0-790161ea1085', '0989b76b-e56f-55c6-bd7e-9a7e45bcd4c8', 4, '786c1d52-a5a2-58a7-918a-12346497f4a6', '5b5fdbb8-bd84-53b0-8f08-6f2a79cae3c4', null),
  ('99d95990-0929-557c-91c3-e8d08e819a47', '0989b76b-e56f-55c6-bd7e-9a7e45bcd4c8', 5, '3202c1a0-bcdd-5bbc-8d25-4bf6208daa7c', '66c81804-ac7f-5ef3-81c6-684d5e64adb7', null),
  ('807bdbbd-6218-541a-9d95-0cf5d1fc1b66', '0989b76b-e56f-55c6-bd7e-9a7e45bcd4c8', 6, 'b0c8c26c-2ad6-5f0b-a2da-0311868149da', 'a52a36ca-9b28-58cd-af06-95d9672a956c', null),
  ('00e863e6-0771-53a4-8448-80f7d9072e87', '0989b76b-e56f-55c6-bd7e-9a7e45bcd4c8', 7, 'baee3eb5-ddc6-5885-b66b-399233cac820', '7469bc80-fd06-5028-8033-aeb9008a4507', null),
  ('155e7f7f-1d11-5deb-a16d-567024c5529f', '0989b76b-e56f-55c6-bd7e-9a7e45bcd4c8', 8, '14fd0c89-15e0-5159-99ed-aa05d38b5a54', '00000000-0000-0000-0000-0000000000a1', null),
  ('e4f670d3-b9fb-5e18-9d9b-834ec6822f6c', 'ec7bc3f0-064e-51dc-beca-c870f6201c52', 1, '08304721-91f8-549d-b29b-dba4ba0dfc19', '00000000-0000-0000-0000-0000000000a1', 145460),
  ('e18195fc-4638-57eb-9f24-e2d0bf436622', 'ec7bc3f0-064e-51dc-beca-c870f6201c52', 2, '0dad8f32-9c53-54f2-ad70-8ce29650da78', '344b1543-dc60-5de6-a9fb-9ebbcde0d396', 128240),
  ('76b4692b-3c76-5f63-ae37-637b50382e28', 'ec7bc3f0-064e-51dc-beca-c870f6201c52', 3, 'd5d830c2-e845-519d-8556-219713dae1ad', '7e8a6d53-4cc9-56c0-9892-437ca4607269', 121820),
  ('01c253cb-d762-5170-8938-cee4ade2f3d4', 'ec7bc3f0-064e-51dc-beca-c870f6201c52', 4, '7b25e42a-8ff8-56ad-9d38-f30617b02f26', '344b1543-dc60-5de6-a9fb-9ebbcde0d396', 117690),
  ('d863b1f6-5b55-59a6-8638-e3f33cfeb0f1', 'ec7bc3f0-064e-51dc-beca-c870f6201c52', 5, '14bdc993-49c3-5035-8dd5-6e3bbc1a6844', '7e8a6d53-4cc9-56c0-9892-437ca4607269', 120900),
  ('46af796b-b51a-537d-89c0-4a3da9a42c3b', 'ec7bc3f0-064e-51dc-beca-c870f6201c52', 6, '191e2171-6f1c-5730-95d7-398e91b4fb3c', '9e5798ac-57e7-543f-be64-1e9776770a2b', 122350),
  ('395844cb-3fbd-5a09-8b35-b8fa6e9b7ae9', 'ec7bc3f0-064e-51dc-beca-c870f6201c52', 7, 'b503f850-a159-5338-a85b-d7b5bbf394e6', '344b1543-dc60-5de6-a9fb-9ebbcde0d396', 129140),
  ('9964e4d3-fafd-55aa-8495-a3d15360c421', 'ec7bc3f0-064e-51dc-beca-c870f6201c52', 8, 'c8974c93-0f2f-5ff7-9bf0-d4ec480a1cd8', '9e5798ac-57e7-543f-be64-1e9776770a2b', null),
  ('bf5d890d-27d1-5f4b-899c-bf716951732e', '331e69b7-32db-5e5f-a0cf-79ebb660c507', 1, 'cf9492b1-87d9-531a-9ee1-a71724faf920', 'bcf7b144-5b95-52fb-8445-5e2742610d55', 109970),
  ('1d23cec4-bb9f-5492-87f9-3bff68b68691', '331e69b7-32db-5e5f-a0cf-79ebb660c507', 2, '89209300-5ccd-5c64-9edf-9593fa5a34f0', '0ac41011-9d57-5ba2-9556-7590a8be8268', 108620),
  ('84c83fb3-087f-5b38-bc86-92b2824a23bc', '331e69b7-32db-5e5f-a0cf-79ebb660c507', 3, '9870ab76-8862-5f44-bec6-2f97c116b773', '344b1543-dc60-5de6-a9fb-9ebbcde0d396', 97220),
  ('5ba87236-7d01-5160-940c-4980bae1842e', '331e69b7-32db-5e5f-a0cf-79ebb660c507', 4, 'fd294fb2-5cbc-5400-9f0e-bc4a3600410d', '8204b741-70c6-5870-8811-971a3166ce18', 93880),
  ('52d2b35e-f67c-5bd7-9b35-c6ed0013dd44', '331e69b7-32db-5e5f-a0cf-79ebb660c507', 5, 'f8e8de99-791d-57f5-8543-dad14cfc884e', '3b30b256-e903-5043-937c-4d5667cbff47', 94380),
  ('41ecaf27-4eda-5098-8f9a-f4a70b1ffe8a', '331e69b7-32db-5e5f-a0cf-79ebb660c507', 6, '04f341c4-dd50-59bc-b19b-068db74ed6a1', '9e5798ac-57e7-543f-be64-1e9776770a2b', 97680),
  ('950e7ed9-b417-588b-914b-50ba54ce2b41', '331e69b7-32db-5e5f-a0cf-79ebb660c507', 7, '99c09439-3c59-5552-828c-baf45379a4f2', '7e8a6d53-4cc9-56c0-9892-437ca4607269', 109840),
  ('835d23a9-ed20-5517-8dad-f369aa9f995a', '331e69b7-32db-5e5f-a0cf-79ebb660c507', 8, 'f1ee8c47-fcd9-50a6-b517-f57fb4bd8259', 'b86ceb48-7de2-5c75-a592-f977deb318a3', 111290),
  ('2f5a73cb-257a-5206-8aa2-f7a5cf159293', 'acddbfc7-5793-5238-b977-27c3b0ae6789', 1, '88065849-22e0-5a70-9caf-c334b76f7a2c', '93741827-dfe5-532f-b651-6f5066cae0d5', null),
  ('6c99da5c-adb1-5071-9fc2-e8662b7a0f40', 'acddbfc7-5793-5238-b977-27c3b0ae6789', 2, '122a68b7-4676-5abb-971c-2fdbd5d4f495', '8598a84d-d95a-587a-b1fd-d5c6a9ae9d39', null),
  ('b8c91d6e-0f27-52e0-aedf-16985926af9e', 'acddbfc7-5793-5238-b977-27c3b0ae6789', 3, 'df4a8487-15e0-5112-a386-8ac8af45e0e0', '344b1543-dc60-5de6-a9fb-9ebbcde0d396', null),
  ('056b7f93-e0c9-598d-924a-ed0cf0100927', 'acddbfc7-5793-5238-b977-27c3b0ae6789', 4, '9f16a721-6dbc-58ed-a861-979e237a242b', '77d8aa22-3f2f-5813-8f61-99dac028ced0', null),
  ('682a811b-0dce-5aed-9d06-ab73cdf93602', 'acddbfc7-5793-5238-b977-27c3b0ae6789', 5, '58d885df-bcc4-56b8-83c5-aa5912057448', '8204b741-70c6-5870-8811-971a3166ce18', null),
  ('23f8dde5-6d91-54ec-9bfb-23a496d9960b', 'acddbfc7-5793-5238-b977-27c3b0ae6789', 6, '3d903293-379e-5c54-91b4-77eac72610d7', 'b86ceb48-7de2-5c75-a592-f977deb318a3', null),
  ('1970b095-1381-5454-a28e-668cce245583', 'acddbfc7-5793-5238-b977-27c3b0ae6789', 7, 'f459be6e-b356-5cb8-9dc3-0ff85b0f7087', '96258415-96b1-5c54-bafc-eba2e199ce62', null),
  ('d676716c-2766-5a2b-a3d2-34b32a251beb', 'acddbfc7-5793-5238-b977-27c3b0ae6789', 8, 'bd087986-d611-5d55-b1bb-7580714bc765', '344b1543-dc60-5de6-a9fb-9ebbcde0d396', null),
  ('6f34245d-0bc6-596b-8363-789c79185ec5', '15847366-d3e5-503e-ba56-56d9a67e7160', 1, 'f9bb0125-da99-503a-8e76-74c9b9e06526', '7469bc80-fd06-5028-8033-aeb9008a4507', null),
  ('a8b184b8-37df-5e6e-9355-680a7545cb17', '15847366-d3e5-503e-ba56-56d9a67e7160', 2, 'f183b734-0077-56ee-8f67-c4786b949d88', '344b1543-dc60-5de6-a9fb-9ebbcde0d396', 202320),
  ('f48fc4bc-dce8-552f-9b68-0f70fcefba18', '15847366-d3e5-503e-ba56-56d9a67e7160', 3, 'e86ade20-99db-55b3-8964-536fd23ff6ee', '3b30b256-e903-5043-937c-4d5667cbff47', 179620),
  ('0c7aeaee-488e-5855-8cd9-de4ab20acf17', '15847366-d3e5-503e-ba56-56d9a67e7160', 4, 'ff7d7506-d667-5727-863d-4ddbed3d91dd', '9b661c9d-ed9a-5d36-a1f9-cb921afb8e73', 175340),
  ('d0a3cdf1-53fb-5ecc-98ab-eadc72495f9f', '15847366-d3e5-503e-ba56-56d9a67e7160', 5, '0129ed92-06c5-503c-b1d9-a13375c691db', '00000000-0000-0000-0000-0000000000a1', 176230),
  ('949fd0f6-ac01-5718-92ba-8c00c116a29d', '15847366-d3e5-503e-ba56-56d9a67e7160', 6, 'ccc22d73-8ab7-56a5-a5fc-b44b8eb97c31', '0ac41011-9d57-5ba2-9556-7590a8be8268', 183880),
  ('b902795c-9334-5f19-bf0d-00bfc99ba028', '15847366-d3e5-503e-ba56-56d9a67e7160', 7, 'b08be554-8934-5c37-93e7-d59762ae7bfa', '9e5798ac-57e7-543f-be64-1e9776770a2b', 211570),
  ('ea22f4b7-6ad6-506f-a884-169698b65320', '15847366-d3e5-503e-ba56-56d9a67e7160', 8, '0038c206-9d81-5eb2-81c6-1a176d9f0ffd', 'ed88d3bc-c065-5209-9304-730080420f1e', null),
  ('9bf94acb-8798-51d7-906b-ef344a23539f', '2b9ffc9c-d8a1-5f46-86df-8d3643f5f86f', 1, '2fcfb3e3-258e-5f0d-878f-51b0f76d15e5', '9e5798ac-57e7-543f-be64-1e9776770a2b', 169260),
  ('e61f0527-5a2e-5bad-b541-7f31b47c34d9', '2b9ffc9c-d8a1-5f46-86df-8d3643f5f86f', 2, '01ec8ac4-137f-5c56-a21d-882e7936b026', '00000000-0000-0000-0000-0000000000a1', 164070),
  ('68883160-7be1-50db-b7fb-9f1ae8bcbb46', '2b9ffc9c-d8a1-5f46-86df-8d3643f5f86f', 3, '6b5a43ce-2e67-5d4d-8cca-8c014d51e1d0', '8204b741-70c6-5870-8811-971a3166ce18', 159830),
  ('70b9d107-535f-5fe2-9fb2-f17a5fc14fd5', '2b9ffc9c-d8a1-5f46-86df-8d3643f5f86f', 4, '6e0ccfd3-673f-5e5f-adc4-9b902f7cf799', 'b86ceb48-7de2-5c75-a592-f977deb318a3', 151880),
  ('d8e1ae8d-e7df-5e56-ae8f-f2fb7da7a5d4', '2b9ffc9c-d8a1-5f46-86df-8d3643f5f86f', 5, '8262f8d2-1023-5b10-9de2-bdb23f8d63c2', '00000000-0000-0000-0000-0000000000a1', 152710),
  ('1f8be0ba-636e-55ea-9c07-c6843cd1a968', '2b9ffc9c-d8a1-5f46-86df-8d3643f5f86f', 6, '3aaa84aa-c194-53a7-98c5-eedb1af77483', '344b1543-dc60-5de6-a9fb-9ebbcde0d396', 163400),
  ('02942591-0f2d-5acf-9726-8f9c64b5d261', '2b9ffc9c-d8a1-5f46-86df-8d3643f5f86f', 7, '9be1e23d-e657-547c-b69c-a9d2110bfa05', '9e5798ac-57e7-543f-be64-1e9776770a2b', 166870),
  ('7dc0b2bd-be62-5bdd-98e1-d7b2627b5942', '2b9ffc9c-d8a1-5f46-86df-8d3643f5f86f', 8, '070db686-08d0-5d07-a7a4-1c9ffa49fbbe', '8204b741-70c6-5870-8811-971a3166ce18', 171530),
  ('d6c7aa76-f76e-5202-b2c8-d457381ecbb0', '4638f59d-72a4-5a4d-8e95-5880adecd508', 2, '91dc06c8-e390-5ef4-8558-3264c80772be', '9e5798ac-57e7-543f-be64-1e9776770a2b', null),
  ('9ed1a4eb-9d6c-589e-9479-0584d1ef4c46', '4638f59d-72a4-5a4d-8e95-5880adecd508', 3, '91fb0f36-3554-5c7c-8bdf-f17b7d595c11', '7469bc80-fd06-5028-8033-aeb9008a4507', null),
  ('e8b627c9-d7a5-5cb7-b4b6-5a39966d6926', '4638f59d-72a4-5a4d-8e95-5880adecd508', 4, '48829e1e-5d80-58ef-8740-296dedf6abdc', 'cf00c520-cf02-55ea-8867-f02644ec8045', null),
  ('314403f5-d742-5868-b827-4f8f509cec25', '4638f59d-72a4-5a4d-8e95-5880adecd508', 5, '17b1b4ca-2f5b-595c-a777-71d01521422f', '3b30b256-e903-5043-937c-4d5667cbff47', null),
  ('05879cfe-b224-5ace-82ed-aacd6eac979a', '4638f59d-72a4-5a4d-8e95-5880adecd508', 6, '94657da9-7d2e-5c67-9edf-eb7c7ee7613b', '00000000-0000-0000-0000-0000000000a1', null),
  ('9f334bbd-071b-5e1d-a05c-9dc542b6e4d9', 'cc559862-e383-582a-b3cb-2817ef4a2cd8', 1, '85e8e5a8-f22a-5a8c-9dc6-6da443a7d28d', '68434c3c-9e49-5c11-a09a-2a041a339b64', 273530),
  ('51b155ea-4da4-5e22-80d9-25cf2abc10ca', 'cc559862-e383-582a-b3cb-2817ef4a2cd8', 2, 'bbdca345-0f26-5d7f-a329-9a9c59c69f5c', 'bcf7b144-5b95-52fb-8445-5e2742610d55', 199220),
  ('09b4acc6-2070-5a6c-b9c9-066c4a84681f', 'cc559862-e383-582a-b3cb-2817ef4a2cd8', 3, 'ceac31cf-6fe3-5855-9b23-256f65f17c64', '9e5798ac-57e7-543f-be64-1e9776770a2b', 182090),
  ('22c9b08b-9d5a-5bdc-97ce-6674a71a73e1', 'cc559862-e383-582a-b3cb-2817ef4a2cd8', 4, '939ac102-90b7-5cb3-83a8-282b69a9c7cc', '3841ae30-9d74-5f13-bbd3-783a3e346791', 167050),
  ('b516828c-39b2-5fad-b469-d50863e4b5a8', 'cc559862-e383-582a-b3cb-2817ef4a2cd8', 5, '77d758a1-2944-5350-892a-d6c243a07490', '8204b741-70c6-5870-8811-971a3166ce18', 174260),
  ('0b538f23-ff05-5e52-851c-5e941e455e5e', 'cc559862-e383-582a-b3cb-2817ef4a2cd8', 6, 'd9d6d53d-de03-5d08-8549-52c41fa49ca0', '00000000-0000-0000-0000-0000000000a1', 187460),
  ('f175b089-a9fe-520e-b1ac-e42f19fc58d5', 'cc559862-e383-582a-b3cb-2817ef4a2cd8', 7, 'adb8f7f8-ead6-5aca-ae25-34dc09b806f3', '344b1543-dc60-5de6-a9fb-9ebbcde0d396', 218170),
  ('58af85bb-9cc3-5f4d-ba03-91f52a2f8625', 'cc559862-e383-582a-b3cb-2817ef4a2cd8', 8, '18fd6857-82d9-5169-bc2e-df9d311f946f', '4c684b5a-5ac6-53ee-a81e-980f4080f0fb', null),
  ('a4865810-cea1-54eb-9f75-41bba8d7bd0f', 'c9a996e1-e0cb-5a7e-b899-28b11249c8b2', 2, '21b2818f-bdf6-5879-a5cf-01b2c7858c0f', 'bcf7b144-5b95-52fb-8445-5e2742610d55', null),
  ('e697907d-88d0-5e26-af20-a0c8faae1665', 'c9a996e1-e0cb-5a7e-b899-28b11249c8b2', 3, '819f6eb2-6a8e-5d65-ad77-c285bb200be4', 'cf00c520-cf02-55ea-8867-f02644ec8045', null),
  ('8ebc4508-ca83-54c7-b115-d65f702dc089', 'c9a996e1-e0cb-5a7e-b899-28b11249c8b2', 4, 'aab754ac-0831-5a0f-bcb6-c28e82207e55', '7b68af26-f292-5ac6-b7f1-5f4338031c35', null),
  ('29d9894f-f0f4-5d79-838a-59b9dab9b1eb', 'c9a996e1-e0cb-5a7e-b899-28b11249c8b2', 5, 'd0101fcc-6bdf-542a-8fea-1050273c7939', '0ac41011-9d57-5ba2-9556-7590a8be8268', null),
  ('3b8b3eeb-5209-5990-b419-aa9c1b95f053', 'c9a996e1-e0cb-5a7e-b899-28b11249c8b2', 6, '77672e2c-6649-5bc3-8a4f-06fe474ebc59', '8598a84d-d95a-587a-b1fd-d5c6a9ae9d39', null),
  ('59eb1521-1087-5dc4-8598-3602b58540fc', 'f3f6032c-81e8-5e7a-9c53-f49770896e0f', 2, '81936892-86ee-5f9e-a49f-222f38a65f94', '4c684b5a-5ac6-53ee-a81e-980f4080f0fb', null),
  ('f4e6a509-bb19-503a-a5f2-3b7239a7012c', 'f3f6032c-81e8-5e7a-9c53-f49770896e0f', 3, 'bd97e89a-e0eb-5028-a61c-3a75c8cf4e22', '344b1543-dc60-5de6-a9fb-9ebbcde0d396', null),
  ('aa395720-ecf4-5000-979d-6b65bc121ca0', 'f3f6032c-81e8-5e7a-9c53-f49770896e0f', 4, 'd2b7a0be-e9d9-5137-a117-fd8eaa73e478', '00000000-0000-0000-0000-0000000000a1', null),
  ('425baf80-6a46-5b22-859b-25fcba881930', 'f3f6032c-81e8-5e7a-9c53-f49770896e0f', 5, '082e0969-7509-551b-bdab-bdea3c333d2b', '344b1543-dc60-5de6-a9fb-9ebbcde0d396', null),
  ('38607532-8e9c-5e0b-b89b-57589d3016f9', 'f3f6032c-81e8-5e7a-9c53-f49770896e0f', 6, 'bdfcfd07-0b45-53c4-8207-f10b329d55c2', 'ed88d3bc-c065-5209-9304-730080420f1e', null),
  ('62cbb949-0db4-5956-b407-eac5bdc5a858', 'f3f6032c-81e8-5e7a-9c53-f49770896e0f', 7, 'e09d6f68-d9f3-5b2f-ae4a-78bcd0f006f4', 'b86ceb48-7de2-5c75-a592-f977deb318a3', null),
  ('d8e52d0e-030f-5c8f-9b1f-c04455aee183', 'cdac0f16-0025-5247-b201-daa2a5f2dc9b', 1, '96dc396d-a53b-52a4-98d1-9a8bdd04b0d4', '8204b741-70c6-5870-8811-971a3166ce18', null),
  ('2379664c-8715-5889-a3df-afae07397c36', 'cdac0f16-0025-5247-b201-daa2a5f2dc9b', 2, '7adbcebc-667a-5812-979a-2e61d941ef0e', '5b5fdbb8-bd84-53b0-8f08-6f2a79cae3c4', null),
  ('02def8b6-48e2-524f-be39-e915a7e1d353', 'cdac0f16-0025-5247-b201-daa2a5f2dc9b', 3, '2b7e0a12-b278-571e-acb5-3ca3d1b37645', '96258415-96b1-5c54-bafc-eba2e199ce62', null),
  ('44ef3e0a-ea94-561d-819b-43b257fdfebf', 'cdac0f16-0025-5247-b201-daa2a5f2dc9b', 4, '3d946b7e-4740-5ab1-bcba-5e64de013b25', '00000000-0000-0000-0000-0000000000a1', null),
  ('a2ccddca-25dc-52b0-a943-5a3bb7d53f21', 'cdac0f16-0025-5247-b201-daa2a5f2dc9b', 5, '91d10149-1da7-523b-a63c-a0cf76cfc376', '40f21282-0ed9-5061-91b0-2b7320fa6cb7', null),
  ('dbba4254-b261-5ac1-8ae8-6ec0521cdfed', 'cdac0f16-0025-5247-b201-daa2a5f2dc9b', 6, 'd38aadad-3ce5-5fbd-ab57-48aa1b6f4e0f', 'b86ceb48-7de2-5c75-a592-f977deb318a3', null),
  ('2df34df7-6902-5173-b803-fb06ebafd3ea', 'cdac0f16-0025-5247-b201-daa2a5f2dc9b', 7, '8d706903-6208-5751-a012-527bd0a90de8', 'b853f2f0-09a5-5287-adf4-c2cd3385e5f2', null),
  ('578867d5-0212-5c60-8612-f73820b68354', 'cdac0f16-0025-5247-b201-daa2a5f2dc9b', 8, '9b5ee1b4-f8b7-573a-9dd7-afce66c26ebc', '344b1543-dc60-5de6-a9fb-9ebbcde0d396', null),
  ('f7cda6a0-f416-53d5-8cdc-236318d3f176', 'd9d780f2-3b1b-565f-9676-d511cd7feb24', 1, '653efbc9-5299-5cfc-a2b9-459933343725', 'b86ceb48-7de2-5c75-a592-f977deb318a3', null),
  ('b6b92eb7-5b09-510c-bbae-7b3fc13f0ac1', 'd9d780f2-3b1b-565f-9676-d511cd7feb24', 2, '38b00335-14ab-5320-a155-2307a5836bb5', '8204b741-70c6-5870-8811-971a3166ce18', null),
  ('2e7da18a-c59c-50d8-ba80-70fa7c6096fa', 'd9d780f2-3b1b-565f-9676-d511cd7feb24', 3, '3bb68a7e-410c-5733-bbcf-930cd79fb5f7', 'ed88d3bc-c065-5209-9304-730080420f1e', 246270),
  ('b9041ffc-7976-5e4d-81f7-12c8b5edf9a2', 'd9d780f2-3b1b-565f-9676-d511cd7feb24', 4, '37923a12-6255-5a8f-985c-972054b09145', '344b1543-dc60-5de6-a9fb-9ebbcde0d396', 210650),
  ('732910f3-ad92-5db2-a2a0-51b662b7a2ac', 'd9d780f2-3b1b-565f-9676-d511cd7feb24', 5, 'c98bb15d-1980-5958-800d-6a65d9d88b97', '7e8a6d53-4cc9-56c0-9892-437ca4607269', 215500),
  ('004675fa-221c-5ca7-a862-1e7d42503f86', 'd9d780f2-3b1b-565f-9676-d511cd7feb24', 6, '91730ff5-019f-562f-b9a3-96b98ce1a796', '4cf02ded-3103-5c97-9b7a-06ee026686d7', 254270),
  ('ebbb780b-42b6-58b8-9781-600adea77af9', 'd9d780f2-3b1b-565f-9676-d511cd7feb24', 7, 'c03cc89a-54c4-5f78-b06e-c5c7f87c6d64', '8598a84d-d95a-587a-b1fd-d5c6a9ae9d39', null),
  ('fafc2487-c3e4-5a0e-b8d2-617b822fad09', 'd9d780f2-3b1b-565f-9676-d511cd7feb24', 8, '087b8110-7600-5f0a-9434-0a074564b120', 'b86ceb48-7de2-5c75-a592-f977deb318a3', null),
  ('24d0f295-86ca-59f3-bd23-748c109e1c5c', '36b8a8da-cdf0-5781-8972-a8c1b7fdd3c5', 1, 'c9c230b0-66a7-5099-8aef-c7e5560c33cc', '9e5798ac-57e7-543f-be64-1e9776770a2b', 205450),
  ('893c3676-92b1-5a83-ba3d-97dfdba5fc0a', '36b8a8da-cdf0-5781-8972-a8c1b7fdd3c5', 2, 'a3ce345a-ad04-5d1c-a2c9-557add0f6110', '9e5798ac-57e7-543f-be64-1e9776770a2b', 193720),
  ('f37dbda9-0145-579f-b251-506815d4960e', '36b8a8da-cdf0-5781-8972-a8c1b7fdd3c5', 3, '86a1da35-0573-5e36-9a01-903e4f41f25f', '670e7863-fbe3-576a-bba6-b2d1689f1216', 183430),
  ('dfa23043-cf31-57f6-8703-8134a29a8b27', '36b8a8da-cdf0-5781-8972-a8c1b7fdd3c5', 4, '3ee44ea6-22c5-5ada-a299-e58b7e09a5d7', '344b1543-dc60-5de6-a9fb-9ebbcde0d396', 172070),
  ('311f2001-b096-5881-8fe1-323dce9e4f9b', '36b8a8da-cdf0-5781-8972-a8c1b7fdd3c5', 5, '976c1f92-c64a-55e6-b11c-796a5e9e3abe', '8204b741-70c6-5870-8811-971a3166ce18', 173280),
  ('c0fc70ba-b4be-5afe-acb9-10f229082951', '36b8a8da-cdf0-5781-8972-a8c1b7fdd3c5', 6, '533fb973-448c-5402-b01a-e1d6f6c0413e', '344b1543-dc60-5de6-a9fb-9ebbcde0d396', 184370),
  ('7fa51c5e-6b5a-56df-bf84-36f8e6ce9927', '36b8a8da-cdf0-5781-8972-a8c1b7fdd3c5', 7, 'c32df89d-edef-5f51-b783-76026b0f2a99', '8204b741-70c6-5870-8811-971a3166ce18', 197060),
  ('1c07ade9-4855-5ad2-99b6-74c4be0fb120', '36b8a8da-cdf0-5781-8972-a8c1b7fdd3c5', 8, 'ce780c61-7e24-5a2a-8e20-db07f44eeebe', 'e85bf284-fd8f-5e64-b555-c134fef0064e', 210410),
  ('4467840f-8a84-5628-8bd4-88df8bbac9f8', 'eb8a9d6b-ad56-5d1e-8532-340eda585db1', 2, '25a81233-e604-52d0-b90f-eb6e49c51ac5', '96258415-96b1-5c54-bafc-eba2e199ce62', null),
  ('15f49eb8-0a94-5371-903e-2594fc71fbac', 'eb8a9d6b-ad56-5d1e-8532-340eda585db1', 3, 'c166381a-7dc9-56ae-b7a8-d547b866f314', 'b86ceb48-7de2-5c75-a592-f977deb318a3', null),
  ('ab64b10e-53b8-5437-8aa6-17855385d5b5', 'eb8a9d6b-ad56-5d1e-8532-340eda585db1', 4, 'e2f04340-1464-5e2a-bd6f-e1e79ff351c5', '00000000-0000-0000-0000-0000000000a1', null),
  ('d1333045-b488-5366-8005-92994e2d53bf', 'eb8a9d6b-ad56-5d1e-8532-340eda585db1', 5, '206a3913-b335-5e55-8858-d8b3beab3f46', 'e85bf284-fd8f-5e64-b555-c134fef0064e', null),
  ('4bd9e0c8-50f3-5377-8464-0a0894634e52', 'eb8a9d6b-ad56-5d1e-8532-340eda585db1', 6, '7f5c58ff-901d-52e8-9615-37cb0b641cba', '8204b741-70c6-5870-8811-971a3166ce18', null),
  ('9cb0d888-a058-5a08-b08b-b585fa58bd1f', 'eb8a9d6b-ad56-5d1e-8532-340eda585db1', 7, '4ea01d0c-4e2b-5d54-bb28-c77216d37716', '93741827-dfe5-532f-b651-6f5066cae0d5', null),
  ('68cc5e87-8703-5a79-a120-75ee76800565', '832b270c-2857-5a84-b6a3-1c3a60cfccdb', 1, '4f246c6a-09b1-51e3-8a7a-0dc86b451518', '7469bc80-fd06-5028-8033-aeb9008a4507', null),
  ('4a732c89-e28e-5dcd-9136-69392759c8b6', '832b270c-2857-5a84-b6a3-1c3a60cfccdb', 2, '87a27358-5e09-5ecf-9ac8-08b02a349cb8', '00000000-0000-0000-0000-0000000000a1', null),
  ('e60988d1-02cf-5fb4-9ec7-0833d59783b8', '832b270c-2857-5a84-b6a3-1c3a60cfccdb', 3, '1be847de-7459-5e88-a10c-55de90b1e04c', '96258415-96b1-5c54-bafc-eba2e199ce62', null),
  ('5d1691e4-20e6-505a-8ae3-e5d9db8de3ed', '832b270c-2857-5a84-b6a3-1c3a60cfccdb', 4, '8aaaed09-86b5-5632-b933-e51fc0ef0dda', '3c2885d6-c220-5920-b054-765a2c1e85d5', 226760),
  ('6d87dea5-3c8a-54ac-acb8-228995cbeaff', '832b270c-2857-5a84-b6a3-1c3a60cfccdb', 5, 'da025c23-4a8d-5417-9638-0cee46b05f0d', '00000000-0000-0000-0000-0000000000a1', 234930),
  ('8f183801-fe7e-5502-8845-37b758107f13', '832b270c-2857-5a84-b6a3-1c3a60cfccdb', 6, '692b46f9-9350-5645-aeba-cd97e0178e98', '60d1d7c1-dae0-5aa4-a9a5-47629f3ec8db', null),
  ('7fc0f45c-2b2c-54fe-a84d-803f25c40213', '832b270c-2857-5a84-b6a3-1c3a60cfccdb', 7, 'fdbb278f-b916-5598-b73e-2a94738c6d2a', '7e8a6d53-4cc9-56c0-9892-437ca4607269', null),
  ('c297cf1b-cc23-55ec-bfca-0e43d8f91630', '832b270c-2857-5a84-b6a3-1c3a60cfccdb', 8, '23f457a4-1734-56c1-aeca-432ce536e7e4', '8c61fec8-40e9-572f-8ebd-4290dbdffbec', null),
  ('64b88daf-a502-560d-85e9-cb6630e90eeb', 'c228e58d-3928-5d3e-947d-ba1fd65213ae', 1, 'f8dc00bb-653f-5dde-a93a-90d242010ad5', '344b1543-dc60-5de6-a9fb-9ebbcde0d396', 208320),
  ('66f4aec7-66f4-5198-8687-1ddab5f3d7bd', 'c228e58d-3928-5d3e-947d-ba1fd65213ae', 2, 'c2547ad6-eb3a-5b3c-a6c9-d8b3b6a8798a', '344b1543-dc60-5de6-a9fb-9ebbcde0d396', 191470),
  ('72727b6a-eeba-5afb-8bbb-c692e15ff96f', 'c228e58d-3928-5d3e-947d-ba1fd65213ae', 3, '67cde782-e3ee-58d8-b77c-6b9161424a9c', '9e5798ac-57e7-543f-be64-1e9776770a2b', 187220),
  ('818fc8d0-d57e-57fa-9e0f-f5fa88dbf5b1', 'c228e58d-3928-5d3e-947d-ba1fd65213ae', 4, 'b73958e5-c368-5e56-b35e-1562c2d1dacc', 'e85bf284-fd8f-5e64-b555-c134fef0064e', 173320),
  ('9cfd6dcc-8388-5eca-a8b4-7b23c16b7b90', 'c228e58d-3928-5d3e-947d-ba1fd65213ae', 5, '39b2dae7-42d3-5e4a-91fb-987ba8632a2c', '344b1543-dc60-5de6-a9fb-9ebbcde0d396', 173620),
  ('7adee52a-4c41-5930-b6af-65bcc2e3305a', 'c228e58d-3928-5d3e-947d-ba1fd65213ae', 6, '40c1a9b3-7a52-5f68-8420-c1126bad94b4', '0ac41011-9d57-5ba2-9556-7590a8be8268', 191000),
  ('5cb7d4d7-5397-5b3a-8b0c-fa2dc52104f4', 'c228e58d-3928-5d3e-947d-ba1fd65213ae', 7, '315791e9-ffe9-5dc9-ac52-f340153dee63', '60d1d7c1-dae0-5aa4-a9a5-47629f3ec8db', 195730),
  ('1551ac1f-1a79-5125-b0a9-58d03964904b', 'c228e58d-3928-5d3e-947d-ba1fd65213ae', 8, '1a920a98-a9a6-5732-ba27-32a2129cddec', '344b1543-dc60-5de6-a9fb-9ebbcde0d396', 216880),
  ('b524752a-2610-5a3f-8f4a-6224609d35ef', 'a2f45793-e528-5f1c-a42f-9fae5b784336', 1, null, '93741827-dfe5-532f-b651-6f5066cae0d5', null),
  ('5501e173-71ec-5ba8-ac14-57d8f4dd7c78', 'a2f45793-e528-5f1c-a42f-9fae5b784336', 2, null, '8204b741-70c6-5870-8811-971a3166ce18', null),
  ('1d3117e7-d9bd-51bb-8d44-56bcf31c063c', 'a2f45793-e528-5f1c-a42f-9fae5b784336', 3, null, '344b1543-dc60-5de6-a9fb-9ebbcde0d396', null),
  ('bbf5de99-fdbb-5259-a0b6-205420c02eda', 'a2f45793-e528-5f1c-a42f-9fae5b784336', 4, null, '00000000-0000-0000-0000-0000000000a1', null),
  ('e0bb2fb1-bacb-57d5-8e54-9a078fb315ad', 'a2f45793-e528-5f1c-a42f-9fae5b784336', 5, null, '9e5798ac-57e7-543f-be64-1e9776770a2b', null),
  ('a0922859-ac96-5eb5-a76d-49c1e2a395b8', 'a2f45793-e528-5f1c-a42f-9fae5b784336', 6, null, '7e8a6d53-4cc9-56c0-9892-437ca4607269', null),
  ('d063d6dc-5168-5206-83e0-5cfd2bf636c0', 'a2f45793-e528-5f1c-a42f-9fae5b784336', 7, null, 'b86ceb48-7de2-5c75-a592-f977deb318a3', null),
  ('45679f9c-0c75-5f06-9369-70ffae4518ea', 'a2f45793-e528-5f1c-a42f-9fae5b784336', 8, null, '65131d90-d492-5e78-be57-0674fc108c6f', null),
  ('0f988974-5a7a-5393-8426-d86b9c66ea65', '67dad927-1fe9-583e-8b98-6c4c536bce29', 1, null, null, null),
  ('ca9ca2f8-90d6-5619-a806-ab6c4db10f50', '67dad927-1fe9-583e-8b98-6c4c536bce29', 2, null, '8204b741-70c6-5870-8811-971a3166ce18', null),
  ('5193f9d4-db5f-54ac-8f99-bcce9400c4a2', '67dad927-1fe9-583e-8b98-6c4c536bce29', 3, null, '344b1543-dc60-5de6-a9fb-9ebbcde0d396', null),
  ('d9e1b278-c1c1-5cb4-82b4-7c01180c5a72', '67dad927-1fe9-583e-8b98-6c4c536bce29', 4, null, '00000000-0000-0000-0000-0000000000a1', null),
  ('b8ba19dc-ee5d-5c86-a26d-e2098e48a6e1', '67dad927-1fe9-583e-8b98-6c4c536bce29', 5, null, '9e5798ac-57e7-543f-be64-1e9776770a2b', null),
  ('05f63369-3401-558a-a07d-cb0c745c50d9', '67dad927-1fe9-583e-8b98-6c4c536bce29', 6, null, '7e8a6d53-4cc9-56c0-9892-437ca4607269', null),
  ('3d4cc44f-04d2-56cf-b513-3d208556e7d0', '67dad927-1fe9-583e-8b98-6c4c536bce29', 7, null, '7469bc80-fd06-5028-8033-aeb9008a4507', null),
  ('b620fb60-b151-5ce1-afef-0954b47b12bf', '6fa21e42-3ec2-512f-87db-1b5c2feab52f', 1, null, 'ed88d3bc-c065-5209-9304-730080420f1e', null),
  ('7f670376-114f-5ea6-a748-526ec1b5a3a5', '6fa21e42-3ec2-512f-87db-1b5c2feab52f', 2, null, '0ac41011-9d57-5ba2-9556-7590a8be8268', null),
  ('69745c2e-2e1e-55a6-80d2-4c68c3aa22dd', '6fa21e42-3ec2-512f-87db-1b5c2feab52f', 3, null, '344b1543-dc60-5de6-a9fb-9ebbcde0d396', null),
  ('b8c97592-0751-595a-ada9-c6297c11b18e', '6fa21e42-3ec2-512f-87db-1b5c2feab52f', 4, null, '00000000-0000-0000-0000-0000000000a1', null),
  ('659e7806-ef37-5b23-b4a3-8eb4eb4c38d8', '6fa21e42-3ec2-512f-87db-1b5c2feab52f', 5, null, '9e5798ac-57e7-543f-be64-1e9776770a2b', null),
  ('9211ef92-b1a1-5f15-a400-ca98c024a22b', '6fa21e42-3ec2-512f-87db-1b5c2feab52f', 6, null, '7e8a6d53-4cc9-56c0-9892-437ca4607269', null),
  ('4356f7dc-50b3-509c-9d29-c5414d013d14', '6fa21e42-3ec2-512f-87db-1b5c2feab52f', 7, null, 'b86ceb48-7de2-5c75-a592-f977deb318a3', null),
  ('0755caa8-a273-5f81-ace6-ea1b3f6bdce5', '6fa21e42-3ec2-512f-87db-1b5c2feab52f', 8, null, '8204b741-70c6-5870-8811-971a3166ce18', null),
  ('56e21a69-0dc4-5dc9-bff6-df2b2670469f', '671e48d2-2dc1-54d6-a919-575ffc89d891', 1, null, '3b0adf3d-ec45-522e-be22-8e1def5babe1', null),
  ('1d13f593-39ff-5a53-aa8c-4d961f4790b2', '671e48d2-2dc1-54d6-a919-575ffc89d891', 2, null, '60d1d7c1-dae0-5aa4-a9a5-47629f3ec8db', null),
  ('c9083757-bed3-5e09-b791-4a89dba714af', '671e48d2-2dc1-54d6-a919-575ffc89d891', 3, null, '0ac41011-9d57-5ba2-9556-7590a8be8268', null),
  ('1e8d2d31-4196-5c1a-b0d3-70b4f688744d', '671e48d2-2dc1-54d6-a919-575ffc89d891', 4, null, '00000000-0000-0000-0000-0000000000a1', null),
  ('627cfa5c-24d4-5533-ab88-3323ab6577ab', '671e48d2-2dc1-54d6-a919-575ffc89d891', 5, null, '9e5798ac-57e7-543f-be64-1e9776770a2b', null),
  ('074850e1-1af9-5b38-b1d8-f5e1f54cc813', '671e48d2-2dc1-54d6-a919-575ffc89d891', 6, null, '344b1543-dc60-5de6-a9fb-9ebbcde0d396', null),
  ('5a89cff1-89c6-54aa-951b-f4601df664bc', '671e48d2-2dc1-54d6-a919-575ffc89d891', 7, null, 'b86ceb48-7de2-5c75-a592-f977deb318a3', null),
  ('eba6afcc-60be-5f69-88b2-63e40db02540', '671e48d2-2dc1-54d6-a919-575ffc89d891', 8, null, '8204b741-70c6-5870-8811-971a3166ce18', null);

-- ADR-10: physical_heats/physical_lanes materialized 1:1 from scheduled_* (no publish
-- trigger built yet — this seed stands in for what publish will eventually do).
insert into physical_heats (id, meet_id, label, status) values
  ('dd0b2ef2-02c9-57b9-a75e-4a8faf9d28ef', '018fc066-a443-5bdc-8773-f3da916e474c', 'Event 1 Heat 1', 'pending'),
  ('53531e38-d1a8-5913-9550-a191d20d2f74', '018fc066-a443-5bdc-8773-f3da916e474c', 'Event 1 Heat 2', 'pending'),
  ('a9607e94-3ce3-5fd8-878e-0892d704ef1f', '018fc066-a443-5bdc-8773-f3da916e474c', 'Event 1 Heat 3', 'pending'),
  ('5bf6ac74-e6f8-5672-9bf8-c7ea1424e216', '018fc066-a443-5bdc-8773-f3da916e474c', 'Event 2 Heat 1', 'pending'),
  ('86b88c56-d084-50af-851d-7ca41c03700e', '018fc066-a443-5bdc-8773-f3da916e474c', 'Event 3 Heat 1', 'pending'),
  ('68777e0e-7210-5e0d-8165-e53c4dfc54e5', '018fc066-a443-5bdc-8773-f3da916e474c', 'Event 3 Heat 2', 'pending'),
  ('32e6fa8d-87cd-57ce-8f3f-5080bcbacb31', '018fc066-a443-5bdc-8773-f3da916e474c', 'Event 3 Heat 3', 'pending'),
  ('4b7fa669-d3b4-5572-a2b4-1d7e17c13a82', '018fc066-a443-5bdc-8773-f3da916e474c', 'Event 3 Heat 4', 'pending'),
  ('27d3af26-ad34-5772-a3f9-9c7f18bf0471', '018fc066-a443-5bdc-8773-f3da916e474c', 'Event 3 Heat 5', 'pending'),
  ('45314d19-e793-52f3-ba77-b4f6e70a2b56', '018fc066-a443-5bdc-8773-f3da916e474c', 'Event 3 Heat 6', 'pending'),
  ('d11e0358-97ef-551c-b0a9-63d763505271', '018fc066-a443-5bdc-8773-f3da916e474c', 'Event 4 Heat 1', 'pending'),
  ('e4843a53-152f-5ef6-ae1c-756dd009656c', '018fc066-a443-5bdc-8773-f3da916e474c', 'Event 4 Heat 2', 'pending'),
  ('a1bc5610-34c6-53c8-8ebd-9ab3c31ce71c', '018fc066-a443-5bdc-8773-f3da916e474c', 'Event 4 Heat 3', 'pending'),
  ('b5266717-0b64-53e6-a43e-6cd76ca63c75', '018fc066-a443-5bdc-8773-f3da916e474c', 'Event 4 Heat 4', 'pending'),
  ('30bee4b4-4a47-58dd-be06-47d5d188ff70', '018fc066-a443-5bdc-8773-f3da916e474c', 'Event 5 Heat 1', 'pending'),
  ('1cfc0683-1780-5a44-9d32-0b49d49b3c0c', '018fc066-a443-5bdc-8773-f3da916e474c', 'Event 5 Heat 2', 'pending'),
  ('443739ee-c3a7-5970-ade4-9bdbe26c5846', '018fc066-a443-5bdc-8773-f3da916e474c', 'Event 5 Heat 3', 'pending'),
  ('f39ff4f7-0286-537b-87cd-45deb6c54023', '018fc066-a443-5bdc-8773-f3da916e474c', 'Event 6 Heat 1', 'pending'),
  ('3b9d4c7a-ae58-5d55-8349-660017a31174', '018fc066-a443-5bdc-8773-f3da916e474c', 'Event 6 Heat 2', 'pending'),
  ('f4977439-209a-51b5-9168-73da6751ede1', '018fc066-a443-5bdc-8773-f3da916e474c', 'Event 7 Heat 1', 'pending'),
  ('80012e5b-35ac-5ba0-9bf6-990caaf337fd', '018fc066-a443-5bdc-8773-f3da916e474c', 'Event 7 Heat 2', 'pending'),
  ('416fb9cc-14b9-56f9-a0ab-130d38955abc', '018fc066-a443-5bdc-8773-f3da916e474c', 'Event 7 Heat 3', 'pending'),
  ('86157f27-afb5-54f6-a969-7dffba64fe04', '018fc066-a443-5bdc-8773-f3da916e474c', 'Event 8 Heat 1', 'pending'),
  ('211b8d93-4d34-59b2-93f1-f01f5cd2f161', '018fc066-a443-5bdc-8773-f3da916e474c', 'Event 8 Heat 2', 'pending'),
  ('bbe02c24-71f2-59e6-a37f-dc61b92e14fc', '018fc066-a443-5bdc-8773-f3da916e474c', 'Event 9 Heat 1', 'pending'),
  ('4e13cf26-fc22-5977-a527-d98c5db80a4d', '018fc066-a443-5bdc-8773-f3da916e474c', 'Event 9 Heat 2', 'pending'),
  ('4108320d-12ee-5dd5-a472-c3d76aebb493', '018fc066-a443-5bdc-8773-f3da916e474c', 'Event 9 Heat 3', 'pending'),
  ('a5b777cd-0f43-5cb6-8f61-b6f27365d1b0', '018fc066-a443-5bdc-8773-f3da916e474c', 'Event 10 Heat 1', 'pending'),
  ('9732f1be-5778-5f0f-a9c2-183e8fdc9393', '018fc066-a443-5bdc-8773-f3da916e474c', 'Event 10 Heat 2', 'pending'),
  ('31a558e2-38a3-5242-a338-ebf3e06c9371', '018fc066-a443-5bdc-8773-f3da916e474c', 'Event 11 Heat 1', 'pending'),
  ('14daf676-2031-5e64-b975-d59fa18e6973', '018fc066-a443-5bdc-8773-f3da916e474c', 'Event 11 Heat 2', 'pending'),
  ('e14c1780-57c6-5baf-8d35-17086b18995c', '018fc066-a443-5bdc-8773-f3da916e474c', 'Event 11 Heat 3', 'pending'),
  ('e3a06f34-7c01-5709-b7b2-0d4f191d1910', '018fc066-a443-5bdc-8773-f3da916e474c', 'Event 11 Heat 4', 'pending'),
  ('bdb7fbae-69e3-52ef-a4bf-139be9fab64d', '018fc066-a443-5bdc-8773-f3da916e474c', 'Event 11 Heat 5', 'pending'),
  ('0e5b3523-d152-5488-8546-d673be099ee5', '018fc066-a443-5bdc-8773-f3da916e474c', 'Event 11 Heat 6', 'pending'),
  ('680fce1f-27a1-5151-b356-5ae807701cd4', '018fc066-a443-5bdc-8773-f3da916e474c', 'Event 11 Heat 7', 'pending'),
  ('bdf18b01-05b2-5023-9e8b-907a114cbdb5', '018fc066-a443-5bdc-8773-f3da916e474c', 'Event 11 Heat 8', 'pending'),
  ('b5cf2bf7-52df-563c-b986-24a0ebe1f417', '018fc066-a443-5bdc-8773-f3da916e474c', 'Event 11 Heat 9', 'pending'),
  ('784a41d2-10af-5ae1-902b-5289d95bca5e', '018fc066-a443-5bdc-8773-f3da916e474c', 'Event 12 Heat 1', 'pending'),
  ('7d7212ae-b424-5201-83b4-7c2afbbde109', '018fc066-a443-5bdc-8773-f3da916e474c', 'Event 12 Heat 2', 'pending'),
  ('4ac620cc-9770-58ce-a173-aa52cff83d1c', '018fc066-a443-5bdc-8773-f3da916e474c', 'Event 12 Heat 3', 'pending'),
  ('a9be0096-f532-592d-afe5-8b2c0ffc6beb', '018fc066-a443-5bdc-8773-f3da916e474c', 'Event 12 Heat 4', 'pending'),
  ('9c9a1e94-400c-552c-be6d-9dcacb3077e5', '018fc066-a443-5bdc-8773-f3da916e474c', 'Event 12 Heat 5', 'pending'),
  ('e84d6cd9-e041-52b0-97eb-d981da33196b', '018fc066-a443-5bdc-8773-f3da916e474c', 'Event 13 Heat 1', 'pending'),
  ('b286e122-fe5f-5d23-bdf6-2eec069bd81e', '018fc066-a443-5bdc-8773-f3da916e474c', 'Event 13 Heat 2', 'pending'),
  ('b251b7ec-9f85-5771-81e9-c319f1177f53', '018fc066-a443-5bdc-8773-f3da916e474c', 'Event 13 Heat 3', 'pending'),
  ('bc76c8ec-31f3-509c-bf0f-f83e31b02605', '018fc066-a443-5bdc-8773-f3da916e474c', 'Event 13 Heat 4', 'pending'),
  ('b23c6b25-1af3-5113-94e0-0f63ebd117bb', '018fc066-a443-5bdc-8773-f3da916e474c', 'Event 13 Heat 5', 'pending'),
  ('3447f30f-1f5a-543d-ace3-028c3473555c', '018fc066-a443-5bdc-8773-f3da916e474c', 'Event 13 Heat 6', 'pending'),
  ('0f1b74aa-03aa-54be-83d8-1a9ce8e32960', '018fc066-a443-5bdc-8773-f3da916e474c', 'Event 13 Heat 7', 'pending'),
  ('21ccefdd-2a8c-5f48-9314-d4855de94b8c', '018fc066-a443-5bdc-8773-f3da916e474c', 'Event 13 Heat 8', 'pending'),
  ('cb258d1c-461a-50fb-9c73-a4e13f765f92', '018fc066-a443-5bdc-8773-f3da916e474c', 'Event 14 Heat 1', 'pending'),
  ('905e30f7-52a6-5fc5-9645-18dff680a7d8', '018fc066-a443-5bdc-8773-f3da916e474c', 'Event 14 Heat 2', 'pending'),
  ('c41cdeec-a08f-55ae-b194-f4a55b528f53', '018fc066-a443-5bdc-8773-f3da916e474c', 'Event 14 Heat 3', 'pending'),
  ('20cb9d43-ccc5-50b0-a78b-53fd97c87f11', '018fc066-a443-5bdc-8773-f3da916e474c', 'Event 14 Heat 4', 'pending'),
  ('543aeacf-d071-544c-bfde-41f8c8ec85a5', '018fc066-a443-5bdc-8773-f3da916e474c', 'Event 14 Heat 5', 'pending'),
  ('87a06f30-aac4-5254-81fc-27534400bbcf', '018fc066-a443-5bdc-8773-f3da916e474c', 'Event 14 Heat 6', 'pending'),
  ('7535e55e-522c-50b9-9a46-a0b06a2aa81d', '018fc066-a443-5bdc-8773-f3da916e474c', 'Event 15 Heat 1', 'pending'),
  ('54fba01c-c278-5845-86a8-6ce5d6b689fc', '018fc066-a443-5bdc-8773-f3da916e474c', 'Event 15 Heat 2', 'pending'),
  ('67f36eac-88f9-5779-a276-cb496f23982a', '018fc066-a443-5bdc-8773-f3da916e474c', 'Event 15 Heat 3', 'pending'),
  ('92636c42-5e25-58d7-95ce-86d7a91b57be', '018fc066-a443-5bdc-8773-f3da916e474c', 'Event 15 Heat 4', 'pending'),
  ('de1044e9-b369-5140-93fe-b4f8fe4ccc0e', '018fc066-a443-5bdc-8773-f3da916e474c', 'Event 15 Heat 5', 'pending'),
  ('4403d171-7411-5143-814c-d75b63293939', '018fc066-a443-5bdc-8773-f3da916e474c', 'Event 15 Heat 6', 'pending'),
  ('08a13c73-b042-58cb-8cd5-9e7692c5e955', '018fc066-a443-5bdc-8773-f3da916e474c', 'Event 15 Heat 7', 'pending'),
  ('576a0a0f-a848-529d-9d97-d3aac60ce916', '018fc066-a443-5bdc-8773-f3da916e474c', 'Event 16 Heat 1', 'pending'),
  ('e07e2220-dc75-5e10-a782-a129b6fe845a', '018fc066-a443-5bdc-8773-f3da916e474c', 'Event 16 Heat 2', 'pending'),
  ('633e2c75-b338-53b1-a411-01ab05e4d0d4', '018fc066-a443-5bdc-8773-f3da916e474c', 'Event 16 Heat 3', 'pending'),
  ('c805559d-95eb-55f5-b09d-d015a63b4e5e', '018fc066-a443-5bdc-8773-f3da916e474c', 'Event 16 Heat 4', 'pending'),
  ('3bda075e-2ce0-5833-ae64-f2730aabf6b3', '018fc066-a443-5bdc-8773-f3da916e474c', 'Event 17 Heat 1', 'pending'),
  ('87c90aed-152e-5287-92b0-f5d2c41651ab', '018fc066-a443-5bdc-8773-f3da916e474c', 'Event 17 Heat 2', 'pending'),
  ('12850612-3ca6-53dc-9dc2-b96e7943680c', '018fc066-a443-5bdc-8773-f3da916e474c', 'Event 17 Heat 3', 'pending'),
  ('4ba450a8-a3db-5219-bb5c-aa31d43c873d', '018fc066-a443-5bdc-8773-f3da916e474c', 'Event 17 Heat 4', 'pending'),
  ('d34e76fc-0e44-5179-9965-544ab2486ce4', '018fc066-a443-5bdc-8773-f3da916e474c', 'Event 17 Heat 5', 'pending'),
  ('392e63f5-9924-5889-9b2e-eb7954beb8c6', '018fc066-a443-5bdc-8773-f3da916e474c', 'Event 17 Heat 6', 'pending'),
  ('dfae986f-cdfa-5ff4-88c6-002cb32873be', '018fc066-a443-5bdc-8773-f3da916e474c', 'Event 17 Heat 7', 'pending'),
  ('69d21fb7-f180-5133-8a75-f4657946a0eb', '018fc066-a443-5bdc-8773-f3da916e474c', 'Event 17 Heat 8', 'pending'),
  ('63ce4ae3-2e26-5b45-b144-8857268ee4e0', '018fc066-a443-5bdc-8773-f3da916e474c', 'Event 17 Heat 9', 'pending'),
  ('49993d65-12f9-5863-a704-5c60db7d51dd', '018fc066-a443-5bdc-8773-f3da916e474c', 'Event 17 Heat 10', 'pending'),
  ('7b5a8299-c56a-5378-8022-35a63d852fa4', '018fc066-a443-5bdc-8773-f3da916e474c', 'Event 17 Heat 11', 'pending'),
  ('4159d122-9a8f-5026-b364-eeead739f91d', '018fc066-a443-5bdc-8773-f3da916e474c', 'Event 18 Heat 1', 'pending'),
  ('a1aab39c-5b19-564b-96f3-e2ab5f1fc0d5', '018fc066-a443-5bdc-8773-f3da916e474c', 'Event 18 Heat 2', 'pending'),
  ('844461d0-5eb6-5b4b-bcf9-49be703a59fb', '018fc066-a443-5bdc-8773-f3da916e474c', 'Event 18 Heat 3', 'pending'),
  ('620dbbe5-277b-5b0e-8f21-12a9bf5e9635', '018fc066-a443-5bdc-8773-f3da916e474c', 'Event 18 Heat 4', 'pending'),
  ('f2e642ee-ce97-507e-81d1-39583870b734', '018fc066-a443-5bdc-8773-f3da916e474c', 'Event 18 Heat 5', 'pending'),
  ('f34eb827-45a4-5150-940b-216577258ede', '018fc066-a443-5bdc-8773-f3da916e474c', 'Event 19 Heat 1', 'pending'),
  ('15608017-33fb-5ef2-951a-b01cd83b7770', '018fc066-a443-5bdc-8773-f3da916e474c', 'Event 19 Heat 2', 'pending'),
  ('1837b600-b913-5a93-99fd-10e6ddd0bf09', '018fc066-a443-5bdc-8773-f3da916e474c', 'Event 19 Heat 3', 'pending'),
  ('5ba9f016-768c-5fce-8de1-5a6e9439cf39', '018fc066-a443-5bdc-8773-f3da916e474c', 'Event 20 Heat 1', 'pending'),
  ('7a2a196a-d366-52e6-b8fb-4c750c62e37c', '018fc066-a443-5bdc-8773-f3da916e474c', 'Event 20 Heat 2', 'pending'),
  ('382d180a-34dd-502c-ba1e-4cf4ef53fdd9', '018fc066-a443-5bdc-8773-f3da916e474c', 'Event 21 Heat 1', 'pending'),
  ('7ba400bf-21c4-5416-a2df-ccadcad22687', '018fc066-a443-5bdc-8773-f3da916e474c', 'Event 21 Heat 2', 'pending'),
  ('8a58e267-68a5-599c-b3d9-04d07e0686d2', '018fc066-a443-5bdc-8773-f3da916e474c', 'Event 21 Heat 3', 'pending'),
  ('c93e4ee7-f776-5dae-869c-ffa0394331d6', '018fc066-a443-5bdc-8773-f3da916e474c', 'Event 21 Heat 4', 'pending'),
  ('4ab5ddb9-3128-50ef-83eb-40b1c6f9983c', '018fc066-a443-5bdc-8773-f3da916e474c', 'Event 21 Heat 5', 'pending'),
  ('4763e44e-f16c-58d9-984a-4e1fa75cf8f5', '018fc066-a443-5bdc-8773-f3da916e474c', 'Event 22 Heat 1', 'pending'),
  ('8a69b779-d6d1-5d32-b691-f7a79b04c0e5', '018fc066-a443-5bdc-8773-f3da916e474c', 'Event 22 Heat 2', 'pending'),
  ('086c051e-7a7f-5598-802b-d4f1f92b6cc8', '018fc066-a443-5bdc-8773-f3da916e474c', 'Event 22 Heat 3', 'pending'),
  ('a4f2865f-ef1c-5ae9-a973-9fce347ad9b3', '018fc066-a443-5bdc-8773-f3da916e474c', 'Event 23 Heat 1', 'pending'),
  ('23d9f908-00ce-56d5-b9ca-9551fb2be9f6', '018fc066-a443-5bdc-8773-f3da916e474c', 'Event 24 Heat 1', 'pending'),
  ('2ad23f61-2fc2-54c8-a4aa-45d6623e24a8', '018fc066-a443-5bdc-8773-f3da916e474c', 'Event 25 Heat 1', 'pending'),
  ('ee6c480a-97ad-51dd-94dc-9f2a9b648a52', '018fc066-a443-5bdc-8773-f3da916e474c', 'Event 26 Heat 1', 'pending');

insert into physical_heat_sources (physical_heat_id, scheduled_heat_id) values
  ('dd0b2ef2-02c9-57b9-a75e-4a8faf9d28ef', 'd4a76f33-47bc-530e-8449-c74967a820ca'),
  ('53531e38-d1a8-5913-9550-a191d20d2f74', '6155b021-9805-5e68-bd03-b76c0e88b01d'),
  ('a9607e94-3ce3-5fd8-878e-0892d704ef1f', '2947e8f4-da2a-5ed3-8b6d-94800ae5d5c2'),
  ('5bf6ac74-e6f8-5672-9bf8-c7ea1424e216', '25605518-15a9-5dbd-9b32-16cffc4e5a71'),
  ('86b88c56-d084-50af-851d-7ca41c03700e', '386ecfde-59a5-5b4b-83ff-f226e5341212'),
  ('68777e0e-7210-5e0d-8165-e53c4dfc54e5', 'd4fae673-67dd-5413-b363-84557268b96a'),
  ('32e6fa8d-87cd-57ce-8f3f-5080bcbacb31', '39b4e0d4-2b11-5bdc-8658-b86c838892de'),
  ('4b7fa669-d3b4-5572-a2b4-1d7e17c13a82', 'efbfba7b-cfc7-519c-807f-2713dc70ae03'),
  ('27d3af26-ad34-5772-a3f9-9c7f18bf0471', '97b65dc4-3b68-53ed-a54e-91cbdd98b91e'),
  ('45314d19-e793-52f3-ba77-b4f6e70a2b56', 'a99742ae-b1c9-57c1-b113-f3c0957fc89f'),
  ('d11e0358-97ef-551c-b0a9-63d763505271', '360db3e1-d100-5563-b1ef-449c71fb4b58'),
  ('e4843a53-152f-5ef6-ae1c-756dd009656c', '44bead45-6959-547a-a0ce-e1a79cbd00ce'),
  ('a1bc5610-34c6-53c8-8ebd-9ab3c31ce71c', '62155215-97fa-532c-9c8f-10dbdde60e56'),
  ('b5266717-0b64-53e6-a43e-6cd76ca63c75', '7e9ca57c-26f3-53e7-99ee-a86443c08fef'),
  ('30bee4b4-4a47-58dd-be06-47d5d188ff70', 'c70a783d-6b67-50d4-8414-58b614cb8886'),
  ('1cfc0683-1780-5a44-9d32-0b49d49b3c0c', '4c7811d0-352f-5a47-9ce3-6756ef9a2053'),
  ('443739ee-c3a7-5970-ade4-9bdbe26c5846', '0dfb898f-821e-5dcb-8b6f-4a3831aa23c9'),
  ('f39ff4f7-0286-537b-87cd-45deb6c54023', '58722305-01ed-5f45-a127-62a4dc186d3a'),
  ('3b9d4c7a-ae58-5d55-8349-660017a31174', 'eaaa47d3-d965-5641-a091-0030f7006b0b'),
  ('f4977439-209a-51b5-9168-73da6751ede1', '83537599-cdd9-556c-9a25-280cc7ee0014'),
  ('80012e5b-35ac-5ba0-9bf6-990caaf337fd', '0d162fda-6bdf-522c-9874-0fd6d2f5b308'),
  ('416fb9cc-14b9-56f9-a0ab-130d38955abc', 'fbe317f3-1b79-56cb-bd98-0b396d8761a3'),
  ('86157f27-afb5-54f6-a969-7dffba64fe04', '4448e723-81f9-589b-857b-b4b482d63e82'),
  ('211b8d93-4d34-59b2-93f1-f01f5cd2f161', '34a21d98-63aa-5086-8c34-81bf597b3107'),
  ('bbe02c24-71f2-59e6-a37f-dc61b92e14fc', '6587fc54-9d9b-5e5b-baaf-1c6653d1fc75'),
  ('4e13cf26-fc22-5977-a527-d98c5db80a4d', 'a9a639f0-9c5d-5898-86c7-8ccdc69bdee1'),
  ('4108320d-12ee-5dd5-a472-c3d76aebb493', 'c36c3404-7d12-5cfa-b925-90e85b565488'),
  ('a5b777cd-0f43-5cb6-8f61-b6f27365d1b0', 'c103c37e-8ac4-5422-9e84-ad48adccd843'),
  ('9732f1be-5778-5f0f-a9c2-183e8fdc9393', '5dd641ea-99cc-5ddc-b2a7-ec109e55873b'),
  ('31a558e2-38a3-5242-a338-ebf3e06c9371', '4ed2d6e0-62fa-5107-8be7-54c9af99f4ad'),
  ('14daf676-2031-5e64-b975-d59fa18e6973', '2581521d-5bdb-5856-b2ad-6a15293d7f95'),
  ('e14c1780-57c6-5baf-8d35-17086b18995c', 'ebec1bb9-7188-553c-bdfd-b8e530a208e1'),
  ('e3a06f34-7c01-5709-b7b2-0d4f191d1910', 'b642d779-2977-591b-8b58-30060c746434'),
  ('bdb7fbae-69e3-52ef-a4bf-139be9fab64d', 'efcc5702-519a-505a-a15f-00c789c4c9bc'),
  ('0e5b3523-d152-5488-8546-d673be099ee5', 'a00d2201-e35d-53d5-8590-4bcfc1790d83'),
  ('680fce1f-27a1-5151-b356-5ae807701cd4', '82ec3ff3-d7a3-5323-85e1-7c9cadeb88e2'),
  ('bdf18b01-05b2-5023-9e8b-907a114cbdb5', '70a556f5-2661-5d48-b2dc-e8f74195e04f'),
  ('b5cf2bf7-52df-563c-b986-24a0ebe1f417', '16e36e62-baa0-566a-9001-1c38630f6d00'),
  ('784a41d2-10af-5ae1-902b-5289d95bca5e', '390a7440-686c-5057-884e-b3ebd4c50308'),
  ('7d7212ae-b424-5201-83b4-7c2afbbde109', '7c880ce3-c0d5-5d88-8a7b-963b472de68a'),
  ('4ac620cc-9770-58ce-a173-aa52cff83d1c', 'd0d3307a-7b5f-5713-8235-f6492b63cf85'),
  ('a9be0096-f532-592d-afe5-8b2c0ffc6beb', '22a19934-6fc2-5a88-b413-3a2aa57f73bb'),
  ('9c9a1e94-400c-552c-be6d-9dcacb3077e5', '99ecce84-94e5-507a-a265-d766ea91c2fc'),
  ('e84d6cd9-e041-52b0-97eb-d981da33196b', 'cf1a7228-a2eb-5d86-abbd-2a22060dee72'),
  ('b286e122-fe5f-5d23-bdf6-2eec069bd81e', 'db399dfe-2e3b-5c1f-9282-48c812fd438e'),
  ('b251b7ec-9f85-5771-81e9-c319f1177f53', '2dd97d53-56c8-571c-b78d-a7a96c861f80'),
  ('bc76c8ec-31f3-509c-bf0f-f83e31b02605', '34653923-0b60-54f3-839f-bc1e02487fe9'),
  ('b23c6b25-1af3-5113-94e0-0f63ebd117bb', '92fc1d76-1875-5e2a-a6e2-87743eaa8abe'),
  ('3447f30f-1f5a-543d-ace3-028c3473555c', '6db070bf-4686-504c-bd1c-9b5800c8fac3'),
  ('0f1b74aa-03aa-54be-83d8-1a9ce8e32960', 'd5c7a8b3-f31c-532b-b95f-fac86bdd423f'),
  ('21ccefdd-2a8c-5f48-9314-d4855de94b8c', 'e5c483c8-4512-5f5e-94cf-70c25c234304'),
  ('cb258d1c-461a-50fb-9c73-a4e13f765f92', 'e86d86ba-1ff7-5901-80d0-46bce5e42e8f'),
  ('905e30f7-52a6-5fc5-9645-18dff680a7d8', '84730895-915a-54d5-b509-df6948d522f4'),
  ('c41cdeec-a08f-55ae-b194-f4a55b528f53', '2a2940a8-1fe6-53aa-a259-dbf728718967'),
  ('20cb9d43-ccc5-50b0-a78b-53fd97c87f11', '7cc05941-0c81-57c6-987c-b6b7c186f16a'),
  ('543aeacf-d071-544c-bfde-41f8c8ec85a5', '8766fb60-8a47-5f96-9388-3f0be6dd169e'),
  ('87a06f30-aac4-5254-81fc-27534400bbcf', 'eb1c0007-9341-5563-a40e-4f3bdaf9257a'),
  ('7535e55e-522c-50b9-9a46-a0b06a2aa81d', 'd80d6524-e8d1-567c-be6c-23a488e88535'),
  ('54fba01c-c278-5845-86a8-6ce5d6b689fc', '864a5c6b-8109-51f9-b74e-deff58078a94'),
  ('67f36eac-88f9-5779-a276-cb496f23982a', '4c9bc318-c440-554b-9763-adf4551a7448'),
  ('92636c42-5e25-58d7-95ce-86d7a91b57be', 'ecd438f3-0040-59a5-a49d-1bf4154cc8c0'),
  ('de1044e9-b369-5140-93fe-b4f8fe4ccc0e', '04e2a4ca-fbdb-55fe-9fc7-1433e2127221'),
  ('4403d171-7411-5143-814c-d75b63293939', '4b197782-c862-54fb-ac24-df998f0ee5cb'),
  ('08a13c73-b042-58cb-8cd5-9e7692c5e955', 'bf11bb56-3cc3-5f0d-88d0-306f280ee9f5'),
  ('576a0a0f-a848-529d-9d97-d3aac60ce916', '6cce8972-38e6-5555-b9df-26da93caf273'),
  ('e07e2220-dc75-5e10-a782-a129b6fe845a', '2e47edb3-dfc9-5bce-ade2-a3bd7c711da3'),
  ('633e2c75-b338-53b1-a411-01ab05e4d0d4', '9e69960e-e6dc-54de-b0af-268531b994b7'),
  ('c805559d-95eb-55f5-b09d-d015a63b4e5e', '22982352-3e50-5e90-8057-99c99fd6081a'),
  ('3bda075e-2ce0-5833-ae64-f2730aabf6b3', 'bd3ace16-e200-5d12-ba00-b91b685c4680'),
  ('87c90aed-152e-5287-92b0-f5d2c41651ab', '9384c98c-e628-5418-b693-9de11bf92149'),
  ('12850612-3ca6-53dc-9dc2-b96e7943680c', '5843c642-9769-5623-9840-372f8fbc2f19'),
  ('4ba450a8-a3db-5219-bb5c-aa31d43c873d', '049276b8-20a3-5b0c-9546-4bc91e7108e1'),
  ('d34e76fc-0e44-5179-9965-544ab2486ce4', '3f8a41bb-2759-5c20-96ae-08d9fb25195a'),
  ('392e63f5-9924-5889-9b2e-eb7954beb8c6', '47978eb2-4c0a-5914-9f58-f6e359a85110'),
  ('dfae986f-cdfa-5ff4-88c6-002cb32873be', '4bb14b12-cddf-5efe-b665-be3a2437e9d0'),
  ('69d21fb7-f180-5133-8a75-f4657946a0eb', 'f12922bf-6e0a-510f-89b2-1b257f9892f9'),
  ('63ce4ae3-2e26-5b45-b144-8857268ee4e0', 'cf7871c7-2080-587a-a1cf-fe35c162d855'),
  ('49993d65-12f9-5863-a704-5c60db7d51dd', 'b4a29f56-fd0c-5d91-abd6-99007b7a5903'),
  ('7b5a8299-c56a-5378-8022-35a63d852fa4', 'd57863ca-4fbb-5c9f-9391-298a1b4b9650'),
  ('4159d122-9a8f-5026-b364-eeead739f91d', '02a0835e-3d7e-5bbc-9d4a-20d07b93171c'),
  ('a1aab39c-5b19-564b-96f3-e2ab5f1fc0d5', '1c05fb07-6b45-52d1-bf9b-1951533878c0'),
  ('844461d0-5eb6-5b4b-bcf9-49be703a59fb', '0989b76b-e56f-55c6-bd7e-9a7e45bcd4c8'),
  ('620dbbe5-277b-5b0e-8f21-12a9bf5e9635', 'ec7bc3f0-064e-51dc-beca-c870f6201c52'),
  ('f2e642ee-ce97-507e-81d1-39583870b734', '331e69b7-32db-5e5f-a0cf-79ebb660c507'),
  ('f34eb827-45a4-5150-940b-216577258ede', 'acddbfc7-5793-5238-b977-27c3b0ae6789'),
  ('15608017-33fb-5ef2-951a-b01cd83b7770', '15847366-d3e5-503e-ba56-56d9a67e7160'),
  ('1837b600-b913-5a93-99fd-10e6ddd0bf09', '2b9ffc9c-d8a1-5f46-86df-8d3643f5f86f'),
  ('5ba9f016-768c-5fce-8de1-5a6e9439cf39', '4638f59d-72a4-5a4d-8e95-5880adecd508'),
  ('7a2a196a-d366-52e6-b8fb-4c750c62e37c', 'cc559862-e383-582a-b3cb-2817ef4a2cd8'),
  ('382d180a-34dd-502c-ba1e-4cf4ef53fdd9', 'c9a996e1-e0cb-5a7e-b899-28b11249c8b2'),
  ('7ba400bf-21c4-5416-a2df-ccadcad22687', 'f3f6032c-81e8-5e7a-9c53-f49770896e0f'),
  ('8a58e267-68a5-599c-b3d9-04d07e0686d2', 'cdac0f16-0025-5247-b201-daa2a5f2dc9b'),
  ('c93e4ee7-f776-5dae-869c-ffa0394331d6', 'd9d780f2-3b1b-565f-9676-d511cd7feb24'),
  ('4ab5ddb9-3128-50ef-83eb-40b1c6f9983c', '36b8a8da-cdf0-5781-8972-a8c1b7fdd3c5'),
  ('4763e44e-f16c-58d9-984a-4e1fa75cf8f5', 'eb8a9d6b-ad56-5d1e-8532-340eda585db1'),
  ('8a69b779-d6d1-5d32-b691-f7a79b04c0e5', '832b270c-2857-5a84-b6a3-1c3a60cfccdb'),
  ('086c051e-7a7f-5598-802b-d4f1f92b6cc8', 'c228e58d-3928-5d3e-947d-ba1fd65213ae'),
  ('a4f2865f-ef1c-5ae9-a973-9fce347ad9b3', 'a2f45793-e528-5f1c-a42f-9fae5b784336'),
  ('23d9f908-00ce-56d5-b9ca-9551fb2be9f6', '67dad927-1fe9-583e-8b98-6c4c536bce29'),
  ('2ad23f61-2fc2-54c8-a4aa-45d6623e24a8', '6fa21e42-3ec2-512f-87db-1b5c2feab52f'),
  ('ee6c480a-97ad-51dd-94dc-9f2a9b648a52', '671e48d2-2dc1-54d6-a919-575ffc89d891');

insert into physical_lanes (id, physical_heat_id, lane_no, swimmer_id, team_id, event_id, gender, age_group, status, source_scheduled_lane_id) values
  ('1b431a9f-ad93-58f0-b94e-d9e82dd35484', 'dd0b2ef2-02c9-57b9-a75e-4a8faf9d28ef', 3, '8ed3bd50-105c-5299-8bf6-5d95c4bbb92e', '00000000-0000-0000-0000-0000000000a1', '2cb6d703-96d5-55f4-9386-40401e04e250', 'Boys', 'Group I', 'seeded', '1f82fc0a-9217-5eec-8461-8d28eea80fc1'),
  ('afe93314-db80-5680-90e4-0ea6df6fd1a3', 'dd0b2ef2-02c9-57b9-a75e-4a8faf9d28ef', 4, 'a58613af-0913-58c8-94e3-d1a92523867e', '344b1543-dc60-5de6-a9fb-9ebbcde0d396', '2cb6d703-96d5-55f4-9386-40401e04e250', 'Boys', 'Group I', 'seeded', '240620c2-2739-5c72-90b1-8ffdf46e0799'),
  ('2ba6cc09-04a6-5fcc-abda-8918db6cfeca', 'dd0b2ef2-02c9-57b9-a75e-4a8faf9d28ef', 5, 'a039e930-0554-5e6f-ac15-e581526a2d50', '344b1543-dc60-5de6-a9fb-9ebbcde0d396', '2cb6d703-96d5-55f4-9386-40401e04e250', 'Boys', 'Group I', 'seeded', 'e29281e6-f756-5283-bc3e-c2a4c3b4b492'),
  ('48b35cf0-96e1-5e8e-8235-81187225041d', 'dd0b2ef2-02c9-57b9-a75e-4a8faf9d28ef', 6, 'e23ac769-d7b3-55c4-bde9-894bca8fcbfd', 'dd916008-60fc-544b-8325-111cbf8ba73f', '2cb6d703-96d5-55f4-9386-40401e04e250', 'Boys', 'Group I', 'seeded', '2d52ddf3-bf77-53f9-8b2f-19c96ae8bbde'),
  ('cb1ffd7c-c921-5467-8bc9-91029ab0b71e', '53531e38-d1a8-5913-9550-a191d20d2f74', 1, '9489f9fb-292d-5fdb-af8f-d3dbd0ce61ee', '5339cd0b-df75-5acc-8d4e-39892d4c9dc6', '2cb6d703-96d5-55f4-9386-40401e04e250', 'Boys', 'Group I', 'seeded', '5ff63ff4-bcf3-5529-a64f-9244a95fce9b'),
  ('ed85ef5b-7d47-5341-a358-2659658757e7', '53531e38-d1a8-5913-9550-a191d20d2f74', 2, '8aa623a0-6afa-5b9a-852f-b518e4f44de3', '93741827-dfe5-532f-b651-6f5066cae0d5', '2cb6d703-96d5-55f4-9386-40401e04e250', 'Boys', 'Group I', 'seeded', 'bdf1b472-97f5-50a4-b065-73d919ac9f32'),
  ('3deefc2b-704c-573a-8bee-18e082f97f57', '53531e38-d1a8-5913-9550-a191d20d2f74', 3, '0038c206-9d81-5eb2-81c6-1a176d9f0ffd', 'ed88d3bc-c065-5209-9304-730080420f1e', '2cb6d703-96d5-55f4-9386-40401e04e250', 'Boys', 'Group I', 'seeded', 'e222a792-d12e-52c6-8758-78a79f7359ac'),
  ('ebb7c0c7-b121-577b-99bc-51d70f6ee589', '53531e38-d1a8-5913-9550-a191d20d2f74', 4, 'b25800c3-f374-5422-8cb5-3590c2992182', '8c61fec8-40e9-572f-8ebd-4290dbdffbec', '2cb6d703-96d5-55f4-9386-40401e04e250', 'Boys', 'Group I', 'seeded', '6630112d-fb6a-5959-97a2-2294e4f8eed2'),
  ('126a1dd5-faac-51a5-99ef-207e357d3a08', '53531e38-d1a8-5913-9550-a191d20d2f74', 5, 'c0474b09-cdc5-5f74-9969-2112a912a5fd', '7469bc80-fd06-5028-8033-aeb9008a4507', '2cb6d703-96d5-55f4-9386-40401e04e250', 'Boys', 'Group I', 'seeded', '7f397c04-1c3c-5209-871f-f6db9f81e9fc'),
  ('4ce3fe93-85e9-5cde-86b0-9d975f1d4ffc', '53531e38-d1a8-5913-9550-a191d20d2f74', 6, 'c1495024-33be-5bb0-a40f-6925ad0e8cc6', '94865e3f-f207-576f-a008-056ce7cceef0', '2cb6d703-96d5-55f4-9386-40401e04e250', 'Boys', 'Group I', 'seeded', 'fadeb0f8-8c83-5f35-80d3-cccb4286ebe5'),
  ('62115fa0-cf64-56eb-bdb3-6ad956d2e723', '53531e38-d1a8-5913-9550-a191d20d2f74', 7, '58749548-1ab8-52ba-9f8b-6ba34dd9a9c2', '65131d90-d492-5e78-be57-0674fc108c6f', '2cb6d703-96d5-55f4-9386-40401e04e250', 'Boys', 'Group I', 'seeded', 'c17bc797-185a-50b5-beb1-af000c1f16ef'),
  ('c251a087-8009-5912-9c5a-8fe1194e1ac4', '53531e38-d1a8-5913-9550-a191d20d2f74', 8, 'e5bc28a4-3803-54ac-91d3-16bb663b90df', '344b1543-dc60-5de6-a9fb-9ebbcde0d396', '2cb6d703-96d5-55f4-9386-40401e04e250', 'Boys', 'Group I', 'seeded', '2d4e1946-4eaa-50b7-8ed8-00d1a96feff8'),
  ('3a69ed1c-94dd-52fd-92b8-924c7ef519b3', 'a9607e94-3ce3-5fd8-878e-0892d704ef1f', 1, '8829774b-c295-5a97-9f03-ae8d110b5e62', 'b86ceb48-7de2-5c75-a592-f977deb318a3', '2cb6d703-96d5-55f4-9386-40401e04e250', 'Boys', 'Group I', 'seeded', '35c61d56-49bc-5b76-b674-e0439ea52197'),
  ('41e01930-c7fb-54e5-a9b5-bab8013433ab', 'a9607e94-3ce3-5fd8-878e-0892d704ef1f', 2, '94f6d8f4-b6a0-5203-9040-7a9e5d5b4209', '344b1543-dc60-5de6-a9fb-9ebbcde0d396', '2cb6d703-96d5-55f4-9386-40401e04e250', 'Boys', 'Group I', 'seeded', '3d92b358-1ed8-5baf-83f8-67e832f0bf91'),
  ('f76eaad3-07de-59f5-9d0f-3c75a16ae448', 'a9607e94-3ce3-5fd8-878e-0892d704ef1f', 3, '588859b1-155d-555f-a2b6-ffb9536cbe66', '00000000-0000-0000-0000-0000000000a1', '2cb6d703-96d5-55f4-9386-40401e04e250', 'Boys', 'Group I', 'seeded', '589dfdc5-5a7c-56cf-9be6-a2d1c2b1cab0'),
  ('561ac52d-4b75-5cf2-9080-c30961088fdf', 'a9607e94-3ce3-5fd8-878e-0892d704ef1f', 4, '4f209eae-b097-57fa-a0b3-f06d06679de1', '0ac41011-9d57-5ba2-9556-7590a8be8268', '2cb6d703-96d5-55f4-9386-40401e04e250', 'Boys', 'Group I', 'seeded', 'ba544c64-a3d0-5ea3-8705-62d3e5c18d9a'),
  ('226841b5-56c6-55ef-a8d4-5266c0b859df', 'a9607e94-3ce3-5fd8-878e-0892d704ef1f', 5, 'd1910f27-d8af-590f-bcc5-ff203bd9870f', '00000000-0000-0000-0000-0000000000a1', '2cb6d703-96d5-55f4-9386-40401e04e250', 'Boys', 'Group I', 'seeded', '60ae1112-a818-506a-8850-83dbe282d4db'),
  ('49fdd9ab-208d-5a20-a641-d3bebd5ea22e', 'a9607e94-3ce3-5fd8-878e-0892d704ef1f', 6, '85f1c27f-bd89-593c-837d-774fad1c134b', '344b1543-dc60-5de6-a9fb-9ebbcde0d396', '2cb6d703-96d5-55f4-9386-40401e04e250', 'Boys', 'Group I', 'seeded', 'a36e9b0f-9784-573a-9fc5-b65721566f0a'),
  ('31d27e5b-8378-54aa-b7ce-7136ef94bd01', 'a9607e94-3ce3-5fd8-878e-0892d704ef1f', 7, 'b3a78420-efb5-5e46-bd8f-728243c10940', '00000000-0000-0000-0000-0000000000a1', '2cb6d703-96d5-55f4-9386-40401e04e250', 'Boys', 'Group I', 'seeded', '09d6c1f7-72ad-5a1b-a2be-43c66e747409'),
  ('d1f639f0-44d9-5869-b306-ef2f978c1968', 'a9607e94-3ce3-5fd8-878e-0892d704ef1f', 8, 'ff7d7506-d667-5727-863d-4ddbed3d91dd', '9b661c9d-ed9a-5d36-a1f9-cb921afb8e73', '2cb6d703-96d5-55f4-9386-40401e04e250', 'Boys', 'Group I', 'seeded', '54bf1757-48e2-5557-89c3-97062d4d1d8d'),
  ('81d60356-567c-53d8-8573-7900a932f123', '5bf6ac74-e6f8-5672-9bf8-c7ea1424e216', 0, '0784b5b3-8bab-5c14-beac-b6d5d9b4f4ad', '7469bc80-fd06-5028-8033-aeb9008a4507', '041f1af5-9747-5d75-8b8e-52db1a6d7ead', 'Girls', 'Group I', 'seeded', '702c8483-5fd4-5285-bd79-74088b159461'),
  ('a897964d-0d6d-5d2e-9e39-e5d0a938a404', '5bf6ac74-e6f8-5672-9bf8-c7ea1424e216', 1, 'd440a0ba-3660-5b3d-aeee-248fc8deb269', 'ed88d3bc-c065-5209-9304-730080420f1e', '041f1af5-9747-5d75-8b8e-52db1a6d7ead', 'Girls', 'Group I', 'seeded', '72cd83d5-d09f-5077-90a5-bf741dbae714'),
  ('1af97bb8-2c74-596d-afd5-e29102192ff7', '5bf6ac74-e6f8-5672-9bf8-c7ea1424e216', 2, 'a032e3ce-4f84-5320-818c-fe2f25fe6ed9', '344b1543-dc60-5de6-a9fb-9ebbcde0d396', '041f1af5-9747-5d75-8b8e-52db1a6d7ead', 'Girls', 'Group I', 'seeded', '4dc3a31e-9936-5e1a-919d-80c39034cd6a'),
  ('f391894e-b2b4-5c7a-a27a-e3eb94caad41', '5bf6ac74-e6f8-5672-9bf8-c7ea1424e216', 3, '6e4cdfa0-2603-5ecf-bd11-f8ab7469a5ab', 'e85bf284-fd8f-5e64-b555-c134fef0064e', '041f1af5-9747-5d75-8b8e-52db1a6d7ead', 'Girls', 'Group I', 'seeded', 'a8f1b749-dfa4-566a-a003-58b27c9f10f0'),
  ('71041041-d835-5f19-9cd8-6074b932e50b', '5bf6ac74-e6f8-5672-9bf8-c7ea1424e216', 4, '06a55f84-f301-5ddb-98fd-686291033f7f', '00000000-0000-0000-0000-0000000000a1', '041f1af5-9747-5d75-8b8e-52db1a6d7ead', 'Girls', 'Group I', 'seeded', 'd1ae1cfe-0749-556b-89d8-4b0aacc628fe'),
  ('031e1414-d59c-5e25-a19e-580581a29935', '5bf6ac74-e6f8-5672-9bf8-c7ea1424e216', 5, 'e8e08ade-cfb3-57c8-8366-9c62260375b0', '8c61fec8-40e9-572f-8ebd-4290dbdffbec', '041f1af5-9747-5d75-8b8e-52db1a6d7ead', 'Girls', 'Group I', 'seeded', '68235fcc-8018-5bb4-a093-ef6580f0464e'),
  ('58bda182-adff-5b49-9b50-06cd3e7ec361', '5bf6ac74-e6f8-5672-9bf8-c7ea1424e216', 6, '25e7af4a-0447-5f55-8330-8193ab8330c7', '344b1543-dc60-5de6-a9fb-9ebbcde0d396', '041f1af5-9747-5d75-8b8e-52db1a6d7ead', 'Girls', 'Group I', 'seeded', 'cf34d70d-6587-522b-a07b-30d5ec408c18'),
  ('b3c3ced8-05c9-5dcd-9ee3-048d6cc56fb8', '5bf6ac74-e6f8-5672-9bf8-c7ea1424e216', 7, '92dcacd5-0c38-596c-9f23-09fae5e36b48', '7469bc80-fd06-5028-8033-aeb9008a4507', '041f1af5-9747-5d75-8b8e-52db1a6d7ead', 'Girls', 'Group I', 'seeded', 'd6adb880-38b7-5afa-8c73-5b494ef8b66d'),
  ('9784261e-bde6-503d-9c45-8940363c4071', '5bf6ac74-e6f8-5672-9bf8-c7ea1424e216', 8, '24a97e0c-15d2-526e-83ae-be31e9c676a0', 'b86ceb48-7de2-5c75-a592-f977deb318a3', '041f1af5-9747-5d75-8b8e-52db1a6d7ead', 'Girls', 'Group I', 'seeded', '7b51f750-fc34-5139-8286-85a1b06b6388'),
  ('9ad4ce6f-4b26-5c18-a66c-0ae3cb9aa55f', '5bf6ac74-e6f8-5672-9bf8-c7ea1424e216', 9, '1b75c3c5-d562-5882-8bdc-6fb00a834269', '344b1543-dc60-5de6-a9fb-9ebbcde0d396', '041f1af5-9747-5d75-8b8e-52db1a6d7ead', 'Girls', 'Group I', 'seeded', '45a3feed-529d-5415-bd19-d13c339664c2'),
  ('45fa7ff8-3469-54d3-931a-cd233a97866a', '86b88c56-d084-50af-851d-7ca41c03700e', 2, 'c2af572b-6d92-5ad7-89ad-9755ff03d574', 'b86ceb48-7de2-5c75-a592-f977deb318a3', 'dadce8fa-f58c-5ca1-b6a9-aa2acd006382', 'Boys', 'Group III', 'seeded', '136b8cbd-2475-546c-b8d8-ed27718e0a6b'),
  ('c6dae27c-d176-5ace-a334-611e09784615', '86b88c56-d084-50af-851d-7ca41c03700e', 3, 'cf881279-2faf-5847-aec0-6462f9085cbd', '520633dd-1fc6-57f7-a2a8-29cfebf61e27', 'dadce8fa-f58c-5ca1-b6a9-aa2acd006382', 'Boys', 'Group III', 'seeded', 'db538654-369e-5d49-83f0-e627aae38aaa'),
  ('be0d4db1-53f4-50a3-9227-8a63869795f0', '86b88c56-d084-50af-851d-7ca41c03700e', 4, 'de211654-c718-5b95-be64-df37348942e5', '344b1543-dc60-5de6-a9fb-9ebbcde0d396', 'dadce8fa-f58c-5ca1-b6a9-aa2acd006382', 'Boys', 'Group III', 'seeded', '634ad25a-c960-5b6c-a2c5-a362b465b150'),
  ('3ef6d766-5361-5642-9efe-eea662623bd8', '86b88c56-d084-50af-851d-7ca41c03700e', 5, '98c30f7c-5241-59d7-9f45-574af22a3faa', 'bcf7b144-5b95-52fb-8445-5e2742610d55', 'dadce8fa-f58c-5ca1-b6a9-aa2acd006382', 'Boys', 'Group III', 'seeded', '37f0e160-de4c-5a68-b4f6-da1d1bb9fea2'),
  ('22b0f612-a418-589b-a469-df45c8e07b5a', '86b88c56-d084-50af-851d-7ca41c03700e', 6, '84151641-2546-5620-85ad-ed863b43839e', '344b1543-dc60-5de6-a9fb-9ebbcde0d396', 'dadce8fa-f58c-5ca1-b6a9-aa2acd006382', 'Boys', 'Group III', 'seeded', 'f60775f3-b2cd-552d-8ec2-db813250eef5'),
  ('572fc442-64ed-58a2-9f83-5b4fc780b353', '86b88c56-d084-50af-851d-7ca41c03700e', 7, 'f55b514e-922f-5d7f-8eef-7632ffe52497', '2c9dd30b-be9e-5c65-a862-a4817c4f2efc', 'dadce8fa-f58c-5ca1-b6a9-aa2acd006382', 'Boys', 'Group III', 'seeded', 'e907201c-df26-5b9a-b515-14fab0629b8f'),
  ('c9036fb9-14b0-5113-8d9b-a1ef0491278a', '68777e0e-7210-5e0d-8165-e53c4dfc54e5', 1, 'f93337df-bc99-54e4-a8df-ffd06ea3f496', '344b1543-dc60-5de6-a9fb-9ebbcde0d396', 'dadce8fa-f58c-5ca1-b6a9-aa2acd006382', 'Boys', 'Group III', 'seeded', 'da7f52d5-7214-5005-baef-0e9de5666315'),
  ('11019690-c647-5433-ad5f-9466320814e9', '68777e0e-7210-5e0d-8165-e53c4dfc54e5', 2, '6c649d13-ef90-5ed5-99f3-8072a2432b83', '6c253b0d-f868-5099-bea2-948325ac656f', 'dadce8fa-f58c-5ca1-b6a9-aa2acd006382', 'Boys', 'Group III', 'seeded', '41a6e119-cbc2-587c-bff1-3b0cd2c4cfce'),
  ('ae03cac4-0037-5c09-ba98-bb071fd85798', '68777e0e-7210-5e0d-8165-e53c4dfc54e5', 3, '20a09e67-6887-5fcb-8736-21423051458b', 'cd9312fd-da9e-5375-a748-fa5d968bf878', 'dadce8fa-f58c-5ca1-b6a9-aa2acd006382', 'Boys', 'Group III', 'seeded', '3c5ce19f-dfb7-5b82-a592-05c1c987f7d0'),
  ('052f3d09-efbb-5431-9475-25866f83d20d', '68777e0e-7210-5e0d-8165-e53c4dfc54e5', 4, 'db8cc901-654c-5f52-b79b-552c0628186e', '7469bc80-fd06-5028-8033-aeb9008a4507', 'dadce8fa-f58c-5ca1-b6a9-aa2acd006382', 'Boys', 'Group III', 'seeded', 'eaa2bd97-03f9-5c0d-8d6f-e3da698bbd4a'),
  ('4bcf7f16-3e72-522f-aafb-c94bbb416413', '68777e0e-7210-5e0d-8165-e53c4dfc54e5', 5, '1f395744-8645-56ca-b649-803f147ddc35', 'b3fb239e-d680-5f40-a2c3-a09c542965df', 'dadce8fa-f58c-5ca1-b6a9-aa2acd006382', 'Boys', 'Group III', 'seeded', '25156dd8-6be2-5d79-a2a7-d0f7b584eb80'),
  ('65997d73-e151-51c8-8d2e-c2dd8c73ffab', '68777e0e-7210-5e0d-8165-e53c4dfc54e5', 6, 'e236872d-08ab-5696-9bcc-db47d7e2ccc5', '7e8a6d53-4cc9-56c0-9892-437ca4607269', 'dadce8fa-f58c-5ca1-b6a9-aa2acd006382', 'Boys', 'Group III', 'seeded', '12f16c9f-2e0d-52d7-b7cc-f2337027eb5b'),
  ('3505d87e-6519-5954-a6bb-beb990384d80', '68777e0e-7210-5e0d-8165-e53c4dfc54e5', 7, 'd40e8997-128e-5c53-a89b-1fe33feaa96c', '2c9dd30b-be9e-5c65-a862-a4817c4f2efc', 'dadce8fa-f58c-5ca1-b6a9-aa2acd006382', 'Boys', 'Group III', 'seeded', '3146a47d-dd82-5da7-9e6c-f59c5ce5c077'),
  ('658138c1-4c3b-5f49-b19a-f6fc5e5dfa67', '68777e0e-7210-5e0d-8165-e53c4dfc54e5', 8, '543aeb71-27c5-5012-a38e-98a995f9943f', '94865e3f-f207-576f-a008-056ce7cceef0', 'dadce8fa-f58c-5ca1-b6a9-aa2acd006382', 'Boys', 'Group III', 'seeded', '67187925-43e0-553c-bca9-97b6274c303b'),
  ('555ba0f3-ff7e-5760-9bf7-6b55386f49eb', '32e6fa8d-87cd-57ce-8f3f-5080bcbacb31', 1, 'c2d04959-9444-5add-9915-e715c141b205', '8204b741-70c6-5870-8811-971a3166ce18', 'dadce8fa-f58c-5ca1-b6a9-aa2acd006382', 'Boys', 'Group III', 'seeded', '5f415afb-2dff-5453-9bd2-d0fa76e02a78'),
  ('104f3fc5-8b39-5fc6-ba74-1dacf97f9235', '32e6fa8d-87cd-57ce-8f3f-5080bcbacb31', 2, '779d57f4-cf32-5b17-be8a-c681d9df4f9a', '344b1543-dc60-5de6-a9fb-9ebbcde0d396', 'dadce8fa-f58c-5ca1-b6a9-aa2acd006382', 'Boys', 'Group III', 'seeded', 'ce1bdfec-d540-54f6-b4a5-3078fd116acf'),
  ('fe3c7e16-0eef-50c2-8ba8-9ccaba3d79ef', '32e6fa8d-87cd-57ce-8f3f-5080bcbacb31', 3, 'ca9360a1-d276-5a70-9561-1098f189ed7f', '8d4059b5-a1e4-52f4-b162-4cb8bf91f4e6', 'dadce8fa-f58c-5ca1-b6a9-aa2acd006382', 'Boys', 'Group III', 'seeded', 'c431f4ef-e35c-544a-be57-a5445bc829c3'),
  ('8be229ff-9d6f-5d7f-b300-3307b7c83217', '32e6fa8d-87cd-57ce-8f3f-5080bcbacb31', 4, '02f6ecec-d357-54ce-a54b-ed82db3b98a0', '4cf02ded-3103-5c97-9b7a-06ee026686d7', 'dadce8fa-f58c-5ca1-b6a9-aa2acd006382', 'Boys', 'Group III', 'seeded', '16af71d8-a6b9-5ab4-8d3c-ee909b14a5d6'),
  ('e9394582-7af2-5a5a-941c-6fe161f46121', '32e6fa8d-87cd-57ce-8f3f-5080bcbacb31', 5, '145b4b6d-28be-5209-9e9d-bb8643d1a60a', '00000000-0000-0000-0000-0000000000a1', 'dadce8fa-f58c-5ca1-b6a9-aa2acd006382', 'Boys', 'Group III', 'seeded', '203ed0ae-dc15-5f81-90c2-6ba166caddf6'),
  ('17976722-8660-59c5-aeff-6ddc76ef67e6', '32e6fa8d-87cd-57ce-8f3f-5080bcbacb31', 6, '30f85f53-b507-5673-b289-7607abbbefe0', '7e8a6d53-4cc9-56c0-9892-437ca4607269', 'dadce8fa-f58c-5ca1-b6a9-aa2acd006382', 'Boys', 'Group III', 'seeded', '89d69fdc-555d-5cf5-9926-98265aa802a9'),
  ('b5c9a8d1-8fc0-5f4d-ab14-e14ef2ef8a0f', '32e6fa8d-87cd-57ce-8f3f-5080bcbacb31', 7, 'c679e699-0550-5c3f-8acf-8c7086458391', '344b1543-dc60-5de6-a9fb-9ebbcde0d396', 'dadce8fa-f58c-5ca1-b6a9-aa2acd006382', 'Boys', 'Group III', 'seeded', '60dfe8dc-dc57-5d31-ab71-9d94d93b42ca'),
  ('09a0e7bc-b2a4-57ad-832c-8ef13b15190f', '32e6fa8d-87cd-57ce-8f3f-5080bcbacb31', 8, 'abe91694-63dc-5b9d-bfc7-55f374442e98', '344b1543-dc60-5de6-a9fb-9ebbcde0d396', 'dadce8fa-f58c-5ca1-b6a9-aa2acd006382', 'Boys', 'Group III', 'seeded', '8a353758-2309-57d2-a557-60e1fcaa7120'),
  ('47d3cd2b-004c-5a86-882f-79afd95124e4', '4b7fa669-d3b4-5572-a2b4-1d7e17c13a82', 1, '2ac307cc-c9d6-56f2-be94-efc97a2c9cce', '46c94418-9915-5783-a9dd-2dcfdd21920b', 'dadce8fa-f58c-5ca1-b6a9-aa2acd006382', 'Boys', 'Group III', 'seeded', '10c5aa21-dd28-5a9e-8d0d-16081cae7c0f'),
  ('4560d616-2482-5cdf-8ebf-9b1ecbc49da5', '4b7fa669-d3b4-5572-a2b4-1d7e17c13a82', 2, 'e6a472ac-80c6-5c86-91e0-9636ed1f35df', 'b86ceb48-7de2-5c75-a592-f977deb318a3', 'dadce8fa-f58c-5ca1-b6a9-aa2acd006382', 'Boys', 'Group III', 'seeded', '9f87ed5a-8226-557c-871e-21a35bc5ec28'),
  ('fc3ec7fe-56db-55be-bea5-7f20f6332c11', '4b7fa669-d3b4-5572-a2b4-1d7e17c13a82', 3, 'a1b91c6a-3a2f-54d6-b9d6-56d73986dfdc', '344b1543-dc60-5de6-a9fb-9ebbcde0d396', 'dadce8fa-f58c-5ca1-b6a9-aa2acd006382', 'Boys', 'Group III', 'seeded', '0b5bc716-d009-5826-ba76-d8d75d07fbb6'),
  ('90fa1d89-6b87-55ad-b9df-afb7f6afdfcc', '4b7fa669-d3b4-5572-a2b4-1d7e17c13a82', 4, 'c64c0fc0-ba2a-5a0b-9e5c-ef17b46b1fd2', '344b1543-dc60-5de6-a9fb-9ebbcde0d396', 'dadce8fa-f58c-5ca1-b6a9-aa2acd006382', 'Boys', 'Group III', 'seeded', 'c45cc197-8262-55ad-abb2-afb71a97e2b0'),
  ('dc9a6368-ceaa-5076-8045-bc67f35bd858', '4b7fa669-d3b4-5572-a2b4-1d7e17c13a82', 5, '4335a642-c3fe-5157-b299-be1be2190d2b', '94865e3f-f207-576f-a008-056ce7cceef0', 'dadce8fa-f58c-5ca1-b6a9-aa2acd006382', 'Boys', 'Group III', 'seeded', '8761eb1b-85b5-5e9b-98da-ed910cabd6a3'),
  ('bd3aa34b-4077-5128-a24a-b9081d6d57c5', '4b7fa669-d3b4-5572-a2b4-1d7e17c13a82', 6, 'd4726fcf-8a0b-5e7d-abef-9066f9d3fba8', '4c684b5a-5ac6-53ee-a81e-980f4080f0fb', 'dadce8fa-f58c-5ca1-b6a9-aa2acd006382', 'Boys', 'Group III', 'seeded', '1b36925e-edd5-538c-9afe-411f4436ea5d'),
  ('30c33c94-bd93-56a8-bb80-99921b582de9', '4b7fa669-d3b4-5572-a2b4-1d7e17c13a82', 7, '9fae1928-fd44-511b-b1d8-34f00cec7f85', 'ed88d3bc-c065-5209-9304-730080420f1e', 'dadce8fa-f58c-5ca1-b6a9-aa2acd006382', 'Boys', 'Group III', 'seeded', '3bcdf6c4-12c4-5dc1-866e-74386537c62b'),
  ('21f3c632-8a35-54e4-b90f-613a0b06065c', '4b7fa669-d3b4-5572-a2b4-1d7e17c13a82', 8, 'd864402a-6c96-5600-87bb-34f1ea6c2515', 'b853f2f0-09a5-5287-adf4-c2cd3385e5f2', 'dadce8fa-f58c-5ca1-b6a9-aa2acd006382', 'Boys', 'Group III', 'seeded', 'dfe6af6e-d195-5352-ad73-096ae58b8aed'),
  ('3c9ae87f-9f70-5992-b952-deabcffb7bb0', '27d3af26-ad34-5772-a3f9-9c7f18bf0471', 1, '7299792b-6bc7-5471-a931-a5e386b20f8f', '93741827-dfe5-532f-b651-6f5066cae0d5', 'dadce8fa-f58c-5ca1-b6a9-aa2acd006382', 'Boys', 'Group III', 'seeded', 'efaf542d-68aa-560e-aa1e-df146db4d971'),
  ('28e4fa05-88d0-5e2b-ba06-4cdf75a7b793', '27d3af26-ad34-5772-a3f9-9c7f18bf0471', 2, '1026a907-0f54-5700-987b-b7ea0fb0c393', '8c61fec8-40e9-572f-8ebd-4290dbdffbec', 'dadce8fa-f58c-5ca1-b6a9-aa2acd006382', 'Boys', 'Group III', 'seeded', '9bbd84f0-d002-575b-a3bb-43f13c161b95'),
  ('0f11558c-682a-5045-aac2-f470c677be2f', '27d3af26-ad34-5772-a3f9-9c7f18bf0471', 3, 'c5ef3e7e-c9b6-562a-aa6a-f17ecb830c9f', '8d4059b5-a1e4-52f4-b162-4cb8bf91f4e6', 'dadce8fa-f58c-5ca1-b6a9-aa2acd006382', 'Boys', 'Group III', 'seeded', '42e8fceb-7881-5a2b-ba90-1352ac56ba9b'),
  ('76a3c598-cb6c-5892-a0d7-2147c098d600', '27d3af26-ad34-5772-a3f9-9c7f18bf0471', 4, '92921111-ba6d-5985-85dc-451db43173ec', '400970ce-f5dc-5ba0-bd5e-028700a78e15', 'dadce8fa-f58c-5ca1-b6a9-aa2acd006382', 'Boys', 'Group III', 'seeded', 'fe5ac651-e866-52c2-bcb6-0441183a2c8e'),
  ('5b87c0cf-3df0-5b28-a8ed-c1def52eaa52', '27d3af26-ad34-5772-a3f9-9c7f18bf0471', 5, 'd4998d54-34a9-54dc-a6f6-a5d693301da2', '344b1543-dc60-5de6-a9fb-9ebbcde0d396', 'dadce8fa-f58c-5ca1-b6a9-aa2acd006382', 'Boys', 'Group III', 'seeded', '10845197-7103-51a2-9a9b-f8a972a8920a'),
  ('67598d6c-1248-5b35-a6a7-220bf09c5614', '27d3af26-ad34-5772-a3f9-9c7f18bf0471', 6, '2349f3d2-fa87-5f45-8576-14b8dcbb2320', '8c61fec8-40e9-572f-8ebd-4290dbdffbec', 'dadce8fa-f58c-5ca1-b6a9-aa2acd006382', 'Boys', 'Group III', 'seeded', '5fc3ab45-e45e-5d0f-b96b-00ee9fc96e3c'),
  ('c1ee2151-c2e3-5761-a528-cb063ebf5e13', '27d3af26-ad34-5772-a3f9-9c7f18bf0471', 7, 'bf6eac06-283c-5167-8848-2dab714ff314', '0ac41011-9d57-5ba2-9556-7590a8be8268', 'dadce8fa-f58c-5ca1-b6a9-aa2acd006382', 'Boys', 'Group III', 'seeded', '6161d769-d1a5-5362-beb9-dba69460b04d'),
  ('64dac56d-96cc-591e-babc-9a8f47a66dac', '27d3af26-ad34-5772-a3f9-9c7f18bf0471', 8, '4c684509-c745-5b1e-83dc-2aa2c190fe51', '27acf816-0caf-5ff3-a7a1-2648641377c1', 'dadce8fa-f58c-5ca1-b6a9-aa2acd006382', 'Boys', 'Group III', 'seeded', '48142314-b792-5f55-b78d-4fbec6238543'),
  ('1e3a685e-b5a1-5640-b434-82e0ae9887d3', '45314d19-e793-52f3-ba77-b4f6e70a2b56', 1, '614de775-cc9f-567c-a06c-960915520676', 'b3fb239e-d680-5f40-a2c3-a09c542965df', 'dadce8fa-f58c-5ca1-b6a9-aa2acd006382', 'Boys', 'Group III', 'seeded', 'c064433f-264e-5dd5-941c-ac0fa50a8a41'),
  ('47ab9a67-3071-5c25-9b64-a90d05cd6bde', '45314d19-e793-52f3-ba77-b4f6e70a2b56', 2, '93ff0758-f575-552a-97bb-1a0a20b01bcb', '344b1543-dc60-5de6-a9fb-9ebbcde0d396', 'dadce8fa-f58c-5ca1-b6a9-aa2acd006382', 'Boys', 'Group III', 'seeded', 'fde9c349-35a8-5640-8b1c-cb554aef973b'),
  ('bdd059ca-2d23-5a3b-b6e0-155ffc99ceda', '45314d19-e793-52f3-ba77-b4f6e70a2b56', 3, 'e67f7b27-fd70-595c-832e-cda4098b7d2f', '00000000-0000-0000-0000-0000000000a1', 'dadce8fa-f58c-5ca1-b6a9-aa2acd006382', 'Boys', 'Group III', 'seeded', '078a553a-400e-5af6-97e5-6a487e4a6d2d'),
  ('87842140-4d37-5c4f-8866-3fa295997023', '45314d19-e793-52f3-ba77-b4f6e70a2b56', 4, '68c519e4-7821-54c7-b231-5266ebbc071e', '0ac41011-9d57-5ba2-9556-7590a8be8268', 'dadce8fa-f58c-5ca1-b6a9-aa2acd006382', 'Boys', 'Group III', 'seeded', 'b051cc94-d639-5625-9218-f379a7241f1e'),
  ('506f1f39-4ff7-5542-8ac7-cfc75b0c5868', '45314d19-e793-52f3-ba77-b4f6e70a2b56', 5, 'e4e781cb-c2cf-588d-9a85-290bb056e34b', '344b1543-dc60-5de6-a9fb-9ebbcde0d396', 'dadce8fa-f58c-5ca1-b6a9-aa2acd006382', 'Boys', 'Group III', 'seeded', '4279ded3-08c9-59bb-8d5f-e826eae44c0d'),
  ('d61bb962-ca17-5757-b2ae-3eca3e156e48', '45314d19-e793-52f3-ba77-b4f6e70a2b56', 6, '09aecf7e-4a79-5070-96e0-2f826275e2ef', 'b86ceb48-7de2-5c75-a592-f977deb318a3', 'dadce8fa-f58c-5ca1-b6a9-aa2acd006382', 'Boys', 'Group III', 'seeded', '2b94b379-5bba-5d40-915f-9ee0ae6dadc1'),
  ('52410445-f8a3-557a-bc5a-730803d26042', '45314d19-e793-52f3-ba77-b4f6e70a2b56', 7, '1349aa89-7693-5603-acb2-00110f885386', 'e85bf284-fd8f-5e64-b555-c134fef0064e', 'dadce8fa-f58c-5ca1-b6a9-aa2acd006382', 'Boys', 'Group III', 'seeded', '1aaa6da6-31a5-5c8e-9818-4d77b4bb2d71'),
  ('50f0794f-a58d-539c-b59a-5dc09cb43abc', '45314d19-e793-52f3-ba77-b4f6e70a2b56', 8, 'd288331f-c736-55d2-abc0-63bd14f97496', '344b1543-dc60-5de6-a9fb-9ebbcde0d396', 'dadce8fa-f58c-5ca1-b6a9-aa2acd006382', 'Boys', 'Group III', 'seeded', '71358253-e4bf-5216-a2e0-148725c7a518'),
  ('47f036df-2727-541f-b7ec-a36bae9797b1', 'd11e0358-97ef-551c-b0a9-63d763505271', 3, '4760739f-5797-5424-8f87-95171a207a09', '344b1543-dc60-5de6-a9fb-9ebbcde0d396', 'd97a8cb0-04a4-5606-8261-b42f60b241fb', 'Girls', 'Group III', 'seeded', 'a256a90b-67d6-591f-90c5-a65f1725c808'),
  ('4381835c-92d9-5640-9904-6620fde30be3', 'd11e0358-97ef-551c-b0a9-63d763505271', 4, '0d9f510a-d810-5e1b-9a25-1851e316da3a', 'bcf7b144-5b95-52fb-8445-5e2742610d55', 'd97a8cb0-04a4-5606-8261-b42f60b241fb', 'Girls', 'Group III', 'seeded', '890a3bbd-2ac0-5e56-b7cb-39a6534d1f6e'),
  ('aca45f4c-7f32-5d57-b672-54d2b9b8b6c0', 'd11e0358-97ef-551c-b0a9-63d763505271', 5, '18facad1-7d05-5483-b370-24030069f34f', '3c2885d6-c220-5920-b054-765a2c1e85d5', 'd97a8cb0-04a4-5606-8261-b42f60b241fb', 'Girls', 'Group III', 'seeded', '8ee36146-abe1-5ec3-a6ea-8b1c135fae1e'),
  ('59c9c708-5e32-511a-a079-3b5af167a0a2', 'd11e0358-97ef-551c-b0a9-63d763505271', 6, '51a5ab70-d013-57da-9e52-356a87b93ccb', '0ac41011-9d57-5ba2-9556-7590a8be8268', 'd97a8cb0-04a4-5606-8261-b42f60b241fb', 'Girls', 'Group III', 'seeded', '4ff81106-b0d0-5fc4-9d9d-8141e2003c8c'),
  ('61ddf7fd-f792-596f-bdd4-e35f595c2add', 'e4843a53-152f-5ef6-ae1c-756dd009656c', 1, null, null, 'd97a8cb0-04a4-5606-8261-b42f60b241fb', 'Girls', 'Group III', 'seeded', '59fb81b1-3e3b-53c4-97f8-fcb591164204'),
  ('1a9e27a9-1b22-54d4-b742-61def42a75bd', 'e4843a53-152f-5ef6-ae1c-756dd009656c', 2, '4cc61367-de4e-5f87-9863-10fe5db8b6c3', '9e5798ac-57e7-543f-be64-1e9776770a2b', 'd97a8cb0-04a4-5606-8261-b42f60b241fb', 'Girls', 'Group III', 'seeded', 'c8966412-d857-55b8-a6c2-a01589968584'),
  ('bfc10e31-35dd-556e-a47a-dc589ec4c248', 'e4843a53-152f-5ef6-ae1c-756dd009656c', 3, 'c9d98d7e-233f-5a43-8573-51d7fd43531c', '7469bc80-fd06-5028-8033-aeb9008a4507', 'd97a8cb0-04a4-5606-8261-b42f60b241fb', 'Girls', 'Group III', 'seeded', 'b4f7a4b2-18ff-542b-ad91-a7c8ab91f5e5'),
  ('d59130c1-ee1e-5ece-b54c-4b0957f72eea', 'e4843a53-152f-5ef6-ae1c-756dd009656c', 4, '724fbd65-9554-5d56-9352-e367ad7eb8a0', '93741827-dfe5-532f-b651-6f5066cae0d5', 'd97a8cb0-04a4-5606-8261-b42f60b241fb', 'Girls', 'Group III', 'seeded', 'daf53f4b-0e0d-5048-90b9-a447675ab8a1'),
  ('e2bab749-699d-5f86-b88f-b4da455183a2', 'e4843a53-152f-5ef6-ae1c-756dd009656c', 5, '60330b57-1de5-572b-a1d6-91645ee515d6', '66cb6ec0-a4a8-5590-a9e3-714f41c8ca67', 'd97a8cb0-04a4-5606-8261-b42f60b241fb', 'Girls', 'Group III', 'seeded', 'b65e4896-6e25-530d-b11f-c690b151b9cd'),
  ('bb1313e4-f604-5d3c-ba37-9f6817680e25', 'e4843a53-152f-5ef6-ae1c-756dd009656c', 6, '99a93ef5-ab6e-52cd-b949-dd3a38844fc2', 'b86ceb48-7de2-5c75-a592-f977deb318a3', 'd97a8cb0-04a4-5606-8261-b42f60b241fb', 'Girls', 'Group III', 'seeded', '8bfeebd4-e6f0-5c43-9a3b-2a4b46e3d084'),
  ('0390a8b4-dfd9-51a7-a6df-802484b9821e', 'e4843a53-152f-5ef6-ae1c-756dd009656c', 7, '506bc03c-9f3e-51e8-8e45-1d037f949d02', '2dc927a2-2dcd-54da-aea5-ae95075b688a', 'd97a8cb0-04a4-5606-8261-b42f60b241fb', 'Girls', 'Group III', 'seeded', '64d6b36c-e576-55bb-aafc-172ed3cf1948'),
  ('51cd29fc-ddc2-500b-a066-ff3e83c8b52f', 'a1bc5610-34c6-53c8-8ebd-9ab3c31ce71c', 1, '0b7180c0-7630-5314-bde0-0a1d091e123a', '344b1543-dc60-5de6-a9fb-9ebbcde0d396', 'd97a8cb0-04a4-5606-8261-b42f60b241fb', 'Girls', 'Group III', 'seeded', '247938ce-e47f-52f0-8d7d-48fa8221378d'),
  ('782be73c-918e-5f01-9ef7-79e4d6e7a655', 'a1bc5610-34c6-53c8-8ebd-9ab3c31ce71c', 2, '9bcd4222-f5f7-5005-aa5b-d90f221bb061', '344b1543-dc60-5de6-a9fb-9ebbcde0d396', 'd97a8cb0-04a4-5606-8261-b42f60b241fb', 'Girls', 'Group III', 'seeded', 'be6ab9f1-5604-56d1-ab7b-ebf18c37b8a9'),
  ('37d6c585-beae-5673-9995-8320a9abeb45', 'a1bc5610-34c6-53c8-8ebd-9ab3c31ce71c', 3, '1572795c-edb8-5b02-a915-df228201485b', '344b1543-dc60-5de6-a9fb-9ebbcde0d396', 'd97a8cb0-04a4-5606-8261-b42f60b241fb', 'Girls', 'Group III', 'seeded', 'e32d227e-1a35-56ab-8d61-b2b9097f7fa2'),
  ('6896585d-a05b-5bbe-8227-bc4de667bf76', 'a1bc5610-34c6-53c8-8ebd-9ab3c31ce71c', 4, 'b42a5a1a-6afb-55d4-b3d5-a6449df0d1a1', '7469bc80-fd06-5028-8033-aeb9008a4507', 'd97a8cb0-04a4-5606-8261-b42f60b241fb', 'Girls', 'Group III', 'seeded', '042f7bf6-25bd-5d5f-8e4b-cccc21546acd'),
  ('a6d6ce18-3709-58f3-9446-2ac9c0b7c5bc', 'a1bc5610-34c6-53c8-8ebd-9ab3c31ce71c', 5, 'f1267fd6-5353-50b0-9d16-e956a0f2f877', '96258415-96b1-5c54-bafc-eba2e199ce62', 'd97a8cb0-04a4-5606-8261-b42f60b241fb', 'Girls', 'Group III', 'seeded', '2385ee75-fe69-5155-95f3-bd6d865cd8ca'),
  ('9ddf93d5-f1e1-50e3-9d7b-71a8a926f6d6', 'a1bc5610-34c6-53c8-8ebd-9ab3c31ce71c', 6, 'c8d469a7-14e9-5b58-9f71-bad9ce479016', '344b1543-dc60-5de6-a9fb-9ebbcde0d396', 'd97a8cb0-04a4-5606-8261-b42f60b241fb', 'Girls', 'Group III', 'seeded', '7713f061-46b8-5ee9-b126-c0a8487224d2'),
  ('52bd39cb-a896-5645-bffb-845d9e0f356a', 'a1bc5610-34c6-53c8-8ebd-9ab3c31ce71c', 7, '7ab89829-d2f5-5339-b555-b2e15457356e', '3c2885d6-c220-5920-b054-765a2c1e85d5', 'd97a8cb0-04a4-5606-8261-b42f60b241fb', 'Girls', 'Group III', 'seeded', '660c58c9-eeae-5ed0-be56-4d32c001e67a'),
  ('f1f1a4dc-c7aa-58b8-890a-7a14c6727719', 'a1bc5610-34c6-53c8-8ebd-9ab3c31ce71c', 8, '1e993fc5-7b7c-518b-9aa7-77ec56207993', '00000000-0000-0000-0000-0000000000a1', 'd97a8cb0-04a4-5606-8261-b42f60b241fb', 'Girls', 'Group III', 'seeded', '0df124d0-5e79-5a0a-8506-445327bbacac'),
  ('0c2badac-891e-51a8-ba75-ff5e6cad0c0d', 'b5266717-0b64-53e6-a43e-6cd76ca63c75', 1, 'e6d47391-e3e2-58ad-84c2-e4e6141949a6', '8204b741-70c6-5870-8811-971a3166ce18', 'd97a8cb0-04a4-5606-8261-b42f60b241fb', 'Girls', 'Group III', 'seeded', '3e044034-8506-5147-bc3b-6c125bdbfcb3'),
  ('e7049926-2adb-59be-ac50-37478471d56b', 'b5266717-0b64-53e6-a43e-6cd76ca63c75', 2, 'aac2bb76-0a43-576d-8c86-a94273c36fea', '00000000-0000-0000-0000-0000000000a1', 'd97a8cb0-04a4-5606-8261-b42f60b241fb', 'Girls', 'Group III', 'seeded', '56a47731-3753-5c60-b7d8-8b23169efd5f'),
  ('9991dc79-bbd9-57f0-b67d-3389a6dddd93', 'b5266717-0b64-53e6-a43e-6cd76ca63c75', 3, '29a6b558-839b-56be-a8c6-4d0873947681', '7edb0022-cd14-5006-bf83-f87d3be5e4ca', 'd97a8cb0-04a4-5606-8261-b42f60b241fb', 'Girls', 'Group III', 'seeded', '8f5405e2-5423-5220-9e6e-0e2acb7bbd04'),
  ('818e830f-ed90-5903-b617-6a6840661b41', 'b5266717-0b64-53e6-a43e-6cd76ca63c75', 4, '2652f0f9-4147-5b99-a00a-81dbe12ed317', '0ac41011-9d57-5ba2-9556-7590a8be8268', 'd97a8cb0-04a4-5606-8261-b42f60b241fb', 'Girls', 'Group III', 'seeded', '14661234-ca44-5486-aa2e-7c2cf7c10c57'),
  ('dc523110-385e-5e38-bf56-28f493906ae5', 'b5266717-0b64-53e6-a43e-6cd76ca63c75', 5, '9870ab76-8862-5f44-bec6-2f97c116b773', '344b1543-dc60-5de6-a9fb-9ebbcde0d396', 'd97a8cb0-04a4-5606-8261-b42f60b241fb', 'Girls', 'Group III', 'seeded', '447005f6-9e67-53e0-a4dd-bf28fff06a05'),
  ('c417aa89-4826-5201-aa58-199623d7b86f', 'b5266717-0b64-53e6-a43e-6cd76ca63c75', 6, '7b25e42a-8ff8-56ad-9d38-f30617b02f26', '344b1543-dc60-5de6-a9fb-9ebbcde0d396', 'd97a8cb0-04a4-5606-8261-b42f60b241fb', 'Girls', 'Group III', 'seeded', 'f8364ded-0bf9-54a7-b294-6338b752ef90'),
  ('abf3fbb0-99bd-59b0-8ce6-421ed8a1a7bd', 'b5266717-0b64-53e6-a43e-6cd76ca63c75', 7, 'b503f850-a159-5338-a85b-d7b5bbf394e6', '344b1543-dc60-5de6-a9fb-9ebbcde0d396', 'd97a8cb0-04a4-5606-8261-b42f60b241fb', 'Girls', 'Group III', 'seeded', '769efbe8-ade1-5417-90ef-908dc4c46ca6'),
  ('3b6742ad-5eee-5b73-8cb6-6e7d1f343c8a', 'b5266717-0b64-53e6-a43e-6cd76ca63c75', 8, 'e930f745-bbad-5a88-a3de-8bd752c8481d', '46c94418-9915-5783-a9dd-2dcfdd21920b', 'd97a8cb0-04a4-5606-8261-b42f60b241fb', 'Girls', 'Group III', 'seeded', '9cb7f5cd-b626-5f55-9e99-ff0abbbaf5db'),
  ('d0294914-2fb2-5155-8170-0df845e653a3', '30bee4b4-4a47-58dd-be06-47d5d188ff70', 3, '9a23bb10-af8d-506d-b91a-b7a94236326a', '344b1543-dc60-5de6-a9fb-9ebbcde0d396', 'f53ebe25-0db8-5d40-8037-685efb85e9d8', 'Boys', 'Group I', 'seeded', 'd41b8682-36cb-5b9c-8f1a-00203ba66deb'),
  ('fb5022b7-ba57-5536-b5f3-4bdf7bfe421b', '30bee4b4-4a47-58dd-be06-47d5d188ff70', 4, 'c041e698-6f3d-5aa6-9d79-fbb979ec93cb', '7469bc80-fd06-5028-8033-aeb9008a4507', 'f53ebe25-0db8-5d40-8037-685efb85e9d8', 'Boys', 'Group I', 'seeded', '9dffe290-181c-5898-8c09-a42efc419c1c'),
  ('eaf009f0-03de-54a0-a4b4-c6cd40648e67', '30bee4b4-4a47-58dd-be06-47d5d188ff70', 5, 'd7b5ae6a-f05f-5656-beb9-295ad4b69a52', '4d9d1e27-c5d6-555b-880c-71593ea1291a', 'f53ebe25-0db8-5d40-8037-685efb85e9d8', 'Boys', 'Group I', 'seeded', '49441ffe-4241-5397-8265-068e477600e1'),
  ('28bc56e3-17e7-5cf5-bcce-02c9b9b67b6d', '30bee4b4-4a47-58dd-be06-47d5d188ff70', 6, 'e1218d40-ce3f-5a1c-ab43-ea647afe5ca1', 'cf00c520-cf02-55ea-8867-f02644ec8045', 'f53ebe25-0db8-5d40-8037-685efb85e9d8', 'Boys', 'Group I', 'seeded', '4ef7ef0b-49d5-56ee-ad97-6000f79f5e38'),
  ('a77fdcdf-dd3a-5663-9050-c62225a43a93', '1cfc0683-1780-5a44-9d32-0b49d49b3c0c', 1, 'af3474e9-2f69-5477-bef8-6ca33ce1e6f3', 'fc99ac8b-1d7e-50ef-a47d-bc040d92a76c', 'f53ebe25-0db8-5d40-8037-685efb85e9d8', 'Boys', 'Group I', 'seeded', 'bed21a6e-90a6-58a9-8575-48307cedd389'),
  ('063d645e-9aeb-5c2c-94f2-785a6781eaf8', '1cfc0683-1780-5a44-9d32-0b49d49b3c0c', 2, 'c0474b09-cdc5-5f74-9969-2112a912a5fd', '7469bc80-fd06-5028-8033-aeb9008a4507', 'f53ebe25-0db8-5d40-8037-685efb85e9d8', 'Boys', 'Group I', 'seeded', '0610dd33-978f-581c-905d-04bc6f53e93f'),
  ('7c1c871d-cb44-5c33-8400-b67e57e4f17a', '1cfc0683-1780-5a44-9d32-0b49d49b3c0c', 3, '8829774b-c295-5a97-9f03-ae8d110b5e62', 'b86ceb48-7de2-5c75-a592-f977deb318a3', 'f53ebe25-0db8-5d40-8037-685efb85e9d8', 'Boys', 'Group I', 'seeded', 'c4149022-71c1-57ad-b514-0bdd9530ec39'),
  ('c02fe962-e4ca-5946-a12b-e86059faba07', '1cfc0683-1780-5a44-9d32-0b49d49b3c0c', 4, '94f6d8f4-b6a0-5203-9040-7a9e5d5b4209', '344b1543-dc60-5de6-a9fb-9ebbcde0d396', 'f53ebe25-0db8-5d40-8037-685efb85e9d8', 'Boys', 'Group I', 'seeded', '9f1f869b-499d-5281-a8c3-034989d59344'),
  ('1f768547-b9d9-59c5-b7bd-c624cf85fccb', '1cfc0683-1780-5a44-9d32-0b49d49b3c0c', 5, 'b0abab85-ede6-53b9-9f01-51b6939adca9', '00000000-0000-0000-0000-0000000000a1', 'f53ebe25-0db8-5d40-8037-685efb85e9d8', 'Boys', 'Group I', 'seeded', '87315772-a1e8-5c77-803b-35d83ff39f90'),
  ('62878d7d-9458-58b9-87e2-3ced7d3f97d4', '1cfc0683-1780-5a44-9d32-0b49d49b3c0c', 6, '07542c76-e742-5565-bdd7-f8fa23565c29', '2c9dd30b-be9e-5c65-a862-a4817c4f2efc', 'f53ebe25-0db8-5d40-8037-685efb85e9d8', 'Boys', 'Group I', 'seeded', '6218de1e-2965-5bc1-afc6-9ddc4ac23f24'),
  ('7ec5576e-f54e-5799-8c9f-e888633d25ec', '1cfc0683-1780-5a44-9d32-0b49d49b3c0c', 7, 'a222f309-00a3-530d-b26b-360f67f634ee', 'b86ceb48-7de2-5c75-a592-f977deb318a3', 'f53ebe25-0db8-5d40-8037-685efb85e9d8', 'Boys', 'Group I', 'seeded', '267799a8-b5cb-5299-9bc5-4345b09131bc'),
  ('d72a2363-b00d-5686-aff9-685d96390ae5', '1cfc0683-1780-5a44-9d32-0b49d49b3c0c', 8, '58749548-1ab8-52ba-9f8b-6ba34dd9a9c2', '65131d90-d492-5e78-be57-0674fc108c6f', 'f53ebe25-0db8-5d40-8037-685efb85e9d8', 'Boys', 'Group I', 'seeded', '61d73c63-a4a0-5de3-ae27-4a3c1f832cf7'),
  ('84109564-0f96-5169-989b-29d5cab4e501', '443739ee-c3a7-5970-ade4-9bdbe26c5846', 1, 'e013b32d-1b2a-57ce-a6fa-ff6b4deba118', '344b1543-dc60-5de6-a9fb-9ebbcde0d396', 'f53ebe25-0db8-5d40-8037-685efb85e9d8', 'Boys', 'Group I', 'seeded', 'e91a8973-6916-5365-9410-1a65955b259b'),
  ('de4bae45-ea23-5796-8d73-a94ca28c6726', '443739ee-c3a7-5970-ade4-9bdbe26c5846', 2, '305b06a7-68ff-5465-a03f-5643116e516b', '00000000-0000-0000-0000-0000000000a1', 'f53ebe25-0db8-5d40-8037-685efb85e9d8', 'Boys', 'Group I', 'seeded', 'f9f4ede8-dcd8-5e68-9074-3aa5e048b84a'),
  ('26bf591a-0b64-5603-99e4-a75f5c01617e', '443739ee-c3a7-5970-ade4-9bdbe26c5846', 3, '66a88d05-9826-50e2-8df5-805a680365cf', '93741827-dfe5-532f-b651-6f5066cae0d5', 'f53ebe25-0db8-5d40-8037-685efb85e9d8', 'Boys', 'Group I', 'seeded', '5b7225c8-1dda-5e78-ae64-479001911790'),
  ('15193a98-d7ef-542f-ae5c-a2e7c80eff6f', '443739ee-c3a7-5970-ade4-9bdbe26c5846', 4, 'cc33a1ac-78ae-5801-a376-b3a937a951f0', '00000000-0000-0000-0000-0000000000a1', 'f53ebe25-0db8-5d40-8037-685efb85e9d8', 'Boys', 'Group I', 'seeded', '117edc2b-af2f-5ede-9846-c632634c42be'),
  ('0fa620ed-0b3c-5af2-8bd2-ee7c1f1e8166', '443739ee-c3a7-5970-ade4-9bdbe26c5846', 5, '3f80af4e-c594-501c-b49b-cd034e18aebf', 'b86ceb48-7de2-5c75-a592-f977deb318a3', 'f53ebe25-0db8-5d40-8037-685efb85e9d8', 'Boys', 'Group I', 'seeded', '82d57104-1860-539e-8129-e7b221316cec'),
  ('93984917-39a0-53b5-a08f-a077525b3994', '443739ee-c3a7-5970-ade4-9bdbe26c5846', 6, '5b0a3541-3c29-5fb3-bf0f-1eaa614a34de', '00000000-0000-0000-0000-0000000000a1', 'f53ebe25-0db8-5d40-8037-685efb85e9d8', 'Boys', 'Group I', 'seeded', '7a4ee963-2038-5712-b94e-bb1fe0458e5b'),
  ('0881ed27-d23f-53d2-89c2-405cc43f4b05', '443739ee-c3a7-5970-ade4-9bdbe26c5846', 7, '12f6ea14-2dd5-5f74-80f1-0b53eaf8d653', '9e5798ac-57e7-543f-be64-1e9776770a2b', 'f53ebe25-0db8-5d40-8037-685efb85e9d8', 'Boys', 'Group I', 'seeded', 'c0b560a8-39a7-56ef-9ec4-921dff2298e4'),
  ('56bb9ffc-35c4-5174-8901-23de41f2f33c', '443739ee-c3a7-5970-ade4-9bdbe26c5846', 8, 'e717e650-43e3-5007-80d8-f08d97494018', '344b1543-dc60-5de6-a9fb-9ebbcde0d396', 'f53ebe25-0db8-5d40-8037-685efb85e9d8', 'Boys', 'Group I', 'seeded', '80f3d67e-2995-5670-85fa-ce5990ff202c'),
  ('fcf4ce44-3b56-5fb4-b185-f5f47087c9d5', 'f39ff4f7-0286-537b-87cd-45deb6c54023', 3, '7ee19c91-5521-5456-ad2a-6c4cbaee4db7', '9e5798ac-57e7-543f-be64-1e9776770a2b', 'dd37a8e5-e6db-5f97-81f0-8443e3948745', 'Girls', 'Group I', 'seeded', '02610f3b-a6db-5690-8011-a5b4a7e41121'),
  ('efa900b7-5c3c-5337-9cf2-29631c2cd820', 'f39ff4f7-0286-537b-87cd-45deb6c54023', 4, 'fc60b8e1-4b08-50b4-ae4c-2b5195b64f65', 'cf00c520-cf02-55ea-8867-f02644ec8045', 'dd37a8e5-e6db-5f97-81f0-8443e3948745', 'Girls', 'Group I', 'seeded', '312886cc-83fd-59c4-8df7-762bece133bb'),
  ('97b2e60a-b6a4-501d-9645-37266b28a54f', 'f39ff4f7-0286-537b-87cd-45deb6c54023', 5, '1b75c3c5-d562-5882-8bdc-6fb00a834269', '344b1543-dc60-5de6-a9fb-9ebbcde0d396', 'dd37a8e5-e6db-5f97-81f0-8443e3948745', 'Girls', 'Group I', 'seeded', '93c0f1f6-9a15-5f4a-b5b2-593e942717e5'),
  ('296205cc-1c1a-54e8-a09d-97330eba1ff2', 'f39ff4f7-0286-537b-87cd-45deb6c54023', 6, '91fb0f36-3554-5c7c-8bdf-f17b7d595c11', '7469bc80-fd06-5028-8033-aeb9008a4507', 'dd37a8e5-e6db-5f97-81f0-8443e3948745', 'Girls', 'Group I', 'seeded', 'cf9bf4d2-409a-5ab5-b6fd-4951f0724255'),
  ('2aaa3017-ec39-57f6-b082-13e86c6ab7e7', '3b9d4c7a-ae58-5d55-8349-660017a31174', 2, 'd440a0ba-3660-5b3d-aeee-248fc8deb269', 'ed88d3bc-c065-5209-9304-730080420f1e', 'dd37a8e5-e6db-5f97-81f0-8443e3948745', 'Girls', 'Group I', 'seeded', '06f5461e-1a40-51c0-a5dd-fe5d0ea4aee0'),
  ('1e165cc6-735d-510f-9359-6a48f941b7f4', '3b9d4c7a-ae58-5d55-8349-660017a31174', 3, '5665d772-954c-56d7-85e0-823d363cd903', '8204b741-70c6-5870-8811-971a3166ce18', 'dd37a8e5-e6db-5f97-81f0-8443e3948745', 'Girls', 'Group I', 'seeded', '1effd4dc-86ae-5d34-97f5-e315e9659830'),
  ('37803e15-a52d-51f7-9aa4-41b185bd34a6', '3b9d4c7a-ae58-5d55-8349-660017a31174', 4, '83e52c7c-d158-5d8e-a039-e71ad875e4a1', 'a52a36ca-9b28-58cd-af06-95d9672a956c', 'dd37a8e5-e6db-5f97-81f0-8443e3948745', 'Girls', 'Group I', 'seeded', 'd3f86376-8e6a-585f-ae8e-485caf448571'),
  ('badefadf-a134-578d-83fc-f68401f37bd0', '3b9d4c7a-ae58-5d55-8349-660017a31174', 5, '47a452a2-dfb2-52e0-aa20-e544dde1339f', '344b1543-dc60-5de6-a9fb-9ebbcde0d396', 'dd37a8e5-e6db-5f97-81f0-8443e3948745', 'Girls', 'Group I', 'seeded', '677bac12-c34c-5157-bc84-1915c47271af'),
  ('425e4401-330b-5b4f-974a-14b2bd373a99', '3b9d4c7a-ae58-5d55-8349-660017a31174', 6, '24a97e0c-15d2-526e-83ae-be31e9c676a0', 'b86ceb48-7de2-5c75-a592-f977deb318a3', 'dd37a8e5-e6db-5f97-81f0-8443e3948745', 'Girls', 'Group I', 'seeded', 'a820b748-6956-5a2b-898c-f6480ed7d948'),
  ('24b527a5-8522-5a55-ad71-d82376166cb5', 'f4977439-209a-51b5-9168-73da6751ede1', 1, '24310bd2-ac23-578c-ae68-6e79ba1c5c00', '7469bc80-fd06-5028-8033-aeb9008a4507', '98fc27c6-12e9-537e-bc3e-72d7deccb066', 'Boys', 'Group II', 'seeded', '98fda99c-fc6a-56fa-b3f8-b60d21af6834'),
  ('2f424263-4530-5432-9c02-e126add2a332', 'f4977439-209a-51b5-9168-73da6751ede1', 2, '26828b61-7288-5106-ba50-fece8bab8141', 'a52a36ca-9b28-58cd-af06-95d9672a956c', '98fc27c6-12e9-537e-bc3e-72d7deccb066', 'Boys', 'Group II', 'seeded', '070e78b4-5984-5d37-b696-69cf56e7b6d1'),
  ('a4588e82-ecd3-55c3-a99e-d933677c6623', 'f4977439-209a-51b5-9168-73da6751ede1', 3, '1f123ed9-4455-5f06-b8af-8b7f0807dafc', 'b86ceb48-7de2-5c75-a592-f977deb318a3', '98fc27c6-12e9-537e-bc3e-72d7deccb066', 'Boys', 'Group II', 'seeded', '288c116c-8302-5e6d-97c6-9ba6d6f5efbf'),
  ('b07686f3-32d9-5017-8046-aa63a32c4b0b', 'f4977439-209a-51b5-9168-73da6751ede1', 4, '5b972685-a39e-5a50-8507-d51c5afaa8a0', '8204b741-70c6-5870-8811-971a3166ce18', '98fc27c6-12e9-537e-bc3e-72d7deccb066', 'Boys', 'Group II', 'seeded', 'f57c5888-405d-554a-9caf-240af776e3fd'),
  ('75b86925-0b24-5d47-bb36-d58132d9a710', 'f4977439-209a-51b5-9168-73da6751ede1', 5, '0cf48645-caaa-52fd-b0b9-b2c0cf9626ca', '344b1543-dc60-5de6-a9fb-9ebbcde0d396', '98fc27c6-12e9-537e-bc3e-72d7deccb066', 'Boys', 'Group II', 'seeded', 'e1a87853-f9e3-57fb-9ec2-bddf5ef99252'),
  ('22d4f7df-1806-5daa-9b4e-d26eb6088c9d', 'f4977439-209a-51b5-9168-73da6751ede1', 6, 'a0bfc627-82a9-52b3-9272-ff313fb28eb5', 'b86ceb48-7de2-5c75-a592-f977deb318a3', '98fc27c6-12e9-537e-bc3e-72d7deccb066', 'Boys', 'Group II', 'seeded', 'f275a200-1957-5ff4-803c-dee31ba6748a'),
  ('0988bd47-3df9-5a1a-9abc-1f158e8c4729', 'f4977439-209a-51b5-9168-73da6751ede1', 7, '3bb68a7e-410c-5733-bbcf-930cd79fb5f7', 'ed88d3bc-c065-5209-9304-730080420f1e', '98fc27c6-12e9-537e-bc3e-72d7deccb066', 'Boys', 'Group II', 'seeded', 'ce57454a-b21a-582e-b3a6-41e6c58b9279'),
  ('7353606b-9ff8-55d6-b6bf-59bf5da41ffa', 'f4977439-209a-51b5-9168-73da6751ede1', 8, 'cb60426a-5c2b-5029-849d-75984c749423', '344b1543-dc60-5de6-a9fb-9ebbcde0d396', '98fc27c6-12e9-537e-bc3e-72d7deccb066', 'Boys', 'Group II', 'seeded', '52adfac3-6043-57da-a5cd-a4feabd956ae'),
  ('18f4b117-8744-50bd-8d80-77b760042875', '80012e5b-35ac-5ba0-9bf6-990caaf337fd', 1, '234097e1-58f0-5575-ae3d-d41a13ca6428', '8204b741-70c6-5870-8811-971a3166ce18', '98fc27c6-12e9-537e-bc3e-72d7deccb066', 'Boys', 'Group II', 'seeded', '4c0ccbdf-30cf-56f1-8874-254cb6c8356b'),
  ('a2b82605-b9f2-5f6f-8df0-0f876007b0d1', '80012e5b-35ac-5ba0-9bf6-990caaf337fd', 2, '300835ec-f6f8-50f5-ae26-583a40c8d0f4', '344b1543-dc60-5de6-a9fb-9ebbcde0d396', '98fc27c6-12e9-537e-bc3e-72d7deccb066', 'Boys', 'Group II', 'seeded', '330b386d-8dc4-5d1d-b320-827d00407d6f'),
  ('59f4fb5a-d9b6-5ff3-a5b0-70d7fb2cd50a', '80012e5b-35ac-5ba0-9bf6-990caaf337fd', 3, '6bf3e302-e069-5f70-bbda-01075a4e6c23', '2c9dd30b-be9e-5c65-a862-a4817c4f2efc', '98fc27c6-12e9-537e-bc3e-72d7deccb066', 'Boys', 'Group II', 'seeded', '5951b455-d936-5bea-a05a-553998759f0b'),
  ('362f8544-0e0b-5311-8ac0-7bb2b8438c22', '80012e5b-35ac-5ba0-9bf6-990caaf337fd', 4, 'b0807b4c-5f58-5ab1-8373-7db65785fc10', 'b86ceb48-7de2-5c75-a592-f977deb318a3', '98fc27c6-12e9-537e-bc3e-72d7deccb066', 'Boys', 'Group II', 'seeded', '3498a0f5-6f3d-5f36-8a55-6dde3e32ed10'),
  ('9f34f4f6-4774-50b5-b5af-ba72967ccb9a', '80012e5b-35ac-5ba0-9bf6-990caaf337fd', 5, '7aa0f553-32f5-5059-8391-e8138da8be8e', 'fc99ac8b-1d7e-50ef-a47d-bc040d92a76c', '98fc27c6-12e9-537e-bc3e-72d7deccb066', 'Boys', 'Group II', 'seeded', '5744738e-b333-5c6c-b21a-f36c1da2dbba'),
  ('83d828d1-a811-55b6-a5cd-30ef1b97497e', '80012e5b-35ac-5ba0-9bf6-990caaf337fd', 6, '087b8110-7600-5f0a-9434-0a074564b120', 'b86ceb48-7de2-5c75-a592-f977deb318a3', '98fc27c6-12e9-537e-bc3e-72d7deccb066', 'Boys', 'Group II', 'seeded', 'd79adc07-43c1-5350-abc8-18c8300589cb'),
  ('651ba180-acb8-57f2-8167-e013ab6966a3', '80012e5b-35ac-5ba0-9bf6-990caaf337fd', 7, '3d459495-a2ab-584e-bbaf-8256f2b17c03', '00000000-0000-0000-0000-0000000000a1', '98fc27c6-12e9-537e-bc3e-72d7deccb066', 'Boys', 'Group II', 'seeded', 'e2e77ddd-ca80-5b43-8bad-122e795e04a4'),
  ('3a7691a6-08d5-51fb-bf0e-45ffaf71b205', '80012e5b-35ac-5ba0-9bf6-990caaf337fd', 8, '8e340a12-a645-5806-84a0-3051a5222afd', '00000000-0000-0000-0000-0000000000a1', '98fc27c6-12e9-537e-bc3e-72d7deccb066', 'Boys', 'Group II', 'seeded', '19791f4d-147b-5376-8e44-4e5061501bf3'),
  ('f506e1c0-e327-52db-bd16-e95230a2f279', '416fb9cc-14b9-56f9-a0ab-130d38955abc', 1, 'c4cebcd9-c263-557d-a68c-9fa0eefd3549', 'b86ceb48-7de2-5c75-a592-f977deb318a3', '98fc27c6-12e9-537e-bc3e-72d7deccb066', 'Boys', 'Group II', 'seeded', 'b344dae3-0d2a-520e-8ee1-8068031a8356'),
  ('caa46bc6-74d8-5531-a420-c2b0dd0b99bf', '416fb9cc-14b9-56f9-a0ab-130d38955abc', 2, 'a3ce345a-ad04-5d1c-a2c9-557add0f6110', '9e5798ac-57e7-543f-be64-1e9776770a2b', '98fc27c6-12e9-537e-bc3e-72d7deccb066', 'Boys', 'Group II', 'seeded', '474614a7-8c6d-5a8e-a55c-6a47ad7c2578'),
  ('c7b08452-367c-5d5a-89ca-072b5cb6fddd', '416fb9cc-14b9-56f9-a0ab-130d38955abc', 3, '589fbe6f-01b5-5bf1-8080-9556903511b1', '4c684b5a-5ac6-53ee-a81e-980f4080f0fb', '98fc27c6-12e9-537e-bc3e-72d7deccb066', 'Boys', 'Group II', 'seeded', '5d848473-b21d-581b-b3a1-d59838f94799'),
  ('638a7306-0673-56be-adb0-989a3561858f', '416fb9cc-14b9-56f9-a0ab-130d38955abc', 4, 'ede9d464-fec1-50be-8380-4eb26411531d', '00000000-0000-0000-0000-0000000000a1', '98fc27c6-12e9-537e-bc3e-72d7deccb066', 'Boys', 'Group II', 'seeded', '4bd481f2-c72c-595d-a069-f09f8c194a6d'),
  ('435318bd-a37e-5f7c-be82-d3701209f96d', '416fb9cc-14b9-56f9-a0ab-130d38955abc', 5, '6b6e653a-edb2-58fa-85ed-93c17a463728', '00000000-0000-0000-0000-0000000000a1', '98fc27c6-12e9-537e-bc3e-72d7deccb066', 'Boys', 'Group II', 'seeded', 'b8ece643-c986-5d7e-a3c3-118b724c9e95'),
  ('3424554d-c7cd-5932-8af9-ce3b9d91b7ca', '416fb9cc-14b9-56f9-a0ab-130d38955abc', 6, 'f0770c47-079a-521b-acd0-073d20805279', '8204b741-70c6-5870-8811-971a3166ce18', '98fc27c6-12e9-537e-bc3e-72d7deccb066', 'Boys', 'Group II', 'seeded', '4b1969c5-74ab-57b4-bc66-dbdd9ce5afb3'),
  ('387ec9fc-ac94-5f77-b1e5-23a773db2ee7', '416fb9cc-14b9-56f9-a0ab-130d38955abc', 7, '0ec2f0cc-75f6-5313-91b3-dc2536f5a9bf', '344b1543-dc60-5de6-a9fb-9ebbcde0d396', '98fc27c6-12e9-537e-bc3e-72d7deccb066', 'Boys', 'Group II', 'seeded', 'ccf8b281-c3b3-5f4b-a2e1-31f557d82dbb'),
  ('2344b2a6-879a-5aa3-8eea-f4375447d5f6', '416fb9cc-14b9-56f9-a0ab-130d38955abc', 8, '0ad8aad7-7fd1-51f1-98fd-070973c2b95a', '344b1543-dc60-5de6-a9fb-9ebbcde0d396', '98fc27c6-12e9-537e-bc3e-72d7deccb066', 'Boys', 'Group II', 'seeded', '1a1ba434-1473-5b9e-bf5e-4f11d0533cde'),
  ('012b0225-f535-56ab-a124-1350ad5efaec', '86157f27-afb5-54f6-a969-7dffba64fe04', 3, 'a4e42556-61ae-5509-abd8-02f84b062874', '40f21282-0ed9-5061-91b0-2b7320fa6cb7', '1cb462cc-db7d-5e4f-a82e-f148e40e7fc6', 'Girls', 'Group II', 'seeded', 'a1053e68-099a-5842-851e-958de70a2e52'),
  ('9cb0fe1a-1e7d-5b71-a532-1d4cb2b51754', '86157f27-afb5-54f6-a969-7dffba64fe04', 4, '293f069f-7f6d-5a48-b32c-075d70b58a17', '7469bc80-fd06-5028-8033-aeb9008a4507', '1cb462cc-db7d-5e4f-a82e-f148e40e7fc6', 'Girls', 'Group II', 'seeded', '272f90c5-0f2a-52d1-9489-e1cc517a98ea'),
  ('47f2880c-26c0-5bb7-8535-89b0dd180906', '86157f27-afb5-54f6-a969-7dffba64fe04', 5, 'c166381a-7dc9-56ae-b7a8-d547b866f314', 'b86ceb48-7de2-5c75-a592-f977deb318a3', '1cb462cc-db7d-5e4f-a82e-f148e40e7fc6', 'Girls', 'Group II', 'seeded', '43757198-4584-57e8-9c66-84221eab094d'),
  ('395b7bd9-00f2-5506-9e00-0cbf58f8f609', '86157f27-afb5-54f6-a969-7dffba64fe04', 6, '46d4be12-ab13-5e7f-9b83-c315370584ac', '7469bc80-fd06-5028-8033-aeb9008a4507', '1cb462cc-db7d-5e4f-a82e-f148e40e7fc6', 'Girls', 'Group II', 'seeded', 'f9a05950-4700-50fd-9bf4-f16c38ad3557'),
  ('414bb14b-598b-5791-bf48-39a21a9c3a86', '211b8d93-4d34-59b2-93f1-f01f5cd2f161', 1, '74e78b23-9177-5f36-9a47-bcf49e0edf71', '00000000-0000-0000-0000-0000000000a1', '1cb462cc-db7d-5e4f-a82e-f148e40e7fc6', 'Girls', 'Group II', 'seeded', 'c9cf272e-5257-5adc-b5a1-8537b04ac3b8'),
  ('2fded7d5-579e-5be3-a47e-900eac7bfdeb', '211b8d93-4d34-59b2-93f1-f01f5cd2f161', 2, 'ebfc4476-9ba4-5255-8f88-3cb73b710c10', '8204b741-70c6-5870-8811-971a3166ce18', '1cb462cc-db7d-5e4f-a82e-f148e40e7fc6', 'Girls', 'Group II', 'seeded', '9e893875-7597-50d0-a8e4-bc6cc4ff9c63'),
  ('d118c71e-d763-5d7c-8453-042cb2cfd5e4', '211b8d93-4d34-59b2-93f1-f01f5cd2f161', 3, '92153621-2d98-5d92-8f17-1cfce0c9e297', '40f21282-0ed9-5061-91b0-2b7320fa6cb7', '1cb462cc-db7d-5e4f-a82e-f148e40e7fc6', 'Girls', 'Group II', 'seeded', 'f3ca4fc9-bd36-5ec3-9068-929fe3248ede'),
  ('557690d7-902f-561e-9ddd-e18132c1c92e', '211b8d93-4d34-59b2-93f1-f01f5cd2f161', 4, 'd4181a28-4b7b-53ea-8ea6-78c6884925b7', '8204b741-70c6-5870-8811-971a3166ce18', '1cb462cc-db7d-5e4f-a82e-f148e40e7fc6', 'Girls', 'Group II', 'seeded', 'd6d39b6c-ccc5-5e1d-8e4f-16e4afb0a4c5'),
  ('a1a056bd-7828-5949-ab3a-483b70460341', '211b8d93-4d34-59b2-93f1-f01f5cd2f161', 5, 'fdfd7df9-bf93-5d5f-a9d6-de288f9f0ce0', '344b1543-dc60-5de6-a9fb-9ebbcde0d396', '1cb462cc-db7d-5e4f-a82e-f148e40e7fc6', 'Girls', 'Group II', 'seeded', '0e19de6c-7a27-5adf-b73d-bc2b61840aa1'),
  ('d9040e4e-b68a-5b44-ad3c-2821d66cd3e1', '211b8d93-4d34-59b2-93f1-f01f5cd2f161', 6, '866fed57-fe57-5f7b-be03-73ae37f8a59b', 'bab3c4d4-7f1f-59e5-b05d-a4f543c06cfb', '1cb462cc-db7d-5e4f-a82e-f148e40e7fc6', 'Girls', 'Group II', 'seeded', '2d4773be-c777-5fbf-a514-4c9eb91f3f8f'),
  ('e22d1bfa-7528-55b7-9a1d-69a2fc4a2212', '211b8d93-4d34-59b2-93f1-f01f5cd2f161', 7, '8aaaed09-86b5-5632-b933-e51fc0ef0dda', '3c2885d6-c220-5920-b054-765a2c1e85d5', '1cb462cc-db7d-5e4f-a82e-f148e40e7fc6', 'Girls', 'Group II', 'seeded', 'e31c74f2-179f-529f-91f6-4124bf702433'),
  ('98f82bb3-6867-5d66-b384-0c9148502f70', '211b8d93-4d34-59b2-93f1-f01f5cd2f161', 8, '3bbf36cd-bd88-56a9-b5e8-4110dcbc6ce0', '344b1543-dc60-5de6-a9fb-9ebbcde0d396', '1cb462cc-db7d-5e4f-a82e-f148e40e7fc6', 'Girls', 'Group II', 'seeded', 'ffe64c4e-1ef6-50a6-9d71-76b482effd90'),
  ('ae8d19f9-409d-57ce-88cb-a002b74a4bc2', 'bbe02c24-71f2-59e6-a37f-dc61b92e14fc', 1, '0d458f74-50e0-5500-91c3-40fb13a0bfff', 'b86ceb48-7de2-5c75-a592-f977deb318a3', 'ffe0fde1-151b-53d1-b4c1-16bbb08eaee2', 'Boys', 'Group III', 'seeded', '66de7fdb-366d-549a-9350-2e1feff73089'),
  ('533fbb1f-f529-518d-b7c2-5324261457aa', 'bbe02c24-71f2-59e6-a37f-dc61b92e14fc', 2, '84e507bd-2c61-5fe1-82e4-837365281697', '00000000-0000-0000-0000-0000000000a1', 'ffe0fde1-151b-53d1-b4c1-16bbb08eaee2', 'Boys', 'Group III', 'seeded', '0c5c29d3-9723-59ef-954c-175084c13286'),
  ('63b50734-8bd4-55ed-b86c-59155eab0a0c', 'bbe02c24-71f2-59e6-a37f-dc61b92e14fc', 3, '687aac15-5b33-51f3-8ebd-777e02a3880e', '9e5798ac-57e7-543f-be64-1e9776770a2b', 'ffe0fde1-151b-53d1-b4c1-16bbb08eaee2', 'Boys', 'Group III', 'seeded', '1c6c150e-f737-5254-bfe4-985681e045c5'),
  ('b5c3c1af-daf2-52bc-8d69-13b0bdd5dd6d', 'bbe02c24-71f2-59e6-a37f-dc61b92e14fc', 4, '7c0fe704-4492-5949-b432-1c6c062c7b12', '0ac41011-9d57-5ba2-9556-7590a8be8268', 'ffe0fde1-151b-53d1-b4c1-16bbb08eaee2', 'Boys', 'Group III', 'seeded', 'b82b7a6a-e967-5148-a0f9-7e3f12d6a605'),
  ('ace982cd-550d-58eb-abc6-95d2408cf730', 'bbe02c24-71f2-59e6-a37f-dc61b92e14fc', 5, '6aa433b8-d8ed-53f6-bcad-5defa2928035', '31f274c3-f759-5c45-a8e2-ea9280942a31', 'ffe0fde1-151b-53d1-b4c1-16bbb08eaee2', 'Boys', 'Group III', 'seeded', '9e91d9eb-d440-5d71-8bc9-499973428dea'),
  ('2c8d7cb6-b55f-5267-aa1b-85980e982ad0', 'bbe02c24-71f2-59e6-a37f-dc61b92e14fc', 6, 'd288331f-c736-55d2-abc0-63bd14f97496', '344b1543-dc60-5de6-a9fb-9ebbcde0d396', 'ffe0fde1-151b-53d1-b4c1-16bbb08eaee2', 'Boys', 'Group III', 'seeded', '0ca06dfc-df18-5ecc-bf7c-b429d2bff410'),
  ('f3a6039d-7ea6-508d-aabe-e0d47b28b568', 'bbe02c24-71f2-59e6-a37f-dc61b92e14fc', 7, '75934c54-59a5-5a48-ac62-852055c32cd8', 'b853f2f0-09a5-5287-adf4-c2cd3385e5f2', 'ffe0fde1-151b-53d1-b4c1-16bbb08eaee2', 'Boys', 'Group III', 'seeded', '0a8970f3-8b31-5dc1-b3fa-76406cf18492'),
  ('c4b68ccb-d747-5c2f-b433-93f6bba84a83', 'bbe02c24-71f2-59e6-a37f-dc61b92e14fc', 8, '033bce07-2146-53c0-8142-3452e466d4c4', 'bab3c4d4-7f1f-59e5-b05d-a4f543c06cfb', 'ffe0fde1-151b-53d1-b4c1-16bbb08eaee2', 'Boys', 'Group III', 'seeded', 'a7188e9b-58ed-55c2-b46a-d2cbf3c4e317'),
  ('772913da-b914-5ddf-be19-f7ffed72ac3c', '4e13cf26-fc22-5977-a527-d98c5db80a4d', 1, '93ff0758-f575-552a-97bb-1a0a20b01bcb', '344b1543-dc60-5de6-a9fb-9ebbcde0d396', 'ffe0fde1-151b-53d1-b4c1-16bbb08eaee2', 'Boys', 'Group III', 'seeded', 'f897c983-5042-5e95-9790-d90fc2ef65dc'),
  ('a00b9e9b-e84f-5a01-9570-3f049b8f164a', '4e13cf26-fc22-5977-a527-d98c5db80a4d', 2, '27aa0913-901d-5f94-88a8-19483bfb4a54', '8204b741-70c6-5870-8811-971a3166ce18', 'ffe0fde1-151b-53d1-b4c1-16bbb08eaee2', 'Boys', 'Group III', 'seeded', '0882885d-5ba5-530d-816a-756e1c487fc3'),
  ('47e9a209-96e9-534b-b328-c3355017b241', '4e13cf26-fc22-5977-a527-d98c5db80a4d', 3, '5cc63c78-eb92-5dc5-aba7-962b24b34b50', 'cf00c520-cf02-55ea-8867-f02644ec8045', 'ffe0fde1-151b-53d1-b4c1-16bbb08eaee2', 'Boys', 'Group III', 'seeded', '71d745f4-cff0-5048-a602-d0f914684319'),
  ('2a3971c3-e4d5-5a73-ae5e-4e2021a5f0c8', '4e13cf26-fc22-5977-a527-d98c5db80a4d', 4, '7c7f789e-22b8-5f10-9731-91030a6303d4', 'b86ceb48-7de2-5c75-a592-f977deb318a3', 'ffe0fde1-151b-53d1-b4c1-16bbb08eaee2', 'Boys', 'Group III', 'seeded', '4e2a9905-6cc4-572d-b04d-6a1a514abb7f'),
  ('7a20682d-3e9c-5d8e-b50d-14d0d0385eda', '4e13cf26-fc22-5977-a527-d98c5db80a4d', 5, '3230dcae-c68c-5dd2-bcf4-ff81a941714c', '00000000-0000-0000-0000-0000000000a1', 'ffe0fde1-151b-53d1-b4c1-16bbb08eaee2', 'Boys', 'Group III', 'seeded', '76d201d8-1828-5c19-a63d-1f91f2d1f416'),
  ('69c531db-004e-5a63-b909-4ac9ff75ef6b', '4e13cf26-fc22-5977-a527-d98c5db80a4d', 6, 'b2142399-91a4-5a34-909a-df5a135b747c', '8d4059b5-a1e4-52f4-b162-4cb8bf91f4e6', 'ffe0fde1-151b-53d1-b4c1-16bbb08eaee2', 'Boys', 'Group III', 'seeded', 'b85843c7-1675-5a5c-b9d2-29a21b4fd61d'),
  ('78280452-da0a-5d13-a82e-02cb9cd86332', '4e13cf26-fc22-5977-a527-d98c5db80a4d', 7, '7da83d88-7bb0-5690-a63f-d8fd95164ed7', '344b1543-dc60-5de6-a9fb-9ebbcde0d396', 'ffe0fde1-151b-53d1-b4c1-16bbb08eaee2', 'Boys', 'Group III', 'seeded', '9b88ba21-83c9-5f44-9a4b-29e11605e268'),
  ('335ca7e7-ba2c-5079-a813-56c368024687', '4e13cf26-fc22-5977-a527-d98c5db80a4d', 8, '02908c6a-6326-5afb-be23-a122d8052ce2', '344b1543-dc60-5de6-a9fb-9ebbcde0d396', 'ffe0fde1-151b-53d1-b4c1-16bbb08eaee2', 'Boys', 'Group III', 'seeded', '8091a3b8-5b95-5062-b758-d8b5034fa72f'),
  ('507c49a4-bcfd-56fd-b9aa-8d031ae53792', '4108320d-12ee-5dd5-a472-c3d76aebb493', 1, 'f3c60f11-4303-52f3-bd81-2ba4f8ca0b2e', '93741827-dfe5-532f-b651-6f5066cae0d5', 'ffe0fde1-151b-53d1-b4c1-16bbb08eaee2', 'Boys', 'Group III', 'seeded', '63b7a049-a42a-5706-a323-82da32829308'),
  ('b272cc75-2c64-513a-bbef-6c9c5bff6603', '4108320d-12ee-5dd5-a472-c3d76aebb493', 2, '92921111-ba6d-5985-85dc-451db43173ec', '400970ce-f5dc-5ba0-bd5e-028700a78e15', 'ffe0fde1-151b-53d1-b4c1-16bbb08eaee2', 'Boys', 'Group III', 'seeded', '920582fb-c503-54e1-93c4-35997bd27151'),
  ('e5ec0d42-44a0-56ff-aef3-080c3b1044c1', '4108320d-12ee-5dd5-a472-c3d76aebb493', 3, 'cf881279-2faf-5847-aec0-6462f9085cbd', '520633dd-1fc6-57f7-a2a8-29cfebf61e27', 'ffe0fde1-151b-53d1-b4c1-16bbb08eaee2', 'Boys', 'Group III', 'seeded', '6ed5b034-9589-59c0-8bd0-a0a2f6153011'),
  ('8f4ecafa-3f90-54c8-b23b-86c3104d3e7b', '4108320d-12ee-5dd5-a472-c3d76aebb493', 4, '1349aa89-7693-5603-acb2-00110f885386', 'e85bf284-fd8f-5e64-b555-c134fef0064e', 'ffe0fde1-151b-53d1-b4c1-16bbb08eaee2', 'Boys', 'Group III', 'seeded', '0de399f3-4563-5a21-b04e-0c4b3275f114'),
  ('63b39023-e9dd-5dda-806f-a798139cb3c7', '4108320d-12ee-5dd5-a472-c3d76aebb493', 5, 'c2af572b-6d92-5ad7-89ad-9755ff03d574', 'b86ceb48-7de2-5c75-a592-f977deb318a3', 'ffe0fde1-151b-53d1-b4c1-16bbb08eaee2', 'Boys', 'Group III', 'seeded', '82386eb4-0a65-50fa-8d81-bdc361ff875c'),
  ('2b3cd572-f6b9-5f50-be47-621562ca7afe', '4108320d-12ee-5dd5-a472-c3d76aebb493', 6, '3e36fc26-af64-549f-8028-b7515602e4b4', 'e85bf284-fd8f-5e64-b555-c134fef0064e', 'ffe0fde1-151b-53d1-b4c1-16bbb08eaee2', 'Boys', 'Group III', 'seeded', '324015b8-8132-53d4-b19d-e5801d6f1d94'),
  ('940b226d-e36d-5bff-9652-3a00cdfed082', '4108320d-12ee-5dd5-a472-c3d76aebb493', 7, 'a1b91c6a-3a2f-54d6-b9d6-56d73986dfdc', '344b1543-dc60-5de6-a9fb-9ebbcde0d396', 'ffe0fde1-151b-53d1-b4c1-16bbb08eaee2', 'Boys', 'Group III', 'seeded', 'ebf9c9e4-d6dd-5ae3-9f62-12b6c00e48ba'),
  ('19398450-265e-58c1-ae6b-f1b21bb4604c', '4108320d-12ee-5dd5-a472-c3d76aebb493', 8, '09aecf7e-4a79-5070-96e0-2f826275e2ef', 'b86ceb48-7de2-5c75-a592-f977deb318a3', 'ffe0fde1-151b-53d1-b4c1-16bbb08eaee2', 'Boys', 'Group III', 'seeded', '7179bf14-daed-5ef0-9298-bcb3a7a2a503'),
  ('e7241372-345a-52ba-87d7-8a756b9fc591', 'a5b777cd-0f43-5cb6-8f61-b6f27365d1b0', 2, 'fac6a903-c0dc-54db-8b86-5dcfa35633ab', '8204b741-70c6-5870-8811-971a3166ce18', 'ac961c0c-9e78-5eed-a084-cd5490a054fa', 'Girls', 'Group III', 'seeded', 'a7e7330c-5503-557b-82e0-387c805d60c2'),
  ('d96621f9-3efb-575b-a35f-b7174f1b52ef', 'a5b777cd-0f43-5cb6-8f61-b6f27365d1b0', 3, 'e8f25d09-1908-5fcf-84bc-1aec044955e7', 'ed88d3bc-c065-5209-9304-730080420f1e', 'ac961c0c-9e78-5eed-a084-cd5490a054fa', 'Girls', 'Group III', 'seeded', '3db65f84-6e2e-5917-8854-63f96d8a69f1'),
  ('5496e9af-625d-592a-aabe-d8627928da11', 'a5b777cd-0f43-5cb6-8f61-b6f27365d1b0', 4, '824065b3-6294-570c-baaf-6fd4b03c8fb4', '40f21282-0ed9-5061-91b0-2b7320fa6cb7', 'ac961c0c-9e78-5eed-a084-cd5490a054fa', 'Girls', 'Group III', 'seeded', '9671e05e-1ae0-5407-b8a3-b4c15a4747d8'),
  ('495344d2-f8c8-5cea-bdb7-115adf7ce4d0', 'a5b777cd-0f43-5cb6-8f61-b6f27365d1b0', 5, 'fd294fb2-5cbc-5400-9f0e-bc4a3600410d', '8204b741-70c6-5870-8811-971a3166ce18', 'ac961c0c-9e78-5eed-a084-cd5490a054fa', 'Girls', 'Group III', 'seeded', '3a32b0fb-f84e-5851-bc8b-e13e62c4374a'),
  ('7ee5d023-625b-501d-a7bc-9dd6d4035f75', 'a5b777cd-0f43-5cb6-8f61-b6f27365d1b0', 6, '10a0b99b-7a54-5cab-a818-587c2892628d', '344b1543-dc60-5de6-a9fb-9ebbcde0d396', 'ac961c0c-9e78-5eed-a084-cd5490a054fa', 'Girls', 'Group III', 'seeded', 'ceca9b43-5592-5978-94c8-5646f98c39bd'),
  ('04c6c3a6-a597-5ebb-bfd1-2b8def061eda', '9732f1be-5778-5f0f-a9c2-183e8fdc9393', 1, '0d0b536e-02bd-51a9-bffa-08e4f3560e82', '00000000-0000-0000-0000-0000000000a1', 'ac961c0c-9e78-5eed-a084-cd5490a054fa', 'Girls', 'Group III', 'seeded', 'f96d511c-951c-51d8-b526-f72301ae9daf'),
  ('5b8dac6f-d99d-595b-9cd4-0d3d33d30537', '9732f1be-5778-5f0f-a9c2-183e8fdc9393', 2, 'e930f745-bbad-5a88-a3de-8bd752c8481d', '46c94418-9915-5783-a9dd-2dcfdd21920b', 'ac961c0c-9e78-5eed-a084-cd5490a054fa', 'Girls', 'Group III', 'seeded', '643c6df4-b157-5543-9886-22d933b80954'),
  ('32110b11-17b2-5612-a730-1dd66abb6508', '9732f1be-5778-5f0f-a9c2-183e8fdc9393', 3, '51a5ab70-d013-57da-9e52-356a87b93ccb', '0ac41011-9d57-5ba2-9556-7590a8be8268', 'ac961c0c-9e78-5eed-a084-cd5490a054fa', 'Girls', 'Group III', 'seeded', '61a38d52-1be4-5552-b5bc-dd737edcad53'),
  ('ff07ba0e-f761-566e-8c27-80b66e7fc507', '9732f1be-5778-5f0f-a9c2-183e8fdc9393', 4, '2cb4d646-060e-5bc5-90b0-032c305b393e', 'a52a36ca-9b28-58cd-af06-95d9672a956c', 'ac961c0c-9e78-5eed-a084-cd5490a054fa', 'Girls', 'Group III', 'seeded', 'd540a971-81f3-582c-994d-9c6084af1ce8'),
  ('fec242ca-2f11-5a4c-911f-d9f8037256bb', '9732f1be-5778-5f0f-a9c2-183e8fdc9393', 5, '5c84b73b-2c40-5dcf-a029-8c6775165271', '04905c31-5d73-5cb9-91af-0dabc5ba572a', 'ac961c0c-9e78-5eed-a084-cd5490a054fa', 'Girls', 'Group III', 'seeded', '1b56d215-86f7-5b5b-9b88-d226cdfd0306'),
  ('12c404e0-46dc-5976-8434-fdb7448e3bfa', '9732f1be-5778-5f0f-a9c2-183e8fdc9393', 6, '4760739f-5797-5424-8f87-95171a207a09', '344b1543-dc60-5de6-a9fb-9ebbcde0d396', 'ac961c0c-9e78-5eed-a084-cd5490a054fa', 'Girls', 'Group III', 'seeded', 'ad5f4331-c230-5456-8941-1d5e98a9de21'),
  ('b02278ec-ad3f-5005-a9ac-7ff6bcf52772', '9732f1be-5778-5f0f-a9c2-183e8fdc9393', 7, 'f8e8de99-791d-57f5-8543-dad14cfc884e', '3b30b256-e903-5043-937c-4d5667cbff47', 'ac961c0c-9e78-5eed-a084-cd5490a054fa', 'Girls', 'Group III', 'seeded', '8278c727-8839-5128-8e95-a0d085071a9e'),
  ('a1b93e90-fb4e-5bb8-9c6e-81a930ce5069', '9732f1be-5778-5f0f-a9c2-183e8fdc9393', 8, '7645bccf-dd40-5d55-b06f-58c219e675bf', 'cf00c520-cf02-55ea-8867-f02644ec8045', 'ac961c0c-9e78-5eed-a084-cd5490a054fa', 'Girls', 'Group III', 'seeded', '2191f081-b8d5-562b-9bf1-b6eebbf10391'),
  ('db9f99d6-311c-5a2a-affa-ee2b12e83cda', '31a558e2-38a3-5242-a338-ebf3e06c9371', 2, '2fc14880-779a-5eca-a02f-b59e80b5f8ec', '00000000-0000-0000-0000-0000000000a1', 'd1ec44b0-a127-5413-9df9-f58c43d3826c', 'Boys', 'Group IV', 'seeded', 'f1ae97f3-fb3a-5196-b756-622c3c99b1ee'),
  ('12cfa4f2-485f-5396-a0c1-5bb669b2329a', '31a558e2-38a3-5242-a338-ebf3e06c9371', 3, 'd4cccd78-084e-5425-8db3-2ab42de459bf', '3c2885d6-c220-5920-b054-765a2c1e85d5', 'd1ec44b0-a127-5413-9df9-f58c43d3826c', 'Boys', 'Group IV', 'seeded', 'b7e239ba-8bef-535a-aede-91cc353f127f'),
  ('3664769f-10ed-5268-8e99-9d3a9d6187d4', '31a558e2-38a3-5242-a338-ebf3e06c9371', 4, 'fa2628a8-3fcd-5d26-ba0d-b7aae2cba8ed', '00000000-0000-0000-0000-0000000000a1', 'd1ec44b0-a127-5413-9df9-f58c43d3826c', 'Boys', 'Group IV', 'seeded', '127fe90f-1057-50d1-8dc0-f678da8245d2'),
  ('1f48f120-24bf-510c-8b81-e6c31604b93c', '31a558e2-38a3-5242-a338-ebf3e06c9371', 5, '3a198d5f-3159-513d-820f-778223c34a82', '6b73903d-b78d-5234-99fd-656a92625764', 'd1ec44b0-a127-5413-9df9-f58c43d3826c', 'Boys', 'Group IV', 'seeded', '7fdfa435-ea24-5001-96e9-ab9a29b7c464'),
  ('a72c3a6d-f635-5617-895e-f74d2c0b1c5a', '31a558e2-38a3-5242-a338-ebf3e06c9371', 6, '8603dd51-62fe-5b66-a00f-6b784a96b85b', '344b1543-dc60-5de6-a9fb-9ebbcde0d396', 'd1ec44b0-a127-5413-9df9-f58c43d3826c', 'Boys', 'Group IV', 'seeded', '6622c65a-44a7-584f-9586-8037f4d7046f'),
  ('16965bb4-6b7d-57a4-8ea1-3304f50b465a', '14daf676-2031-5e64-b975-d59fa18e6973', 1, '57ad7b24-ff7a-54b3-bfe1-3969afd90635', '04905c31-5d73-5cb9-91af-0dabc5ba572a', 'd1ec44b0-a127-5413-9df9-f58c43d3826c', 'Boys', 'Group IV', 'seeded', '7ad9f69a-efdb-5c66-87bf-18ba50e98b0a'),
  ('0c66b200-1285-55eb-aab1-042aa7eb9042', '14daf676-2031-5e64-b975-d59fa18e6973', 2, '7f312be8-125b-5996-9624-31456db44a76', '344b1543-dc60-5de6-a9fb-9ebbcde0d396', 'd1ec44b0-a127-5413-9df9-f58c43d3826c', 'Boys', 'Group IV', 'seeded', '0beb4131-cf63-571b-b22b-7042ca2cc49d'),
  ('279c8935-0b20-545e-bbfe-ac3f6f7ead32', '14daf676-2031-5e64-b975-d59fa18e6973', 3, 'e260086f-384d-5d4c-86de-dc0f1e692a29', '8c61fec8-40e9-572f-8ebd-4290dbdffbec', 'd1ec44b0-a127-5413-9df9-f58c43d3826c', 'Boys', 'Group IV', 'seeded', '292b9ecd-df23-5a25-b15c-fabed1607cd0'),
  ('74a613c7-99bc-5dde-b55f-968d93e95fb1', '14daf676-2031-5e64-b975-d59fa18e6973', 4, '1ca78bdc-edd2-5728-93d7-c8f74357b501', '344b1543-dc60-5de6-a9fb-9ebbcde0d396', 'd1ec44b0-a127-5413-9df9-f58c43d3826c', 'Boys', 'Group IV', 'seeded', 'acede654-8279-5519-ad9e-8e52d43a9528'),
  ('ec825fcb-9e53-541b-88a4-b05a927c66d8', '14daf676-2031-5e64-b975-d59fa18e6973', 5, '01bdfddf-c0a9-5017-8b02-f73409adc566', '344b1543-dc60-5de6-a9fb-9ebbcde0d396', 'd1ec44b0-a127-5413-9df9-f58c43d3826c', 'Boys', 'Group IV', 'seeded', '4bb5e28d-ba44-5cb8-a63a-5e08c277f72b'),
  ('78a99df8-118f-5468-9d26-82c8bd7f71db', '14daf676-2031-5e64-b975-d59fa18e6973', 6, 'eff1f56c-74f1-517d-848a-1fd223d20ba2', '7e8a6d53-4cc9-56c0-9892-437ca4607269', 'd1ec44b0-a127-5413-9df9-f58c43d3826c', 'Boys', 'Group IV', 'seeded', '6dd05a46-1137-5c04-9921-d0434e142ebf'),
  ('80a6f46c-e584-52f6-8cd2-5a84ab5736ba', '14daf676-2031-5e64-b975-d59fa18e6973', 7, 'a97de180-d5d7-52e4-9a14-e95b47d85c34', '344b1543-dc60-5de6-a9fb-9ebbcde0d396', 'd1ec44b0-a127-5413-9df9-f58c43d3826c', 'Boys', 'Group IV', 'seeded', 'ff55a59d-c476-5fa7-a1a2-164d5b8a18ca'),
  ('a3087c47-7bad-5e8e-ba72-a39719b3fecf', '14daf676-2031-5e64-b975-d59fa18e6973', 8, '111925af-ffa6-53c2-afc1-eeafde8d544c', '4c684b5a-5ac6-53ee-a81e-980f4080f0fb', 'd1ec44b0-a127-5413-9df9-f58c43d3826c', 'Boys', 'Group IV', 'seeded', 'd673301f-b8d3-5d5c-95b9-0cd86983d5aa'),
  ('16bd943d-a4d0-5048-92ee-f8f7bded168b', 'e14c1780-57c6-5baf-8d35-17086b18995c', 1, 'c08e7e69-42a2-5b61-ab8a-7ca2b9269a24', '8c61fec8-40e9-572f-8ebd-4290dbdffbec', 'd1ec44b0-a127-5413-9df9-f58c43d3826c', 'Boys', 'Group IV', 'seeded', '212979f0-2a0b-5f93-9875-e55e2a0d3502'),
  ('c9d698fd-b73f-57dd-8d26-a40b2f657648', 'e14c1780-57c6-5baf-8d35-17086b18995c', 2, 'c7bceb9f-6528-5bcc-b416-b9c527b10a6b', '9e5798ac-57e7-543f-be64-1e9776770a2b', 'd1ec44b0-a127-5413-9df9-f58c43d3826c', 'Boys', 'Group IV', 'seeded', 'e6c72e19-5691-5bd5-b4ad-0d1aa30cd662'),
  ('5a1af62b-f745-5069-9325-705c00b44d0a', 'e14c1780-57c6-5baf-8d35-17086b18995c', 3, '0736218a-3870-5846-b54c-38eb3174fb64', 'fdac6f26-1309-55d6-9904-0e8d7d434cb5', 'd1ec44b0-a127-5413-9df9-f58c43d3826c', 'Boys', 'Group IV', 'seeded', 'b1407ade-9d07-5d8f-8db4-3a35707cf15e'),
  ('18430587-f0bc-523f-8dcf-d96dcf402df8', 'e14c1780-57c6-5baf-8d35-17086b18995c', 4, 'aea9379f-e305-5484-bbc2-35250c6c8ff4', '7e8a6d53-4cc9-56c0-9892-437ca4607269', 'd1ec44b0-a127-5413-9df9-f58c43d3826c', 'Boys', 'Group IV', 'seeded', 'de6f8ac5-75b4-5e42-8e73-f7a968dacd18'),
  ('18e60e75-b828-5cef-82f0-429f5c707666', 'e14c1780-57c6-5baf-8d35-17086b18995c', 5, 'bbb916e1-4883-5691-ba14-ec3e9b20e721', '90bc6fdc-ac29-5a0a-b021-46d4901dcf3f', 'd1ec44b0-a127-5413-9df9-f58c43d3826c', 'Boys', 'Group IV', 'seeded', 'ef57ee7a-b93d-5be5-8e23-16f6cc1577ee'),
  ('dd2253be-9fba-5e5c-bddc-175b4809e195', 'e14c1780-57c6-5baf-8d35-17086b18995c', 6, '79170212-ed2f-5b2e-b3b5-6f41d0c0d0d9', '00000000-0000-0000-0000-0000000000a1', 'd1ec44b0-a127-5413-9df9-f58c43d3826c', 'Boys', 'Group IV', 'seeded', 'd17106ad-a829-5d42-af7b-615f822768ce'),
  ('07d6b22d-251c-5589-911b-9a1c245f741d', 'e14c1780-57c6-5baf-8d35-17086b18995c', 7, '93bee891-3199-5373-a230-6ed030593800', '8598a84d-d95a-587a-b1fd-d5c6a9ae9d39', 'd1ec44b0-a127-5413-9df9-f58c43d3826c', 'Boys', 'Group IV', 'seeded', 'c6070708-453f-52c3-a850-b9abf6275a4e'),
  ('0a2c4a45-3a1f-545e-a5d4-7e6094f9fbce', 'e14c1780-57c6-5baf-8d35-17086b18995c', 8, '02a4674f-bbe3-5996-ae21-d51469202dce', '7e8a6d53-4cc9-56c0-9892-437ca4607269', 'd1ec44b0-a127-5413-9df9-f58c43d3826c', 'Boys', 'Group IV', 'seeded', '373cb83f-5500-5b09-9c3b-d0c6c97f91f3'),
  ('f6b73842-8f25-574b-9cae-054482632ab8', 'e3a06f34-7c01-5709-b7b2-0d4f191d1910', 1, '62652b4f-03e6-59cf-ab53-48374b41cd57', '1021a26a-0b00-597a-8cbc-ff36e5d9c769', 'd1ec44b0-a127-5413-9df9-f58c43d3826c', 'Boys', 'Group IV', 'seeded', '312a56c1-a629-57b5-a30f-52b6ef36586f'),
  ('952e8069-feca-5091-893c-81bbec9022de', 'e3a06f34-7c01-5709-b7b2-0d4f191d1910', 2, '7da30f21-1f48-5f2a-bc3f-3cc74bc38b58', '6b73903d-b78d-5234-99fd-656a92625764', 'd1ec44b0-a127-5413-9df9-f58c43d3826c', 'Boys', 'Group IV', 'seeded', '197da17e-6cf8-51b8-be9a-f073d8392aa6'),
  ('2cacac62-4ac1-50b2-8568-a30a13f07400', 'e3a06f34-7c01-5709-b7b2-0d4f191d1910', 3, '0cb87c9b-d38b-5c4c-a3c7-382440d3db38', '4c684b5a-5ac6-53ee-a81e-980f4080f0fb', 'd1ec44b0-a127-5413-9df9-f58c43d3826c', 'Boys', 'Group IV', 'seeded', 'c938aa90-2d8c-5ce3-bc90-0ea9a1a9cf7b'),
  ('817f0226-df95-57f9-b67b-d7f4c1423b89', 'e3a06f34-7c01-5709-b7b2-0d4f191d1910', 4, 'de878340-be4f-53ea-a766-fe856c0f4791', '04905c31-5d73-5cb9-91af-0dabc5ba572a', 'd1ec44b0-a127-5413-9df9-f58c43d3826c', 'Boys', 'Group IV', 'seeded', 'dcc76f23-14c1-5444-8105-8cb48182e173'),
  ('655f1345-0d72-5dad-b2db-ceabc8549e17', 'e3a06f34-7c01-5709-b7b2-0d4f191d1910', 5, '35a0345e-0e55-5aa4-a04c-3a7309fc1644', '38cffb0c-b54b-5b8a-8818-be2badc923dd', 'd1ec44b0-a127-5413-9df9-f58c43d3826c', 'Boys', 'Group IV', 'seeded', 'd288bba6-ebda-58b3-b760-ed22685ccf06'),
  ('15805b77-d3a1-5ba3-8603-7c52719b8c41', 'e3a06f34-7c01-5709-b7b2-0d4f191d1910', 6, '2d6f5dc3-a170-500a-bcc9-81c7ecd8ded0', 'cf00c520-cf02-55ea-8867-f02644ec8045', 'd1ec44b0-a127-5413-9df9-f58c43d3826c', 'Boys', 'Group IV', 'seeded', '4acd6c60-48df-5785-aea7-3695f91f9a51'),
  ('8f45fa34-85c3-56e3-8992-9360655a356a', 'e3a06f34-7c01-5709-b7b2-0d4f191d1910', 7, 'fd6b595e-3222-50d1-81cf-d931facd957d', '344b1543-dc60-5de6-a9fb-9ebbcde0d396', 'd1ec44b0-a127-5413-9df9-f58c43d3826c', 'Boys', 'Group IV', 'seeded', '36b92556-68e2-5e12-ab39-a5d875cd5e85'),
  ('d810f545-dda1-5181-b52a-ba89730d4df7', 'e3a06f34-7c01-5709-b7b2-0d4f191d1910', 8, '68bca9d6-4de0-5646-9d84-5629ffcfc46c', '7469bc80-fd06-5028-8033-aeb9008a4507', 'd1ec44b0-a127-5413-9df9-f58c43d3826c', 'Boys', 'Group IV', 'seeded', 'bdfa8314-3a41-586e-a889-282d2f977d65'),
  ('60bc0e1a-158d-5195-bdda-872fdaa84f87', 'bdb7fbae-69e3-52ef-a4bf-139be9fab64d', 1, '37cd7928-356f-5aeb-8cd7-4e9ed41dd26f', '4c684b5a-5ac6-53ee-a81e-980f4080f0fb', 'd1ec44b0-a127-5413-9df9-f58c43d3826c', 'Boys', 'Group IV', 'seeded', '202c9e94-0adb-5a1f-a9e3-899483f8f68d'),
  ('ddeee676-da33-53e3-8390-3e13be7cd31e', 'bdb7fbae-69e3-52ef-a4bf-139be9fab64d', 2, '86969d12-3ff1-584a-a978-d845c16eec0d', '7e8a6d53-4cc9-56c0-9892-437ca4607269', 'd1ec44b0-a127-5413-9df9-f58c43d3826c', 'Boys', 'Group IV', 'seeded', '6780a53d-eadb-575d-a5c3-223082ab3c73'),
  ('b2845a86-21e9-549a-a364-6a4d5e1e52bf', 'bdb7fbae-69e3-52ef-a4bf-139be9fab64d', 3, 'dbdc36a8-4cc6-5e9f-9809-9139c87a1761', 'e85bf284-fd8f-5e64-b555-c134fef0064e', 'd1ec44b0-a127-5413-9df9-f58c43d3826c', 'Boys', 'Group IV', 'seeded', '665e847e-c558-55f3-be04-b8cb6508040b'),
  ('24f2a41c-9c1c-5686-9b59-c156187b492c', 'bdb7fbae-69e3-52ef-a4bf-139be9fab64d', 4, '515a3b8d-bae8-5776-b4d1-62fe66bf7038', 'e85bf284-fd8f-5e64-b555-c134fef0064e', 'd1ec44b0-a127-5413-9df9-f58c43d3826c', 'Boys', 'Group IV', 'seeded', '69a3d483-ee2f-50df-a79f-c2949a1a452a'),
  ('58910d40-33e3-55c7-8c2b-12210cf299a7', 'bdb7fbae-69e3-52ef-a4bf-139be9fab64d', 5, 'c3655fea-aaa2-5efc-a0f6-59f18deec94a', '9e5798ac-57e7-543f-be64-1e9776770a2b', 'd1ec44b0-a127-5413-9df9-f58c43d3826c', 'Boys', 'Group IV', 'seeded', '4b9c2237-f936-556e-a4ea-ec7bae9cc008'),
  ('8cee8aba-d2ff-51fb-b4da-3ab56782cfdf', 'bdb7fbae-69e3-52ef-a4bf-139be9fab64d', 6, '6fafa0e0-1a78-5a30-a653-891d7e7001e4', '520633dd-1fc6-57f7-a2a8-29cfebf61e27', 'd1ec44b0-a127-5413-9df9-f58c43d3826c', 'Boys', 'Group IV', 'seeded', '3bd01f9b-d67a-528d-bd9b-345ced0d7174'),
  ('2bb40536-29c8-56e4-8d30-015ba4ab50a5', 'bdb7fbae-69e3-52ef-a4bf-139be9fab64d', 7, 'dfde83de-1101-553b-a73a-4d7be8d9547a', '344b1543-dc60-5de6-a9fb-9ebbcde0d396', 'd1ec44b0-a127-5413-9df9-f58c43d3826c', 'Boys', 'Group IV', 'seeded', '327e527f-6262-52b3-b8ee-dfeadd16d401'),
  ('1ddeb6cd-0c5b-5d11-bf21-0be3d240600e', 'bdb7fbae-69e3-52ef-a4bf-139be9fab64d', 8, 'd16dd354-aa67-55f1-aded-8e1fe0e87ef9', '3c2885d6-c220-5920-b054-765a2c1e85d5', 'd1ec44b0-a127-5413-9df9-f58c43d3826c', 'Boys', 'Group IV', 'seeded', '55bbc02e-7962-565d-8923-6869e34770bd'),
  ('e09d7f42-8654-5123-b687-fa424882bc57', '0e5b3523-d152-5488-8546-d673be099ee5', 1, '688cb818-4f8f-536a-b248-08d22130789d', 'e59c8987-4896-5ca7-8de1-3e3732deca8e', 'd1ec44b0-a127-5413-9df9-f58c43d3826c', 'Boys', 'Group IV', 'seeded', '5269b506-3414-5d10-8d41-4db1b3e55803'),
  ('83c94406-fff0-5911-853c-9f37cc9bf3c9', '0e5b3523-d152-5488-8546-d673be099ee5', 2, '4f0b2995-14ef-5f81-b1c1-c49f0cec9825', '344b1543-dc60-5de6-a9fb-9ebbcde0d396', 'd1ec44b0-a127-5413-9df9-f58c43d3826c', 'Boys', 'Group IV', 'seeded', '3253e4bf-655d-572f-a9bf-fe4b5a4255d6'),
  ('8060f6d8-109a-5d24-a813-58c2cd1fe074', '0e5b3523-d152-5488-8546-d673be099ee5', 3, 'c9de9f5a-f840-5bee-afa3-ddd014b3843f', '5b5fdbb8-bd84-53b0-8f08-6f2a79cae3c4', 'd1ec44b0-a127-5413-9df9-f58c43d3826c', 'Boys', 'Group IV', 'seeded', '55ef3a4f-0577-5e57-8272-83e94078ee55'),
  ('6bef9173-b081-59a9-8c7e-6d2d652849bd', '0e5b3523-d152-5488-8546-d673be099ee5', 4, '7685e7ff-b235-564b-89b4-5fef87eb3b59', '7469bc80-fd06-5028-8033-aeb9008a4507', 'd1ec44b0-a127-5413-9df9-f58c43d3826c', 'Boys', 'Group IV', 'seeded', 'a882a6cd-0168-5209-b500-da6867fbc186'),
  ('1a0732a5-b96f-5af1-b57a-df410cc4a32b', '0e5b3523-d152-5488-8546-d673be099ee5', 5, 'b85e94de-3a45-5bd0-acf4-89f907890c51', '344b1543-dc60-5de6-a9fb-9ebbcde0d396', 'd1ec44b0-a127-5413-9df9-f58c43d3826c', 'Boys', 'Group IV', 'seeded', '19808d90-c993-54a7-9dcd-42170dbb7bb2'),
  ('88332a03-eb41-5964-974f-ed65d372df64', '0e5b3523-d152-5488-8546-d673be099ee5', 6, 'b07152e9-5db4-58e5-a1e5-199cf63c09d3', '7469bc80-fd06-5028-8033-aeb9008a4507', 'd1ec44b0-a127-5413-9df9-f58c43d3826c', 'Boys', 'Group IV', 'seeded', '7fdf84b2-f717-5c79-8679-c4c2d5b2965e'),
  ('ce16fcdf-d5e5-548c-af07-ba6c3f5bab10', '0e5b3523-d152-5488-8546-d673be099ee5', 7, '60c19efc-78fe-50b1-919d-ea973e7632df', '344b1543-dc60-5de6-a9fb-9ebbcde0d396', 'd1ec44b0-a127-5413-9df9-f58c43d3826c', 'Boys', 'Group IV', 'seeded', '69507403-5ca7-5eb0-8446-692c30fe0938'),
  ('57ad3aaf-9dd7-5768-91ec-d8f864992a60', '0e5b3523-d152-5488-8546-d673be099ee5', 8, '2eb32a3a-43af-57f5-bf4d-11b5e03d49ed', 'e85bf284-fd8f-5e64-b555-c134fef0064e', 'd1ec44b0-a127-5413-9df9-f58c43d3826c', 'Boys', 'Group IV', 'seeded', '756a0a74-085e-56ea-b36b-deeca99fa654'),
  ('69d5706a-a2b9-5f8f-a666-0a3bdc1a883a', '680fce1f-27a1-5151-b356-5ae807701cd4', 1, 'ef1b4e9d-26c1-5f0c-a17b-9306a673cf95', '00000000-0000-0000-0000-0000000000a1', 'd1ec44b0-a127-5413-9df9-f58c43d3826c', 'Boys', 'Group IV', 'seeded', '292e20ac-b49d-5f8e-800b-b09f34829006'),
  ('565cb5a6-3828-5576-9d04-099ac1279c73', '680fce1f-27a1-5151-b356-5ae807701cd4', 2, '2044b8cc-de47-5da6-8a03-50c8bb983061', '00000000-0000-0000-0000-0000000000a1', 'd1ec44b0-a127-5413-9df9-f58c43d3826c', 'Boys', 'Group IV', 'seeded', 'be1717d3-58d4-5d74-92c7-96407a5d9497'),
  ('46eb829f-4166-58ba-9e27-97eb4854882a', '680fce1f-27a1-5151-b356-5ae807701cd4', 3, '86b00a43-71fa-57f5-b14f-582edd8ccda8', '344b1543-dc60-5de6-a9fb-9ebbcde0d396', 'd1ec44b0-a127-5413-9df9-f58c43d3826c', 'Boys', 'Group IV', 'seeded', '57c3910a-2c44-5274-91ec-f327070cf04a'),
  ('5a4d516c-6c4a-5de9-9b74-0c0f89a7969d', '680fce1f-27a1-5151-b356-5ae807701cd4', 4, 'ebbe6458-a911-53f0-90c6-974ac474ee5b', '04905c31-5d73-5cb9-91af-0dabc5ba572a', 'd1ec44b0-a127-5413-9df9-f58c43d3826c', 'Boys', 'Group IV', 'seeded', '8243e2db-cd41-505f-b314-0df4d2a9dd16'),
  ('6423c777-32fe-5599-bfe8-f0b4e53e7209', '680fce1f-27a1-5151-b356-5ae807701cd4', 5, 'f77012d5-4e35-5029-b2ec-70cad71a13c0', '4c684b5a-5ac6-53ee-a81e-980f4080f0fb', 'd1ec44b0-a127-5413-9df9-f58c43d3826c', 'Boys', 'Group IV', 'seeded', '8e3ffb59-0dcd-54b1-a2c6-433457157c2e'),
  ('77bcf3b8-21fd-521b-9ffb-6f41e0a578f4', '680fce1f-27a1-5151-b356-5ae807701cd4', 6, '97658dab-bc3f-5dc7-8965-6e43276bfe59', '5e3a856f-360a-5982-86ab-e4cbb336fe21', 'd1ec44b0-a127-5413-9df9-f58c43d3826c', 'Boys', 'Group IV', 'seeded', 'cadde681-28a0-53c3-b01e-5e7e9d179501'),
  ('a926be48-925d-5bcd-881d-ac01144ceabc', '680fce1f-27a1-5151-b356-5ae807701cd4', 7, '2267f7b6-8019-5897-8173-f6a6ccff70b7', '3c2885d6-c220-5920-b054-765a2c1e85d5', 'd1ec44b0-a127-5413-9df9-f58c43d3826c', 'Boys', 'Group IV', 'seeded', 'cb826ce7-2ed3-5e58-8043-e24e736c5ad8'),
  ('bd3429b9-d90a-505f-ae21-d3b7dcd8d158', '680fce1f-27a1-5151-b356-5ae807701cd4', 8, 'd40267d2-c7f8-5930-8a75-603a566ac99a', '7e8a6d53-4cc9-56c0-9892-437ca4607269', 'd1ec44b0-a127-5413-9df9-f58c43d3826c', 'Boys', 'Group IV', 'seeded', '8e156534-11f4-5288-8471-bd62b7f06824'),
  ('655255a0-09c3-50be-9653-f10a45cd2cc3', 'bdf18b01-05b2-5023-9e8b-907a114cbdb5', 1, '6da2e1f6-c729-5f19-8648-f43fa306b1b1', '520633dd-1fc6-57f7-a2a8-29cfebf61e27', 'd1ec44b0-a127-5413-9df9-f58c43d3826c', 'Boys', 'Group IV', 'seeded', '93e9f0c1-c594-5e82-a2a0-c70d2f1838c1'),
  ('d4c2a900-6fea-5a82-8d52-08dc2e70e97d', 'bdf18b01-05b2-5023-9e8b-907a114cbdb5', 2, '21b7518c-2230-5193-9604-fa6391bc6330', '344b1543-dc60-5de6-a9fb-9ebbcde0d396', 'd1ec44b0-a127-5413-9df9-f58c43d3826c', 'Boys', 'Group IV', 'seeded', 'daf2d386-11a3-54be-9910-2278933ff984'),
  ('4251cd7a-85eb-53b8-8acd-838b8f37682a', 'bdf18b01-05b2-5023-9e8b-907a114cbdb5', 3, '5463b166-527f-579b-964e-d7c140e134ed', 'e85bf284-fd8f-5e64-b555-c134fef0064e', 'd1ec44b0-a127-5413-9df9-f58c43d3826c', 'Boys', 'Group IV', 'seeded', '8f36c355-996d-5ff6-a4d7-d458eaac0797'),
  ('42712338-c1c6-56b7-aab1-e3b8abfec1da', 'bdf18b01-05b2-5023-9e8b-907a114cbdb5', 4, '5eec7dfa-c227-5faf-9244-a2d35037b125', 'bab3c4d4-7f1f-59e5-b05d-a4f543c06cfb', 'd1ec44b0-a127-5413-9df9-f58c43d3826c', 'Boys', 'Group IV', 'seeded', '9ea19baa-cee2-5f82-9378-e80afa4083a9'),
  ('caa50dd0-80e1-52b1-92cc-92231c7534f3', 'bdf18b01-05b2-5023-9e8b-907a114cbdb5', 5, '3ed72a8b-6f64-51c3-8982-28ae0c375790', '3c2885d6-c220-5920-b054-765a2c1e85d5', 'd1ec44b0-a127-5413-9df9-f58c43d3826c', 'Boys', 'Group IV', 'seeded', '76ee6f80-ad83-53b6-965d-6d37b5af85ca'),
  ('ec61ffc3-85c9-5fa4-a9b9-5fac09e67cf5', 'bdf18b01-05b2-5023-9e8b-907a114cbdb5', 6, '2ae54d69-5eed-5fb3-95fa-5a02e35e083d', '9e5798ac-57e7-543f-be64-1e9776770a2b', 'd1ec44b0-a127-5413-9df9-f58c43d3826c', 'Boys', 'Group IV', 'seeded', '85f2342c-c904-5e00-824e-791477fd0b36'),
  ('fd68173c-c176-5025-91f4-b1903ce7dc29', 'bdf18b01-05b2-5023-9e8b-907a114cbdb5', 7, '3986f143-0937-5307-91f6-10d68de42d44', '90bc6fdc-ac29-5a0a-b021-46d4901dcf3f', 'd1ec44b0-a127-5413-9df9-f58c43d3826c', 'Boys', 'Group IV', 'seeded', '61ab5155-eb5e-5a08-929f-0bccb2b53277'),
  ('e14d50f0-58fa-5757-8ba5-f3aaa0bdcbac', 'bdf18b01-05b2-5023-9e8b-907a114cbdb5', 8, '34ba4a39-116d-56d5-91f6-40c61967c354', '344b1543-dc60-5de6-a9fb-9ebbcde0d396', 'd1ec44b0-a127-5413-9df9-f58c43d3826c', 'Boys', 'Group IV', 'seeded', '532c0729-cd50-58b2-a96a-f7e6755213d0'),
  ('12da094d-5caa-5fb2-beac-e9e797109bfd', 'b5cf2bf7-52df-563c-b986-24a0ebe1f417', 1, '3f4552db-ca65-5750-b1c8-338112167928', '8d4059b5-a1e4-52f4-b162-4cb8bf91f4e6', 'd1ec44b0-a127-5413-9df9-f58c43d3826c', 'Boys', 'Group IV', 'seeded', 'f53ace65-dfb9-5945-bc0e-60fafc41c377'),
  ('02a2da20-7eb8-5d53-8aa1-c60f2bc36d8e', 'b5cf2bf7-52df-563c-b986-24a0ebe1f417', 2, 'b999d140-9dca-57ad-aca0-9ca6520c9652', '7469bc80-fd06-5028-8033-aeb9008a4507', 'd1ec44b0-a127-5413-9df9-f58c43d3826c', 'Boys', 'Group IV', 'seeded', '474b2c80-5bfc-54c8-b901-98410c6c26bd'),
  ('c6d0941f-0079-5637-893f-40c60e8282a6', 'b5cf2bf7-52df-563c-b986-24a0ebe1f417', 3, '8cc92262-e6d6-5656-bdac-3ed66ba3e9b2', '1021a26a-0b00-597a-8cbc-ff36e5d9c769', 'd1ec44b0-a127-5413-9df9-f58c43d3826c', 'Boys', 'Group IV', 'seeded', 'c94e99d8-62c0-5fd3-bccb-348ad921bc16'),
  ('93a99960-b1a7-501d-8c03-00b3136a527d', 'b5cf2bf7-52df-563c-b986-24a0ebe1f417', 4, '8831b200-b216-5bd4-ba6d-fdfb086134a8', '6b73903d-b78d-5234-99fd-656a92625764', 'd1ec44b0-a127-5413-9df9-f58c43d3826c', 'Boys', 'Group IV', 'seeded', 'ab739782-eac5-5ca1-94ce-af8691ea5b1c'),
  ('c2df63ff-dfc8-5dbf-835f-4d4dc225ec94', 'b5cf2bf7-52df-563c-b986-24a0ebe1f417', 5, '6f0b192a-2c23-5b5e-905c-76c3997e0243', '9e5798ac-57e7-543f-be64-1e9776770a2b', 'd1ec44b0-a127-5413-9df9-f58c43d3826c', 'Boys', 'Group IV', 'seeded', 'c25a6ada-9ee8-53ae-91dc-b1f99f1e5d2d'),
  ('cb76d647-3427-5706-af9a-7b02dd144234', 'b5cf2bf7-52df-563c-b986-24a0ebe1f417', 6, '80718c14-e5f8-51dc-9d5d-49b430399e86', '8204b741-70c6-5870-8811-971a3166ce18', 'd1ec44b0-a127-5413-9df9-f58c43d3826c', 'Boys', 'Group IV', 'seeded', 'fde712fb-901d-5325-8b6f-4f96dd2ef0bd'),
  ('766d7d5c-f45c-5e5b-8e0a-da3cc8612f71', 'b5cf2bf7-52df-563c-b986-24a0ebe1f417', 7, 'ba4e57bf-53df-5583-b499-05f7599d17bc', '344b1543-dc60-5de6-a9fb-9ebbcde0d396', 'd1ec44b0-a127-5413-9df9-f58c43d3826c', 'Boys', 'Group IV', 'seeded', '5416482f-7e59-521f-a3ed-d1f357fd3940'),
  ('8d399a6d-1d16-5fa3-a23b-17ac31b2b384', 'b5cf2bf7-52df-563c-b986-24a0ebe1f417', 8, '4f52598a-31cb-5061-8ee6-8a017536468e', '7e8a6d53-4cc9-56c0-9892-437ca4607269', 'd1ec44b0-a127-5413-9df9-f58c43d3826c', 'Boys', 'Group IV', 'seeded', '2ace3e21-2c4a-51c9-bb28-909f21d9efb7'),
  ('4e049a16-967b-5a61-bbb5-35aef538ee81', '784a41d2-10af-5ae1-902b-5289d95bca5e', 2, '20d64264-1cd2-5854-854e-a0f111eb241e', '00000000-0000-0000-0000-0000000000a1', '6425a4fd-f000-56ef-b471-b416626db9cf', 'Girls', 'Group IV', 'seeded', 'ef712138-314f-51bd-89e8-852c09d9c0d6'),
  ('cb198835-f55b-59b1-af57-64ef684259ba', '784a41d2-10af-5ae1-902b-5289d95bca5e', 3, 'c2ba720b-7ddf-51cd-93f3-e5148bdd2801', '93741827-dfe5-532f-b651-6f5066cae0d5', '6425a4fd-f000-56ef-b471-b416626db9cf', 'Girls', 'Group IV', 'seeded', '78ac39eb-1a54-55dd-9fb7-c4636f3d6c7e'),
  ('2bf96ab1-71c6-5f37-bc8f-769f34516ef2', '784a41d2-10af-5ae1-902b-5289d95bca5e', 4, 'cf23607d-296d-5d7f-b28d-bacc8fce9812', 'b86ceb48-7de2-5c75-a592-f977deb318a3', '6425a4fd-f000-56ef-b471-b416626db9cf', 'Girls', 'Group IV', 'seeded', '1497ddc2-87f3-55c1-8edc-cf3002cd2738'),
  ('05b3777d-9690-5ed1-b7e1-9b7ef526a5be', '784a41d2-10af-5ae1-902b-5289d95bca5e', 5, '1abc66b2-72a3-5e1d-bfdc-147e3d41fff6', '9e5798ac-57e7-543f-be64-1e9776770a2b', '6425a4fd-f000-56ef-b471-b416626db9cf', 'Girls', 'Group IV', 'seeded', 'e49317c8-8cab-504a-8a66-5e8adbe37e9b'),
  ('6dbe2885-64c4-5b76-bb08-95894172d2de', '784a41d2-10af-5ae1-902b-5289d95bca5e', 6, 'd5f109f3-7a9a-5ea3-8931-b09b6ce049ad', '7e8a6d53-4cc9-56c0-9892-437ca4607269', '6425a4fd-f000-56ef-b471-b416626db9cf', 'Girls', 'Group IV', 'seeded', '801472db-6196-576b-a301-8cdeda633eae'),
  ('646ad70c-6853-5753-9142-036b7c07c728', '7d7212ae-b424-5201-83b4-7c2afbbde109', 1, 'd35c545a-6d25-56fa-aa63-dd3555b83c28', '9e5798ac-57e7-543f-be64-1e9776770a2b', '6425a4fd-f000-56ef-b471-b416626db9cf', 'Girls', 'Group IV', 'seeded', 'b6f8e4ed-6273-529c-b1cf-563417305322'),
  ('a1addab8-ab17-572c-a649-10a327df69e8', '7d7212ae-b424-5201-83b4-7c2afbbde109', 2, '03fa6304-fdb2-5d9d-bbb2-d32ca1f44efe', '4d9d1e27-c5d6-555b-880c-71593ea1291a', '6425a4fd-f000-56ef-b471-b416626db9cf', 'Girls', 'Group IV', 'seeded', '6de968a3-4576-5d1a-b763-80adf6f7356f'),
  ('60fe16c3-3b18-5bdf-8a4d-c1417918e975', '7d7212ae-b424-5201-83b4-7c2afbbde109', 3, '99604537-339a-54e9-9620-d3fd8ca32563', 'e85bf284-fd8f-5e64-b555-c134fef0064e', '6425a4fd-f000-56ef-b471-b416626db9cf', 'Girls', 'Group IV', 'seeded', '720880ba-a129-5c42-a18f-7d331bfb0c50'),
  ('77c9a7cf-6ffa-51e4-a512-4c34a6facccb', '7d7212ae-b424-5201-83b4-7c2afbbde109', 4, '80759fdf-8596-5930-9feb-65ccddcb8b41', '344b1543-dc60-5de6-a9fb-9ebbcde0d396', '6425a4fd-f000-56ef-b471-b416626db9cf', 'Girls', 'Group IV', 'seeded', '08d33f5e-b963-588b-a577-2c0dae632275'),
  ('9f1bc39e-7193-5cc8-a059-84da175e2a28', '7d7212ae-b424-5201-83b4-7c2afbbde109', 5, '219cb82e-20a1-5f57-9706-806b4f79ec0f', '7e8a6d53-4cc9-56c0-9892-437ca4607269', '6425a4fd-f000-56ef-b471-b416626db9cf', 'Girls', 'Group IV', 'seeded', 'bcb7e634-2866-527c-930b-9a23dbe6ab9d'),
  ('88f811ce-aaf4-50a5-8194-65936cefae29', '7d7212ae-b424-5201-83b4-7c2afbbde109', 6, 'bac65724-1d45-5c1c-8045-6eff7abe742a', '00000000-0000-0000-0000-0000000000a1', '6425a4fd-f000-56ef-b471-b416626db9cf', 'Girls', 'Group IV', 'seeded', '5bbea9c3-224b-5c47-bedc-beffa0f36fdb'),
  ('3386af61-8aa2-58cb-9d54-8ebe9a601e27', '7d7212ae-b424-5201-83b4-7c2afbbde109', 7, 'f013b241-d735-5aee-a93c-60094a60d9e2', '8c61fec8-40e9-572f-8ebd-4290dbdffbec', '6425a4fd-f000-56ef-b471-b416626db9cf', 'Girls', 'Group IV', 'seeded', '05239d7a-8481-52cd-a4b0-8a0d5f08f51c'),
  ('d8554eda-a5a1-5045-99a1-86340f4f2286', '7d7212ae-b424-5201-83b4-7c2afbbde109', 8, '7c2b9c37-4c81-5e0c-a5bd-ee4d4e312890', '7469bc80-fd06-5028-8033-aeb9008a4507', '6425a4fd-f000-56ef-b471-b416626db9cf', 'Girls', 'Group IV', 'seeded', '8c807bef-bed5-5dcc-9f66-10e4384c7413'),
  ('d5c69a3e-f384-5b3f-899c-7c38d4ed9450', '4ac620cc-9770-58ce-a173-aa52cff83d1c', 1, 'bf1a2e42-2229-53b3-8ab8-1dfeacc0f6e9', '93741827-dfe5-532f-b651-6f5066cae0d5', '6425a4fd-f000-56ef-b471-b416626db9cf', 'Girls', 'Group IV', 'seeded', 'ba90edd2-8b70-5033-88f1-b669fc388649'),
  ('569ed84c-8315-5e28-9425-0d095c70c5d2', '4ac620cc-9770-58ce-a173-aa52cff83d1c', 2, '9d395aed-f3db-54b6-a074-e0e1c4b2d0c2', 'b86ceb48-7de2-5c75-a592-f977deb318a3', '6425a4fd-f000-56ef-b471-b416626db9cf', 'Girls', 'Group IV', 'seeded', '3939858e-b6c4-55a6-89ea-a43b42508026'),
  ('72fd9a1c-4c70-5f92-911e-51de3d8b75fa', '4ac620cc-9770-58ce-a173-aa52cff83d1c', 3, '25bc672b-700f-520b-aefc-fcd172a4a2e9', '344b1543-dc60-5de6-a9fb-9ebbcde0d396', '6425a4fd-f000-56ef-b471-b416626db9cf', 'Girls', 'Group IV', 'seeded', '9bb1a359-98d3-590a-807c-105bc7973145'),
  ('e416ff8f-a315-51b1-88b8-806ab4a0bc9e', '4ac620cc-9770-58ce-a173-aa52cff83d1c', 4, 'd5417e17-14a0-5a85-8d4a-5f3c99763061', '7e8a6d53-4cc9-56c0-9892-437ca4607269', '6425a4fd-f000-56ef-b471-b416626db9cf', 'Girls', 'Group IV', 'seeded', '050cd16b-fe96-548d-b253-d82cd5b676ab'),
  ('250e7729-7d32-5f27-a802-c62df586e346', '4ac620cc-9770-58ce-a173-aa52cff83d1c', 5, 'ca3b46b6-b638-5c74-947d-8678bba7b2f7', '7e8a6d53-4cc9-56c0-9892-437ca4607269', '6425a4fd-f000-56ef-b471-b416626db9cf', 'Girls', 'Group IV', 'seeded', '29249b22-ee70-5e51-ba7f-35cf5b408b34'),
  ('ded97706-778e-51c1-8382-62992403886f', '4ac620cc-9770-58ce-a173-aa52cff83d1c', 6, '61fa76a2-9496-558e-bf40-c7a64ce4b480', '344b1543-dc60-5de6-a9fb-9ebbcde0d396', '6425a4fd-f000-56ef-b471-b416626db9cf', 'Girls', 'Group IV', 'seeded', '0d2b96f6-6443-52f4-a335-b0965fcaebd8'),
  ('c4ec72bc-5bca-5906-807c-e2f75c408e7e', '4ac620cc-9770-58ce-a173-aa52cff83d1c', 7, '6341df3d-fd95-5698-acaf-0469b6139d83', '344b1543-dc60-5de6-a9fb-9ebbcde0d396', '6425a4fd-f000-56ef-b471-b416626db9cf', 'Girls', 'Group IV', 'seeded', 'd59c6500-b9ae-59ee-8335-bd41f3c19662'),
  ('689c6a26-c808-5532-b32f-bbe483c0d922', '4ac620cc-9770-58ce-a173-aa52cff83d1c', 8, '807d7e6c-e699-5f03-af3f-2a25a0e47bed', '00000000-0000-0000-0000-0000000000a1', '6425a4fd-f000-56ef-b471-b416626db9cf', 'Girls', 'Group IV', 'seeded', '66309972-39e4-527a-8aa0-66949d87dc10'),
  ('b23796b8-d038-5c16-8d1b-0977cbf166aa', 'a9be0096-f532-592d-afe5-8b2c0ffc6beb', 1, '06950f08-d420-5090-abad-e40cae64d7af', '1021a26a-0b00-597a-8cbc-ff36e5d9c769', '6425a4fd-f000-56ef-b471-b416626db9cf', 'Girls', 'Group IV', 'seeded', '735839be-74e3-55d9-9be6-0e7f652df814'),
  ('369fa847-9467-5cba-bd75-bb9b3e3ab9bc', 'a9be0096-f532-592d-afe5-8b2c0ffc6beb', 2, '09ad904c-0af1-5d10-a7e5-25211e76a6d5', '00000000-0000-0000-0000-0000000000a1', '6425a4fd-f000-56ef-b471-b416626db9cf', 'Girls', 'Group IV', 'seeded', '90477e92-4ca1-59be-8342-2e29d0f1f9a0'),
  ('84348f40-5bfc-5fd3-80ea-3ea05b1695be', 'a9be0096-f532-592d-afe5-8b2c0ffc6beb', 3, 'b193c76a-5d35-507d-9ac4-e4f2f2035d3f', '00000000-0000-0000-0000-0000000000a1', '6425a4fd-f000-56ef-b471-b416626db9cf', 'Girls', 'Group IV', 'seeded', 'ac5e6d01-32aa-5edd-862d-219e10d5c24f'),
  ('5a25a636-cf42-57ac-9f67-2c484e1594c1', 'a9be0096-f532-592d-afe5-8b2c0ffc6beb', 4, '38c27269-f9c7-57f0-87c7-c1aa08e2c5a2', '0ac41011-9d57-5ba2-9556-7590a8be8268', '6425a4fd-f000-56ef-b471-b416626db9cf', 'Girls', 'Group IV', 'seeded', 'a1277a2f-9e9e-5bb5-b095-3cba02d82354'),
  ('50d8b56b-cba2-5e0d-be49-72b5ca420223', 'a9be0096-f532-592d-afe5-8b2c0ffc6beb', 5, 'fa7fe470-c1e6-54b0-baca-41bc9a403425', '93741827-dfe5-532f-b651-6f5066cae0d5', '6425a4fd-f000-56ef-b471-b416626db9cf', 'Girls', 'Group IV', 'seeded', '4b90afbb-9a9b-51fd-bd58-1cb6d0d04b69'),
  ('c5d626d1-3132-5932-8ffa-4d4edacbe49c', 'a9be0096-f532-592d-afe5-8b2c0ffc6beb', 6, '29f6e0e8-97bb-5b5e-afa5-a1afb527667a', '344b1543-dc60-5de6-a9fb-9ebbcde0d396', '6425a4fd-f000-56ef-b471-b416626db9cf', 'Girls', 'Group IV', 'seeded', '2fb5ea85-6313-5f9c-96f1-f891e0087fe4'),
  ('3c4e8ca7-7b12-5811-bf3b-3af3d1bbb507', 'a9be0096-f532-592d-afe5-8b2c0ffc6beb', 7, 'b9175a71-f022-5ea6-8787-6e950d5fbf19', '344b1543-dc60-5de6-a9fb-9ebbcde0d396', '6425a4fd-f000-56ef-b471-b416626db9cf', 'Girls', 'Group IV', 'seeded', '6a5c3023-48ad-58bb-b367-5d8255f125a2'),
  ('6337199d-ff76-51b6-a65c-9e2b94565e50', 'a9be0096-f532-592d-afe5-8b2c0ffc6beb', 8, '018f2f63-7040-5a23-901e-27a36404a2e4', '344b1543-dc60-5de6-a9fb-9ebbcde0d396', '6425a4fd-f000-56ef-b471-b416626db9cf', 'Girls', 'Group IV', 'seeded', '71c75536-10ca-548a-b1c3-dac51bbf9b5e'),
  ('5d389af2-2238-5132-9377-beecc4f938eb', '9c9a1e94-400c-552c-be6d-9dcacb3077e5', 1, '5935bbfd-a205-53c6-a958-16373932385d', '9e5798ac-57e7-543f-be64-1e9776770a2b', '6425a4fd-f000-56ef-b471-b416626db9cf', 'Girls', 'Group IV', 'seeded', '1e963afd-8fd3-5822-86c3-999b436136cb'),
  ('1daab384-42d4-5feb-a2ea-b2fe308dce24', '9c9a1e94-400c-552c-be6d-9dcacb3077e5', 2, '7c7e5d04-8bea-55a9-8a92-1a5e3c0409f9', 'e59c8987-4896-5ca7-8de1-3e3732deca8e', '6425a4fd-f000-56ef-b471-b416626db9cf', 'Girls', 'Group IV', 'seeded', '4ffec9cc-ca4b-5537-a7f9-3c3a71a16f9f'),
  ('b885f185-b68e-595e-bbd5-abf85b968f95', '9c9a1e94-400c-552c-be6d-9dcacb3077e5', 3, 'dfb486a3-d31f-5f86-9953-97a4220945ed', '344b1543-dc60-5de6-a9fb-9ebbcde0d396', '6425a4fd-f000-56ef-b471-b416626db9cf', 'Girls', 'Group IV', 'seeded', 'a61441b5-6d7f-56a4-8fae-33b87a95e2d3'),
  ('2ab6dc39-22dd-5b0d-8db6-10b89acb0b93', '9c9a1e94-400c-552c-be6d-9dcacb3077e5', 4, 'c0eddb51-aa10-5efa-96af-38cbc813e874', '344b1543-dc60-5de6-a9fb-9ebbcde0d396', '6425a4fd-f000-56ef-b471-b416626db9cf', 'Girls', 'Group IV', 'seeded', 'aedb1526-4b37-5051-b87b-bf5fba2cbba1'),
  ('53eaa4a3-ac56-53aa-b0b7-218a91be3c64', '9c9a1e94-400c-552c-be6d-9dcacb3077e5', 5, 'b102de49-4a85-5adc-a2ae-672aa1fe5c36', '7f0a9f39-9a68-59d4-9321-0cd0ea1ff69f', '6425a4fd-f000-56ef-b471-b416626db9cf', 'Girls', 'Group IV', 'seeded', 'f8f9021a-d1cc-5764-8a59-85dd511c3f75'),
  ('89e5d879-fc6e-5b49-a21e-22087e8381b8', '9c9a1e94-400c-552c-be6d-9dcacb3077e5', 6, '15ba5432-03c4-527c-a69b-60ddc5ccdc1e', '520633dd-1fc6-57f7-a2a8-29cfebf61e27', '6425a4fd-f000-56ef-b471-b416626db9cf', 'Girls', 'Group IV', 'seeded', '7f4ba934-7c34-5637-b8bf-ea2604c5c53f'),
  ('e507376d-0ccd-53bd-93fa-00ded3dd7dab', '9c9a1e94-400c-552c-be6d-9dcacb3077e5', 7, 'b21eaddc-5a0f-58ca-9522-f2b98f1b2037', 'b86ceb48-7de2-5c75-a592-f977deb318a3', '6425a4fd-f000-56ef-b471-b416626db9cf', 'Girls', 'Group IV', 'seeded', 'd41f089d-1ab1-5b70-89c7-8848a0fdb139'),
  ('b85f01f2-6b4f-5764-93eb-7f0b48ef4c10', '9c9a1e94-400c-552c-be6d-9dcacb3077e5', 8, '7c72b67c-92a0-5ee1-ae4c-310b1708b29f', '8d4059b5-a1e4-52f4-b162-4cb8bf91f4e6', '6425a4fd-f000-56ef-b471-b416626db9cf', 'Girls', 'Group IV', 'seeded', '88ef4900-442b-5622-b6d9-39a210de71e9'),
  ('f31dc5a5-59b9-5410-ba0a-8165c7b44ef4', 'e84d6cd9-e041-52b0-97eb-d981da33196b', 2, 'ca570648-2eb8-56ba-b197-258600ce666b', '520633dd-1fc6-57f7-a2a8-29cfebf61e27', 'ef53ab36-eaa3-5990-a3fe-dd497f63391c', 'Boys', 'Group V', 'seeded', '002f8b89-d102-52c0-a031-10fbd6b30fc2'),
  ('2e7e62c2-f9cd-5ee3-be1c-5e405ce24e18', 'e84d6cd9-e041-52b0-97eb-d981da33196b', 3, '25a195be-b458-5e89-9119-2e8508554f8d', '00000000-0000-0000-0000-0000000000a1', 'ef53ab36-eaa3-5990-a3fe-dd497f63391c', 'Boys', 'Group V', 'seeded', '879ed768-a471-5feb-8605-3220fc98199c'),
  ('8c45adae-487d-5954-a19f-3924f752ae36', 'e84d6cd9-e041-52b0-97eb-d981da33196b', 4, '08e9914d-fca3-5eb0-a57e-6623a6aa593d', '7e8a6d53-4cc9-56c0-9892-437ca4607269', 'ef53ab36-eaa3-5990-a3fe-dd497f63391c', 'Boys', 'Group V', 'seeded', 'b278185d-b8de-5023-9fe6-57b1c32950ef'),
  ('fedd4d5c-b10d-503b-be53-31fd56e81040', 'e84d6cd9-e041-52b0-97eb-d981da33196b', 5, '3ca44507-15b4-5d68-971c-59df897a0f16', '00000000-0000-0000-0000-0000000000a1', 'ef53ab36-eaa3-5990-a3fe-dd497f63391c', 'Boys', 'Group V', 'seeded', '6da457d4-9163-5d3c-8c62-a6ed452f3546'),
  ('e9f6964b-1ac7-5960-8bb6-92d4ceecce42', 'e84d6cd9-e041-52b0-97eb-d981da33196b', 6, '2f7b1afa-5ec7-5fb8-949b-c21671b4024c', '267af775-3ea9-5653-abad-779ae472d437', 'ef53ab36-eaa3-5990-a3fe-dd497f63391c', 'Boys', 'Group V', 'seeded', '53abd48c-25c0-52a8-b42a-0f1065ad56d0'),
  ('b7c2d223-8312-5ce1-95c8-e45e78a9af0f', 'e84d6cd9-e041-52b0-97eb-d981da33196b', 7, 'a2bb2650-cb7e-535f-9a69-95f5647e2ded', 'b3fb239e-d680-5f40-a2c3-a09c542965df', 'ef53ab36-eaa3-5990-a3fe-dd497f63391c', 'Boys', 'Group V', 'seeded', 'ab6a8ebb-25b1-5ee1-b638-f51af16364da'),
  ('84889ec7-d9b3-5b12-8740-5e69d2b4ad62', 'b286e122-fe5f-5d23-bdf6-2eec069bd81e', 1, '4ab09e8a-729e-5668-b519-161c8ac202e1', '8d4059b5-a1e4-52f4-b162-4cb8bf91f4e6', 'ef53ab36-eaa3-5990-a3fe-dd497f63391c', 'Boys', 'Group V', 'seeded', '7d770d89-cf8f-5655-97cd-296fe1f4a048'),
  ('add3634b-d7ab-5a17-879b-8cee9c60cf52', 'b286e122-fe5f-5d23-bdf6-2eec069bd81e', 2, '4dd783e7-0fc1-553f-ac92-d6a97499cbf1', '344b1543-dc60-5de6-a9fb-9ebbcde0d396', 'ef53ab36-eaa3-5990-a3fe-dd497f63391c', 'Boys', 'Group V', 'seeded', '3f420a01-0347-514f-856f-736ec4bd0332'),
  ('47dc5fff-e92d-5537-bbe8-bd34eca54c2e', 'b286e122-fe5f-5d23-bdf6-2eec069bd81e', 3, 'e6ce024f-7e3a-5a55-bb6f-1f1a5277cf1b', 'e85bf284-fd8f-5e64-b555-c134fef0064e', 'ef53ab36-eaa3-5990-a3fe-dd497f63391c', 'Boys', 'Group V', 'seeded', '22dd3f9a-dc2c-5e7d-8185-a40efab3c0fe'),
  ('b68cbb2b-a166-54ff-88ab-e87d33fad7af', 'b286e122-fe5f-5d23-bdf6-2eec069bd81e', 4, '2d03673d-8148-5190-9df7-51c45855d07f', '96258415-96b1-5c54-bafc-eba2e199ce62', 'ef53ab36-eaa3-5990-a3fe-dd497f63391c', 'Boys', 'Group V', 'seeded', 'a975a38c-f97d-5754-a21e-58dbf8308f62'),
  ('919e3fab-cc59-5a20-a0f4-979a797fa0dd', 'b286e122-fe5f-5d23-bdf6-2eec069bd81e', 5, '494bcb82-020b-58b4-9830-f3b90ebb10d5', '344b1543-dc60-5de6-a9fb-9ebbcde0d396', 'ef53ab36-eaa3-5990-a3fe-dd497f63391c', 'Boys', 'Group V', 'seeded', 'e80405d8-a0a7-5776-a1a1-b351f0dba1ee'),
  ('7cd6c777-55fb-5b0f-9041-6efc82a5f2ac', 'b286e122-fe5f-5d23-bdf6-2eec069bd81e', 6, '87f323e3-b9b1-52ca-ae6f-594b08d668d1', '344b1543-dc60-5de6-a9fb-9ebbcde0d396', 'ef53ab36-eaa3-5990-a3fe-dd497f63391c', 'Boys', 'Group V', 'seeded', 'c54441c7-27e8-592e-bf12-e85b627d14cd'),
  ('d88fbf19-134a-586b-b592-d015bec9d4a0', 'b286e122-fe5f-5d23-bdf6-2eec069bd81e', 7, '563a4a17-9b37-5772-b04b-db0d96656f87', '4c684b5a-5ac6-53ee-a81e-980f4080f0fb', 'ef53ab36-eaa3-5990-a3fe-dd497f63391c', 'Boys', 'Group V', 'seeded', 'eaaa32b8-9ce9-5dde-80b6-f24446d292e7'),
  ('6c3af7ff-b090-5c32-bd85-4228cf41f38b', 'b286e122-fe5f-5d23-bdf6-2eec069bd81e', 8, '64620186-250f-5b73-930e-901cf9816431', '4c684b5a-5ac6-53ee-a81e-980f4080f0fb', 'ef53ab36-eaa3-5990-a3fe-dd497f63391c', 'Boys', 'Group V', 'seeded', 'd151dc2e-4377-5f3f-9b30-cb637b9de6b6'),
  ('40e00317-6aa9-525d-a614-b289e6ff38e0', 'b251b7ec-9f85-5771-81e9-c319f1177f53', 1, 'f8afffb5-9de6-574c-a0d4-343038f10586', '3c2885d6-c220-5920-b054-765a2c1e85d5', 'ef53ab36-eaa3-5990-a3fe-dd497f63391c', 'Boys', 'Group V', 'seeded', '4da98383-d6d0-5e95-8d45-65ff56b6b64f'),
  ('1f0f171b-98df-58e7-ad33-a062ccd71c2e', 'b251b7ec-9f85-5771-81e9-c319f1177f53', 2, 'afcd618c-5d33-5657-aa94-7b9648662ed2', '3c2885d6-c220-5920-b054-765a2c1e85d5', 'ef53ab36-eaa3-5990-a3fe-dd497f63391c', 'Boys', 'Group V', 'seeded', '6ec3f2d1-1872-5c20-bb32-c9b7d173cd8a'),
  ('15a442cf-34ef-578d-b1a0-5190aacf4e58', 'b251b7ec-9f85-5771-81e9-c319f1177f53', 3, '996125a7-d88c-5ef3-9a88-7a43f9dee9b4', '0ac41011-9d57-5ba2-9556-7590a8be8268', 'ef53ab36-eaa3-5990-a3fe-dd497f63391c', 'Boys', 'Group V', 'seeded', '899bdbea-02fe-5b7b-9358-f67526e1236c'),
  ('1668e6ef-8869-5750-ad38-2783e7b3a425', 'b251b7ec-9f85-5771-81e9-c319f1177f53', 4, 'a7308838-32bb-559f-9898-ef8ea8d9ba56', '344b1543-dc60-5de6-a9fb-9ebbcde0d396', 'ef53ab36-eaa3-5990-a3fe-dd497f63391c', 'Boys', 'Group V', 'seeded', 'c149e660-a7d9-5064-8482-1809c47a1781'),
  ('69191949-c622-5f70-8527-b0012ac5630f', 'b251b7ec-9f85-5771-81e9-c319f1177f53', 5, 'dfef423a-bb21-52d3-b1d4-07d5de9379a3', 'b3fb239e-d680-5f40-a2c3-a09c542965df', 'ef53ab36-eaa3-5990-a3fe-dd497f63391c', 'Boys', 'Group V', 'seeded', '39d7dfd9-6a16-53a2-bb6b-bacab8a1095d'),
  ('b4e24223-5572-5262-a03f-57347d2ce6cd', 'b251b7ec-9f85-5771-81e9-c319f1177f53', 6, '883506cd-af00-5892-9e64-3e526128721f', '7469bc80-fd06-5028-8033-aeb9008a4507', 'ef53ab36-eaa3-5990-a3fe-dd497f63391c', 'Boys', 'Group V', 'seeded', '42311ed3-586d-5991-8632-7c0622b12e9b'),
  ('3745a680-3621-506e-89cc-54e85392360c', 'b251b7ec-9f85-5771-81e9-c319f1177f53', 7, '1ae3d2b4-f10a-52f1-8ea5-a786fef2ef97', '46c94418-9915-5783-a9dd-2dcfdd21920b', 'ef53ab36-eaa3-5990-a3fe-dd497f63391c', 'Boys', 'Group V', 'seeded', '441c287d-2818-5da7-8413-96b130162526'),
  ('33ca85d5-9c7e-5cea-a9a9-99429632f250', 'b251b7ec-9f85-5771-81e9-c319f1177f53', 8, '7e056b60-a1f5-529c-a51c-d7df0867965b', 'ed88d3bc-c065-5209-9304-730080420f1e', 'ef53ab36-eaa3-5990-a3fe-dd497f63391c', 'Boys', 'Group V', 'seeded', 'e115e064-b88e-59ac-a362-af9b41a1fdd8'),
  ('a7838955-2d3b-572d-a486-327e61b303dc', 'bc76c8ec-31f3-509c-bf0f-f83e31b02605', 1, '70334a76-6a97-5cd5-9c3f-e2eac195b778', '8c61fec8-40e9-572f-8ebd-4290dbdffbec', 'ef53ab36-eaa3-5990-a3fe-dd497f63391c', 'Boys', 'Group V', 'seeded', '305e4d8a-07dc-5aac-8a62-cf89d08cedb9'),
  ('23cebcff-656a-5e71-b2e2-75f3e7b787e3', 'bc76c8ec-31f3-509c-bf0f-f83e31b02605', 2, '8ffedcfc-83e9-5c4c-aea9-526a937794eb', '9e5798ac-57e7-543f-be64-1e9776770a2b', 'ef53ab36-eaa3-5990-a3fe-dd497f63391c', 'Boys', 'Group V', 'seeded', '9ee9f11f-3841-5ba9-8f1e-77e6d79ce32f'),
  ('183d99e1-201a-5ca4-8854-8d1c18ccedd5', 'bc76c8ec-31f3-509c-bf0f-f83e31b02605', 3, '29e92f2e-2480-5510-a3d0-34358fc29307', '00000000-0000-0000-0000-0000000000a1', 'ef53ab36-eaa3-5990-a3fe-dd497f63391c', 'Boys', 'Group V', 'seeded', '44b01f15-e5fb-5812-ae81-5dbba8e33681'),
  ('31ba4ded-5dad-5ac0-9e8b-3f378ee70a83', 'bc76c8ec-31f3-509c-bf0f-f83e31b02605', 4, '656fdabc-4d22-564c-80b8-94d2655d1ed9', '7e8a6d53-4cc9-56c0-9892-437ca4607269', 'ef53ab36-eaa3-5990-a3fe-dd497f63391c', 'Boys', 'Group V', 'seeded', 'd1c24a3f-2e37-581b-9762-d6f24d4a8d63'),
  ('630fe82a-2736-534a-80fd-294029021c31', 'bc76c8ec-31f3-509c-bf0f-f83e31b02605', 5, '6bcad20a-26ed-562f-a941-192a03e4b990', '344b1543-dc60-5de6-a9fb-9ebbcde0d396', 'ef53ab36-eaa3-5990-a3fe-dd497f63391c', 'Boys', 'Group V', 'seeded', '3489b0b1-95fb-54bf-8166-769c1cb9ae53'),
  ('b214b349-9c96-5a80-9695-d5ce4754517c', 'bc76c8ec-31f3-509c-bf0f-f83e31b02605', 6, '4f8cb84c-bcae-5525-b51c-87c7edad5c1a', '00000000-0000-0000-0000-0000000000a1', 'ef53ab36-eaa3-5990-a3fe-dd497f63391c', 'Boys', 'Group V', 'seeded', '4e14b9ac-8bfa-5ca6-9eea-db2865458ce5'),
  ('6d3b8e36-72a4-5f00-a92e-45273df373da', 'bc76c8ec-31f3-509c-bf0f-f83e31b02605', 7, 'c4358f87-1790-5efc-9089-a2c3a5b47aa4', '00000000-0000-0000-0000-0000000000a1', 'ef53ab36-eaa3-5990-a3fe-dd497f63391c', 'Boys', 'Group V', 'seeded', '47735de1-f886-5c76-b86d-980dd44ee8f6'),
  ('5f7bcaec-72f4-5e25-8e3e-66adc9d9924c', 'bc76c8ec-31f3-509c-bf0f-f83e31b02605', 8, '1947d654-a4c0-5dd9-8174-0fd8a5bf6156', '4d9d1e27-c5d6-555b-880c-71593ea1291a', 'ef53ab36-eaa3-5990-a3fe-dd497f63391c', 'Boys', 'Group V', 'seeded', 'cb005c82-e9c7-5357-9f06-5734aa7281e0'),
  ('9768abca-5728-5a7c-b527-efc397d13d44', 'b23c6b25-1af3-5113-94e0-0f63ebd117bb', 1, '8da98921-b055-5fbc-91d1-1748f97045a0', '2c9dd30b-be9e-5c65-a862-a4817c4f2efc', 'ef53ab36-eaa3-5990-a3fe-dd497f63391c', 'Boys', 'Group V', 'seeded', '2a2d0a8d-05f2-5b61-be27-ecd8009f5d4d'),
  ('0242e4fa-a73b-5a2d-a45c-988586501374', 'b23c6b25-1af3-5113-94e0-0f63ebd117bb', 2, '02bf8ad5-c454-5324-9f4e-9490364fc22e', '9e5798ac-57e7-543f-be64-1e9776770a2b', 'ef53ab36-eaa3-5990-a3fe-dd497f63391c', 'Boys', 'Group V', 'seeded', 'dd597a39-2dbc-5240-82ca-cf3255ae522d'),
  ('33ef2b00-6a1c-5775-bfbf-bbb2d76c06b2', 'b23c6b25-1af3-5113-94e0-0f63ebd117bb', 3, '766feea0-5136-5962-b336-f1a7cc7a0a89', 'b47e0394-b7b8-5150-b85f-f3e732b88e11', 'ef53ab36-eaa3-5990-a3fe-dd497f63391c', 'Boys', 'Group V', 'seeded', 'e692fba9-22f9-5f82-b274-b9265302e6d2'),
  ('a97a317a-68ee-5473-b228-f257ce168df5', 'b23c6b25-1af3-5113-94e0-0f63ebd117bb', 4, 'b31b328e-17b8-5f9d-a748-b5ed9cc0e33f', '9e5798ac-57e7-543f-be64-1e9776770a2b', 'ef53ab36-eaa3-5990-a3fe-dd497f63391c', 'Boys', 'Group V', 'seeded', '079d1bfa-5fe8-5328-874a-d8b5b097dde9'),
  ('c2876729-47d9-5f28-b43a-79f746817a08', 'b23c6b25-1af3-5113-94e0-0f63ebd117bb', 5, 'fe7c5fd1-c2f6-5e0f-b4e4-76046be4c339', '344b1543-dc60-5de6-a9fb-9ebbcde0d396', 'ef53ab36-eaa3-5990-a3fe-dd497f63391c', 'Boys', 'Group V', 'seeded', '6dea2e70-cdc9-50f1-8cb3-8ad78955a9c6'),
  ('a22c6a15-8be6-5dec-beb5-e25024104d76', 'b23c6b25-1af3-5113-94e0-0f63ebd117bb', 6, 'b932e9af-b5e3-5900-a928-9197ebedc90d', '4c684b5a-5ac6-53ee-a81e-980f4080f0fb', 'ef53ab36-eaa3-5990-a3fe-dd497f63391c', 'Boys', 'Group V', 'seeded', '2e1052f6-e095-5f57-a606-af5ede236757'),
  ('cebde4c0-735d-569c-a7b6-72255f49c894', 'b23c6b25-1af3-5113-94e0-0f63ebd117bb', 7, '718a1611-75fe-55c9-bff9-099bef7c1419', '344b1543-dc60-5de6-a9fb-9ebbcde0d396', 'ef53ab36-eaa3-5990-a3fe-dd497f63391c', 'Boys', 'Group V', 'seeded', 'a2173979-9a80-51e6-81a7-5a733e06ef44'),
  ('c8850915-d669-5588-97c7-5dec06366f80', 'b23c6b25-1af3-5113-94e0-0f63ebd117bb', 8, '0bc78822-f9b7-50cc-903e-9e63a7e4134b', '0ac41011-9d57-5ba2-9556-7590a8be8268', 'ef53ab36-eaa3-5990-a3fe-dd497f63391c', 'Boys', 'Group V', 'seeded', 'e28da0f0-1b21-5569-870b-155fc325f11a'),
  ('84140a06-c25d-5e8b-bd37-49b940ace342', '3447f30f-1f5a-543d-ace3-028c3473555c', 1, 'd36a1fef-f72f-55cf-8761-e6483ed5674e', '344b1543-dc60-5de6-a9fb-9ebbcde0d396', 'ef53ab36-eaa3-5990-a3fe-dd497f63391c', 'Boys', 'Group V', 'seeded', '1be6a2f4-a76a-5bee-a491-a4ef8d829540'),
  ('e480f5c3-3926-527b-9804-add3147ab25d', '3447f30f-1f5a-543d-ace3-028c3473555c', 2, '3ed4d781-d409-5b01-8059-d959f1343d6c', 'b8b9d7d9-2580-5d70-a3fb-267e2c9d02dd', 'ef53ab36-eaa3-5990-a3fe-dd497f63391c', 'Boys', 'Group V', 'seeded', 'a90c9a91-93ba-58a3-816c-c509b6eb56b1'),
  ('451f64e9-d40e-5914-8e63-81c4d775dec7', '3447f30f-1f5a-543d-ace3-028c3473555c', 3, '066d30e9-8c70-5a5a-adf5-262fdb0f020c', '344b1543-dc60-5de6-a9fb-9ebbcde0d396', 'ef53ab36-eaa3-5990-a3fe-dd497f63391c', 'Boys', 'Group V', 'seeded', '59bb6599-d28a-5a9d-9c4c-cc03b37d4e02'),
  ('bba90f0a-ed95-5eb8-9547-db5ddadcbd83', '3447f30f-1f5a-543d-ace3-028c3473555c', 4, '42dea28f-efb2-5f2d-b1e4-d1c89f943c2a', '483aa180-88f7-51bc-b8d0-809f9e9e626a', 'ef53ab36-eaa3-5990-a3fe-dd497f63391c', 'Boys', 'Group V', 'seeded', '5beaf94b-39fa-5d98-917b-67f8e2375643'),
  ('05dbaa0d-50dc-51e2-867a-3b6866859962', '3447f30f-1f5a-543d-ace3-028c3473555c', 5, '548af54a-8a6c-50d5-9960-375be47d0309', '3c2885d6-c220-5920-b054-765a2c1e85d5', 'ef53ab36-eaa3-5990-a3fe-dd497f63391c', 'Boys', 'Group V', 'seeded', '40d59308-3ec6-5cdc-89f2-eb730d7da6ce'),
  ('745ca6cf-ae97-5d83-a9ac-2c16096ef769', '3447f30f-1f5a-543d-ace3-028c3473555c', 6, '055ac7a7-ae8a-51c7-978b-43622572cf44', '96258415-96b1-5c54-bafc-eba2e199ce62', 'ef53ab36-eaa3-5990-a3fe-dd497f63391c', 'Boys', 'Group V', 'seeded', '696341ff-1a35-51bc-84a5-f9b89990d7ec'),
  ('3d43d05c-6b69-5362-8705-b2a785d3a14d', '3447f30f-1f5a-543d-ace3-028c3473555c', 7, '83fc2cfb-29d2-594f-a151-b684af6e5f88', '4c684b5a-5ac6-53ee-a81e-980f4080f0fb', 'ef53ab36-eaa3-5990-a3fe-dd497f63391c', 'Boys', 'Group V', 'seeded', 'a41d4f2f-08e5-57ae-a683-f0a0e0d49087'),
  ('f4b23d4d-56bd-5526-a960-efa4ade0f667', '3447f30f-1f5a-543d-ace3-028c3473555c', 8, '0482e15e-d776-5baf-aad0-3f6297476924', '7e8a6d53-4cc9-56c0-9892-437ca4607269', 'ef53ab36-eaa3-5990-a3fe-dd497f63391c', 'Boys', 'Group V', 'seeded', '5f784489-9a80-5a94-8421-0dfb9b2be4bd'),
  ('09af6d68-dc71-5135-9b41-f1aef7da4563', '0f1b74aa-03aa-54be-83d8-1a9ce8e32960', 1, 'ec3808b8-fbb1-5901-9cab-076b37a70f70', '7e8a6d53-4cc9-56c0-9892-437ca4607269', 'ef53ab36-eaa3-5990-a3fe-dd497f63391c', 'Boys', 'Group V', 'seeded', 'ec39994b-b21f-572f-8ac9-b34b23b3a0ac'),
  ('41af90b8-375c-5cdb-a71c-ee6ca0fcdb65', '0f1b74aa-03aa-54be-83d8-1a9ce8e32960', 2, 'e6868ccd-7b91-59db-8be1-74f7e8deac3f', '7e8a6d53-4cc9-56c0-9892-437ca4607269', 'ef53ab36-eaa3-5990-a3fe-dd497f63391c', 'Boys', 'Group V', 'seeded', '116ab96c-c28e-5cdc-ac14-5e7e848c1b23'),
  ('5bb43cdf-b7ea-55fe-9c6a-947abd22d864', '0f1b74aa-03aa-54be-83d8-1a9ce8e32960', 3, '1a56cdb5-4229-5a14-a448-5227293e7b66', '7e8a6d53-4cc9-56c0-9892-437ca4607269', 'ef53ab36-eaa3-5990-a3fe-dd497f63391c', 'Boys', 'Group V', 'seeded', '6a2fdee0-5e6d-5b75-92fd-71c2665fc058'),
  ('2795aa32-c4b7-52ba-9f22-3a0099758e91', '0f1b74aa-03aa-54be-83d8-1a9ce8e32960', 4, 'af447db5-70ad-579f-8358-9679e1d2c4f1', '8d4059b5-a1e4-52f4-b162-4cb8bf91f4e6', 'ef53ab36-eaa3-5990-a3fe-dd497f63391c', 'Boys', 'Group V', 'seeded', '17605bd9-78dd-5318-956f-7e18a67f04f2'),
  ('d3502805-1e0e-5455-9037-52fccd365adf', '0f1b74aa-03aa-54be-83d8-1a9ce8e32960', 5, '4c3b1be7-0fe3-5a6a-81ac-4cfc8016dd30', '00000000-0000-0000-0000-0000000000a1', 'ef53ab36-eaa3-5990-a3fe-dd497f63391c', 'Boys', 'Group V', 'seeded', '8d403665-6635-5ba7-8245-11beea8c5ae8'),
  ('4b3dc9ff-b534-56dd-93c7-a2d9ddbb8680', '0f1b74aa-03aa-54be-83d8-1a9ce8e32960', 6, '6a49ef5e-18e8-56b6-b1bb-1cc4713c0cc1', 'b3fb239e-d680-5f40-a2c3-a09c542965df', 'ef53ab36-eaa3-5990-a3fe-dd497f63391c', 'Boys', 'Group V', 'seeded', '4116227d-33d6-5d78-9962-7f83eacdbae6'),
  ('a2484229-8322-57d7-9d30-4d195b9b21d8', '0f1b74aa-03aa-54be-83d8-1a9ce8e32960', 7, 'b0d3d31c-2472-5b61-9b6c-2ac1a314f95a', '344b1543-dc60-5de6-a9fb-9ebbcde0d396', 'ef53ab36-eaa3-5990-a3fe-dd497f63391c', 'Boys', 'Group V', 'seeded', 'f2e3ca19-5612-5dc3-ba95-86e4f6540ab4'),
  ('3f985e58-b2cd-5291-afbe-7413b2a744e3', '0f1b74aa-03aa-54be-83d8-1a9ce8e32960', 8, '54eb54ce-2ba8-5203-b4f1-6b5eed37f50d', '1021a26a-0b00-597a-8cbc-ff36e5d9c769', 'ef53ab36-eaa3-5990-a3fe-dd497f63391c', 'Boys', 'Group V', 'seeded', 'a4654703-775f-5153-9925-d7a8960f58b9'),
  ('19030636-0174-523c-b795-3ffc2f453327', '21ccefdd-2a8c-5f48-9314-d4855de94b8c', 1, '82d30371-fe64-5da3-a797-36eb7c868b6f', 'e85bf284-fd8f-5e64-b555-c134fef0064e', 'ef53ab36-eaa3-5990-a3fe-dd497f63391c', 'Boys', 'Group V', 'seeded', 'cb6d2d4d-4ce5-5115-9a66-da4a7ac2a94b'),
  ('e2632eb5-3c8e-53b4-9989-db373d1a1586', '21ccefdd-2a8c-5f48-9314-d4855de94b8c', 2, '5aea93e6-74ac-5771-ac86-66e4ff400bcd', 'fdac6f26-1309-55d6-9904-0e8d7d434cb5', 'ef53ab36-eaa3-5990-a3fe-dd497f63391c', 'Boys', 'Group V', 'seeded', 'cdf5bd08-edd8-5c4e-8efb-4ac02f102b8c'),
  ('45aad7ff-0ec9-5c1c-9bfb-290cb11365e0', '21ccefdd-2a8c-5f48-9314-d4855de94b8c', 3, '370270bf-6ee1-509d-881a-372296a8b044', '46c94418-9915-5783-a9dd-2dcfdd21920b', 'ef53ab36-eaa3-5990-a3fe-dd497f63391c', 'Boys', 'Group V', 'seeded', 'bf69ffbd-7a80-5a17-a728-538de9bbfcba'),
  ('6758ba3f-072a-5c69-8e18-1a770159bf94', '21ccefdd-2a8c-5f48-9314-d4855de94b8c', 4, 'ae9d2aa3-16fd-5aa3-a9fc-a3c87b72986f', '7469bc80-fd06-5028-8033-aeb9008a4507', 'ef53ab36-eaa3-5990-a3fe-dd497f63391c', 'Boys', 'Group V', 'seeded', '190dffea-df67-539a-bbc6-0650c3eb62be'),
  ('aff24278-c717-5b93-b3d5-2e2d1fea062e', '21ccefdd-2a8c-5f48-9314-d4855de94b8c', 5, '3c6a5aec-c807-5d8e-abc4-986012e336a6', '46c94418-9915-5783-a9dd-2dcfdd21920b', 'ef53ab36-eaa3-5990-a3fe-dd497f63391c', 'Boys', 'Group V', 'seeded', 'ea75f2cc-b6e5-5b39-8dd9-ca6cd7a1c661'),
  ('182b92f5-7074-573d-966c-b4931af2a3b6', '21ccefdd-2a8c-5f48-9314-d4855de94b8c', 6, '4526ffb5-e620-55fe-962d-38f57f223c47', '8c61fec8-40e9-572f-8ebd-4290dbdffbec', 'ef53ab36-eaa3-5990-a3fe-dd497f63391c', 'Boys', 'Group V', 'seeded', '22248a23-f0cf-5fd5-8c5a-ee3cc557eabf'),
  ('7f64b407-7c8d-5767-8a5b-2475087bf33b', '21ccefdd-2a8c-5f48-9314-d4855de94b8c', 7, '102aa1d4-6402-5e64-9ca0-be7cf614c120', '344b1543-dc60-5de6-a9fb-9ebbcde0d396', 'ef53ab36-eaa3-5990-a3fe-dd497f63391c', 'Boys', 'Group V', 'seeded', '5994f4e9-c918-56c9-a051-ddd530e68f6c'),
  ('f5d78c3c-e92d-52e0-b540-7b066c600857', '21ccefdd-2a8c-5f48-9314-d4855de94b8c', 8, '65b4531f-8eaf-5c31-8c58-8d7ce99cf698', '7e8a6d53-4cc9-56c0-9892-437ca4607269', 'ef53ab36-eaa3-5990-a3fe-dd497f63391c', 'Boys', 'Group V', 'seeded', 'b6f80f3f-d7db-5f3e-aec1-b7e748831ba7'),
  ('758eeab1-948d-56ad-b0ae-47c36bb3094c', 'cb258d1c-461a-50fb-9c73-a4e13f765f92', 3, '3e6ad999-dc7a-565a-af9f-a83cd5f91935', '344b1543-dc60-5de6-a9fb-9ebbcde0d396', 'f0d7d6b9-1f37-5f91-84db-1163a7c1f70b', 'Girls', 'Group V', 'seeded', '9cc60305-8f7c-5465-8ab2-625f61d704ea'),
  ('3853d8b4-49aa-5c09-a593-14b286336ccd', 'cb258d1c-461a-50fb-9c73-a4e13f765f92', 4, 'b8c08a12-5518-509b-9fd3-bc8e558fb733', '2c9dd30b-be9e-5c65-a862-a4817c4f2efc', 'f0d7d6b9-1f37-5f91-84db-1163a7c1f70b', 'Girls', 'Group V', 'seeded', '29e1a466-0854-51e2-a53b-5c0e35a2264b'),
  ('0f1b66a5-68b7-50d9-a48c-bde47f843ccb', 'cb258d1c-461a-50fb-9c73-a4e13f765f92', 5, '4e826f08-e8fd-54fb-a854-e9519165f174', '5b5fdbb8-bd84-53b0-8f08-6f2a79cae3c4', 'f0d7d6b9-1f37-5f91-84db-1163a7c1f70b', 'Girls', 'Group V', 'seeded', 'daaad6b1-7995-5326-9e17-9b36aa4d1170'),
  ('a4105def-3dc3-5c84-bad2-58735ba11ee9', 'cb258d1c-461a-50fb-9c73-a4e13f765f92', 6, '8f90baf0-0fe1-58c0-bdf4-93fbc982dfce', '7e8a6d53-4cc9-56c0-9892-437ca4607269', 'f0d7d6b9-1f37-5f91-84db-1163a7c1f70b', 'Girls', 'Group V', 'seeded', '454d87f4-04bc-5671-9c03-c7cde46a041e'),
  ('8a543c9b-ade9-5569-bd7d-bd621778a2aa', '905e30f7-52a6-5fc5-9645-18dff680a7d8', 1, 'cdd8cb0f-fd46-5aec-a66b-3985ad9098d3', '8204b741-70c6-5870-8811-971a3166ce18', 'f0d7d6b9-1f37-5f91-84db-1163a7c1f70b', 'Girls', 'Group V', 'seeded', '8ddffa6e-e8f0-5e2e-bf8f-80575c5bde91'),
  ('d806f276-ae54-5f38-9a61-de9669c535de', '905e30f7-52a6-5fc5-9645-18dff680a7d8', 2, 'a64119e5-2226-56a0-8ab8-09381f77478d', 'e59c8987-4896-5ca7-8de1-3e3732deca8e', 'f0d7d6b9-1f37-5f91-84db-1163a7c1f70b', 'Girls', 'Group V', 'seeded', 'd41b0c49-662e-58e3-aa1e-b3aa86d3bf8f'),
  ('ed539a60-ee63-5cbd-8a1f-37fceac4018d', '905e30f7-52a6-5fc5-9645-18dff680a7d8', 3, 'aa034363-c3d4-5b83-b164-c2c8dd902911', '344b1543-dc60-5de6-a9fb-9ebbcde0d396', 'f0d7d6b9-1f37-5f91-84db-1163a7c1f70b', 'Girls', 'Group V', 'seeded', '8b1b6d7a-f231-5ca6-a4eb-8a54586032cf'),
  ('df3e0f3d-b2b4-572c-8597-0c313c7445f1', '905e30f7-52a6-5fc5-9645-18dff680a7d8', 4, 'b077423e-fac8-5ad1-aeff-bb52f5f5459f', '8204b741-70c6-5870-8811-971a3166ce18', 'f0d7d6b9-1f37-5f91-84db-1163a7c1f70b', 'Girls', 'Group V', 'seeded', '6b2baa1b-dd49-546e-b888-8a3be401cb01'),
  ('e234a00d-fbd0-5679-b96a-abe16c21f757', '905e30f7-52a6-5fc5-9645-18dff680a7d8', 5, 'eef8aaeb-c575-5608-aa31-b4d133bb244a', '7e8a6d53-4cc9-56c0-9892-437ca4607269', 'f0d7d6b9-1f37-5f91-84db-1163a7c1f70b', 'Girls', 'Group V', 'seeded', '86501291-5da6-5ac7-881b-6dd229e0f35f'),
  ('f8ecf778-a305-507e-9442-71e808a04c27', '905e30f7-52a6-5fc5-9645-18dff680a7d8', 6, 'f3aba40a-532c-5a25-8ebb-dff1acb9f61c', '4c684b5a-5ac6-53ee-a81e-980f4080f0fb', 'f0d7d6b9-1f37-5f91-84db-1163a7c1f70b', 'Girls', 'Group V', 'seeded', 'bdb6b9d0-f7e9-558d-8295-ff87a323436b'),
  ('3a36ee00-a765-58cb-94da-57725dbb05b4', '905e30f7-52a6-5fc5-9645-18dff680a7d8', 7, '07afdba0-c169-5a59-b07e-ad90b5c1a196', '9e5798ac-57e7-543f-be64-1e9776770a2b', 'f0d7d6b9-1f37-5f91-84db-1163a7c1f70b', 'Girls', 'Group V', 'seeded', '0d783763-6187-5c6f-8aaa-8a973e9527bb'),
  ('52cd23fc-1787-5757-bde0-e6eddd20a34c', '905e30f7-52a6-5fc5-9645-18dff680a7d8', 8, 'fa04f666-8d59-5936-beca-cf0bac7b536d', '00000000-0000-0000-0000-0000000000a1', 'f0d7d6b9-1f37-5f91-84db-1163a7c1f70b', 'Girls', 'Group V', 'seeded', '0bb4aff0-0b90-5251-915f-f67fe2ffe076'),
  ('3dfe0f30-8974-5950-a48c-59ac16815a8e', 'c41cdeec-a08f-55ae-b194-f4a55b528f53', 1, 'bff51a32-deb2-53f4-91ce-426a30f236f3', '8d4059b5-a1e4-52f4-b162-4cb8bf91f4e6', 'f0d7d6b9-1f37-5f91-84db-1163a7c1f70b', 'Girls', 'Group V', 'seeded', 'f11ffe0b-0ca9-50a5-b95f-827190a0140e'),
  ('1ed7ffc5-f858-544d-b832-fae236c03040', 'c41cdeec-a08f-55ae-b194-f4a55b528f53', 2, '055257c6-1e3f-5c99-a751-6c749b48f3d1', '00000000-0000-0000-0000-0000000000a1', 'f0d7d6b9-1f37-5f91-84db-1163a7c1f70b', 'Girls', 'Group V', 'seeded', 'c55b7a87-ff4b-5b13-b9f3-0fb761be202e'),
  ('025a8816-0d48-523f-8154-834f3355b5ee', 'c41cdeec-a08f-55ae-b194-f4a55b528f53', 3, '41166b4f-e082-57b0-885d-965ed5c8e7dc', '8204b741-70c6-5870-8811-971a3166ce18', 'f0d7d6b9-1f37-5f91-84db-1163a7c1f70b', 'Girls', 'Group V', 'seeded', '1deb264d-075a-504b-8512-8e3d4e867cad'),
  ('1d79534f-26cf-5a03-8a25-ac5cb2938f3d', 'c41cdeec-a08f-55ae-b194-f4a55b528f53', 4, '553e6973-d3c3-5712-8a52-cddb0349e231', '2c9dd30b-be9e-5c65-a862-a4817c4f2efc', 'f0d7d6b9-1f37-5f91-84db-1163a7c1f70b', 'Girls', 'Group V', 'seeded', '4120a502-a087-5257-8c18-3038001ae263'),
  ('4d04b231-61fb-5377-955b-83b052eb11f0', 'c41cdeec-a08f-55ae-b194-f4a55b528f53', 5, 'cf5d6c18-e51a-5ce5-84ec-b090dad6b4a4', '9e5798ac-57e7-543f-be64-1e9776770a2b', 'f0d7d6b9-1f37-5f91-84db-1163a7c1f70b', 'Girls', 'Group V', 'seeded', '22fa5a6b-bf4e-5510-98b8-da58d3ac6add'),
  ('d3b252d4-f713-557d-a012-a43f02618a64', 'c41cdeec-a08f-55ae-b194-f4a55b528f53', 6, '5dbdbfb3-9e3b-513d-a65b-7ebb7ca07077', '9e5798ac-57e7-543f-be64-1e9776770a2b', 'f0d7d6b9-1f37-5f91-84db-1163a7c1f70b', 'Girls', 'Group V', 'seeded', '743ddf20-bfff-550d-a63e-07c1d7ef74f7'),
  ('6d699bb2-3979-5688-b3bd-0972cadb3039', 'c41cdeec-a08f-55ae-b194-f4a55b528f53', 7, 'e0718778-c0a8-586c-84d2-564f568069aa', 'b3fb239e-d680-5f40-a2c3-a09c542965df', 'f0d7d6b9-1f37-5f91-84db-1163a7c1f70b', 'Girls', 'Group V', 'seeded', '235cc94a-e00d-5b1c-a0bc-f78dde376840'),
  ('1bebd6c3-3514-5cdb-bcf2-c933b026c9fd', 'c41cdeec-a08f-55ae-b194-f4a55b528f53', 8, '53767b28-89b7-54d4-b57f-3ca78ec29d0b', '344b1543-dc60-5de6-a9fb-9ebbcde0d396', 'f0d7d6b9-1f37-5f91-84db-1163a7c1f70b', 'Girls', 'Group V', 'seeded', 'ccb14e39-78a3-52d1-8587-7a4035d34f59'),
  ('922108dc-5d30-502f-a638-740182ecc1cc', '20cb9d43-ccc5-50b0-a78b-53fd97c87f11', 1, '74b6577c-941b-5452-add7-e862af39dea0', '344b1543-dc60-5de6-a9fb-9ebbcde0d396', 'f0d7d6b9-1f37-5f91-84db-1163a7c1f70b', 'Girls', 'Group V', 'seeded', '29fff7a3-9b8e-54d6-a962-26f57177141c'),
  ('a894b014-d929-5c18-b058-2807b0bdff0e', '20cb9d43-ccc5-50b0-a78b-53fd97c87f11', 2, '8b9fc97a-8202-5b0b-b5b2-43b7426ff5dd', 'b3fb239e-d680-5f40-a2c3-a09c542965df', 'f0d7d6b9-1f37-5f91-84db-1163a7c1f70b', 'Girls', 'Group V', 'seeded', '7a5743ef-dc6b-59f4-9d33-23e06dfd54b3'),
  ('aa33b536-d9bb-5a4b-80d6-ed7d0a267742', '20cb9d43-ccc5-50b0-a78b-53fd97c87f11', 3, '9788903f-c4ba-5512-8e60-d125b1372661', '7edb0022-cd14-5006-bf83-f87d3be5e4ca', 'f0d7d6b9-1f37-5f91-84db-1163a7c1f70b', 'Girls', 'Group V', 'seeded', '2cfd9cea-ae02-535a-bddf-0e7c66af20a3'),
  ('dee12f8d-a200-5424-a9dc-23b08990b5be', '20cb9d43-ccc5-50b0-a78b-53fd97c87f11', 4, '090faee9-8d27-5382-bc3a-a4a064fc1820', 'e85bf284-fd8f-5e64-b555-c134fef0064e', 'f0d7d6b9-1f37-5f91-84db-1163a7c1f70b', 'Girls', 'Group V', 'seeded', '1577b6fc-e114-5588-885b-883b57ad608c'),
  ('e5d68db0-371f-5f17-894d-bdb6b09aa623', '20cb9d43-ccc5-50b0-a78b-53fd97c87f11', 5, '63c252bc-20bb-57d6-ba6e-384e265f3abf', '9e5798ac-57e7-543f-be64-1e9776770a2b', 'f0d7d6b9-1f37-5f91-84db-1163a7c1f70b', 'Girls', 'Group V', 'seeded', '888dd84d-3fba-5337-ba67-15aaa241e4e5'),
  ('098bf5c7-ebd5-59fe-bc34-b4fe103c00c9', '20cb9d43-ccc5-50b0-a78b-53fd97c87f11', 6, '45dff943-4d23-514c-8ea0-fbc8fcc60900', '891692c4-f560-5e6f-94f6-a4e735f623ea', 'f0d7d6b9-1f37-5f91-84db-1163a7c1f70b', 'Girls', 'Group V', 'seeded', 'dcd693f7-bf1c-56dd-a873-c08688d413b3'),
  ('e61fa546-ebed-5ff3-96f6-5a13eba84006', '20cb9d43-ccc5-50b0-a78b-53fd97c87f11', 7, 'cb80214a-b23a-5613-8016-0d6d9211767d', 'e85bf284-fd8f-5e64-b555-c134fef0064e', 'f0d7d6b9-1f37-5f91-84db-1163a7c1f70b', 'Girls', 'Group V', 'seeded', 'f3c1a3f6-7a60-52b6-9961-3bd24c76c0ff'),
  ('26432eac-3d41-5c6b-a917-4a2bda3db762', '20cb9d43-ccc5-50b0-a78b-53fd97c87f11', 8, 'dee66dbc-5481-53fa-8192-d4c81d8af128', '344b1543-dc60-5de6-a9fb-9ebbcde0d396', 'f0d7d6b9-1f37-5f91-84db-1163a7c1f70b', 'Girls', 'Group V', 'seeded', 'f06103da-bba4-55e4-8e7b-e59bbea4b0ec'),
  ('3a2d512b-f9b7-5781-83a7-f8c6a1ba89ed', '543aeacf-d071-544c-bfde-41f8c8ec85a5', 1, '9e3c2001-a434-5a70-a0e8-f89630d2febe', '2c9dd30b-be9e-5c65-a862-a4817c4f2efc', 'f0d7d6b9-1f37-5f91-84db-1163a7c1f70b', 'Girls', 'Group V', 'seeded', '777ebc88-cccf-5365-9b4a-1d0dd3f4d353'),
  ('1678d37c-9208-5898-87e4-b5c8d0a4d0c9', '543aeacf-d071-544c-bfde-41f8c8ec85a5', 2, '47c690c1-fd9b-5de1-b719-461c9e6eea00', '00000000-0000-0000-0000-0000000000a1', 'f0d7d6b9-1f37-5f91-84db-1163a7c1f70b', 'Girls', 'Group V', 'seeded', '143e42a9-043c-5843-ba2d-2334d88890b0'),
  ('319073c6-2dc8-5d12-97fe-849dc1c9e9b5', '543aeacf-d071-544c-bfde-41f8c8ec85a5', 3, '3cb600a2-01bf-5883-90d2-73a26dc6ce7a', '344b1543-dc60-5de6-a9fb-9ebbcde0d396', 'f0d7d6b9-1f37-5f91-84db-1163a7c1f70b', 'Girls', 'Group V', 'seeded', '51b249d7-35d4-51e6-b09b-9f4bd54b9bb5'),
  ('d526ef3e-542f-5059-8538-bf1fc8af7ce1', '543aeacf-d071-544c-bfde-41f8c8ec85a5', 4, '25abe60b-a6cb-562e-84ec-74763b7df938', '40f21282-0ed9-5061-91b0-2b7320fa6cb7', 'f0d7d6b9-1f37-5f91-84db-1163a7c1f70b', 'Girls', 'Group V', 'seeded', '88852183-d16a-50ee-b376-fb6e92a0590d'),
  ('b8345723-11d8-5532-b5ce-f81d560e1639', '543aeacf-d071-544c-bfde-41f8c8ec85a5', 5, '27a68950-139d-50fc-a540-8a5d0285ddcb', '2c9dd30b-be9e-5c65-a862-a4817c4f2efc', 'f0d7d6b9-1f37-5f91-84db-1163a7c1f70b', 'Girls', 'Group V', 'seeded', '8e734901-fd1e-5b5c-bc40-317263be15d6'),
  ('2cf51fc7-7962-5d80-b432-5f13f4d6660c', '543aeacf-d071-544c-bfde-41f8c8ec85a5', 6, 'b9602173-96da-5c52-a602-e1164a1ab9bd', '93741827-dfe5-532f-b651-6f5066cae0d5', 'f0d7d6b9-1f37-5f91-84db-1163a7c1f70b', 'Girls', 'Group V', 'seeded', '91a4ee38-420a-594d-b81c-5f33637d2b3c'),
  ('020fc3d2-a58c-50c5-8a2a-8fac5978d71f', '543aeacf-d071-544c-bfde-41f8c8ec85a5', 7, '2cc7dae8-5663-5660-b7c7-e26e616d3534', '7e8a6d53-4cc9-56c0-9892-437ca4607269', 'f0d7d6b9-1f37-5f91-84db-1163a7c1f70b', 'Girls', 'Group V', 'seeded', '25024314-e4af-5956-ba5e-92fa806e8743'),
  ('32d6c5b9-aff1-5b05-ab07-fa28145860c8', '543aeacf-d071-544c-bfde-41f8c8ec85a5', 8, '3fda3941-cd90-5bcb-b5ef-a9a839d97c32', '0ac41011-9d57-5ba2-9556-7590a8be8268', 'f0d7d6b9-1f37-5f91-84db-1163a7c1f70b', 'Girls', 'Group V', 'seeded', '2abc9d13-777d-5b58-9c42-4f3f0e17e196'),
  ('3cc9e98f-9804-556b-9df3-22283b76b5d6', '87a06f30-aac4-5254-81fc-27534400bbcf', 1, 'f70eb91a-3cd5-5073-9973-f620ab174c9d', 'bab3c4d4-7f1f-59e5-b05d-a4f543c06cfb', 'f0d7d6b9-1f37-5f91-84db-1163a7c1f70b', 'Girls', 'Group V', 'seeded', '0501f2f4-fd4f-5bdd-95ab-1f67e8bce0aa'),
  ('c687b8c8-1e6c-52b7-8e6c-a444ea3b976d', '87a06f30-aac4-5254-81fc-27534400bbcf', 2, 'c51eef5d-121b-50ef-8dbf-bda82683f4ce', '8204b741-70c6-5870-8811-971a3166ce18', 'f0d7d6b9-1f37-5f91-84db-1163a7c1f70b', 'Girls', 'Group V', 'seeded', '388a4bc8-1e90-56cb-91ee-f7b2a9fd1c19'),
  ('200ed62b-5535-58a1-9298-d72a8b11af00', '87a06f30-aac4-5254-81fc-27534400bbcf', 3, 'f2112c20-39ab-5650-8960-b0c1b0cf8286', '3729daa3-c8d0-535c-a116-bf50d128fe3d', 'f0d7d6b9-1f37-5f91-84db-1163a7c1f70b', 'Girls', 'Group V', 'seeded', 'be069740-0b53-5007-b8f3-3e8a5dcb7504'),
  ('b38f04a1-ef68-5b90-88de-491864e94815', '87a06f30-aac4-5254-81fc-27534400bbcf', 4, 'fc4f29d0-4b7f-54dd-ba17-832b7ef2cea3', '344b1543-dc60-5de6-a9fb-9ebbcde0d396', 'f0d7d6b9-1f37-5f91-84db-1163a7c1f70b', 'Girls', 'Group V', 'seeded', '51aa7a78-09fc-588a-8378-2fd9d30dd1d7'),
  ('8951de96-2788-5e66-80f7-864572edef18', '87a06f30-aac4-5254-81fc-27534400bbcf', 5, 'ba7225d2-e18b-5fb0-b75b-67e860e62547', '9e5798ac-57e7-543f-be64-1e9776770a2b', 'f0d7d6b9-1f37-5f91-84db-1163a7c1f70b', 'Girls', 'Group V', 'seeded', 'b1b46564-1e38-5ad9-9661-3125f782e146'),
  ('2570d71d-c20b-53aa-97e6-a748f8fc2080', '87a06f30-aac4-5254-81fc-27534400bbcf', 6, '9738c7b7-0464-5b7d-bd34-228f70af4598', '344b1543-dc60-5de6-a9fb-9ebbcde0d396', 'f0d7d6b9-1f37-5f91-84db-1163a7c1f70b', 'Girls', 'Group V', 'seeded', '3108ed55-0ad7-5e83-9445-2ec4737f76be'),
  ('e4716922-e272-5716-b4ae-3598a450d71a', '87a06f30-aac4-5254-81fc-27534400bbcf', 7, 'f2fb4d27-f3d0-5996-9947-bb81bf758164', '7e8a6d53-4cc9-56c0-9892-437ca4607269', 'f0d7d6b9-1f37-5f91-84db-1163a7c1f70b', 'Girls', 'Group V', 'seeded', 'e9f6b8b7-3d26-57e1-beb4-1f90dde57d2c'),
  ('aa83692f-e9ac-5e4a-8dac-07577d5b520e', '87a06f30-aac4-5254-81fc-27534400bbcf', 8, '8950d420-ff40-57b8-af27-4387f8ad4368', '344b1543-dc60-5de6-a9fb-9ebbcde0d396', 'f0d7d6b9-1f37-5f91-84db-1163a7c1f70b', 'Girls', 'Group V', 'seeded', 'fca20472-2736-5ca2-b591-066b60bfce69'),
  ('9211c953-7374-5f9d-b7db-7cd48fb94dcd', '7535e55e-522c-50b9-9a46-a0b06a2aa81d', 2, '477c2b2c-7d53-5a7c-aa7e-e8a3fb9dbc72', '4d9d1e27-c5d6-555b-880c-71593ea1291a', 'a1b5bc41-5ce5-50b2-ad14-5959454968b9', 'Boys', 'Group VI', 'seeded', '66daf9e2-d234-58f4-9641-b7ce7227ad6f'),
  ('97ad6d70-4b8a-55d5-bc18-31ac110fe13f', '7535e55e-522c-50b9-9a46-a0b06a2aa81d', 3, '37ecfb46-a39b-51b7-b7f2-50a2766612ec', '9e5798ac-57e7-543f-be64-1e9776770a2b', 'a1b5bc41-5ce5-50b2-ad14-5959454968b9', 'Boys', 'Group VI', 'seeded', '49447245-e98e-5583-b52d-2494778f7df8'),
  ('51f76d70-5c23-594e-817b-075f306bfe57', '7535e55e-522c-50b9-9a46-a0b06a2aa81d', 4, '1bc17963-ed7e-5abd-b3b7-fdcd639be104', '0ac41011-9d57-5ba2-9556-7590a8be8268', 'a1b5bc41-5ce5-50b2-ad14-5959454968b9', 'Boys', 'Group VI', 'seeded', '7b22ad8b-ff48-5c48-b4a7-dd8277012c2d'),
  ('0506b37c-7c29-5a5e-b179-55b257a36518', '7535e55e-522c-50b9-9a46-a0b06a2aa81d', 5, 'aeab18d4-f6aa-530a-908d-b393239c94ff', '4c684b5a-5ac6-53ee-a81e-980f4080f0fb', 'a1b5bc41-5ce5-50b2-ad14-5959454968b9', 'Boys', 'Group VI', 'seeded', 'f06d5a71-a8fb-53d1-b836-4b94d8c52dc0'),
  ('9a7208ac-1b96-5b11-b6f4-c494acd99b5a', '7535e55e-522c-50b9-9a46-a0b06a2aa81d', 6, '4e7dafee-83cb-538a-a15e-016aacb99688', '94afbc84-2f55-570d-9242-212f5ad7d1cd', 'a1b5bc41-5ce5-50b2-ad14-5959454968b9', 'Boys', 'Group VI', 'seeded', '65383bd4-5b08-5074-b1ee-fa10d1716aa8'),
  ('f4485b36-d4bb-5887-815a-972664b3123b', '7535e55e-522c-50b9-9a46-a0b06a2aa81d', 7, 'b9a431dd-ed9f-5a15-927e-90e92a062f3a', '344b1543-dc60-5de6-a9fb-9ebbcde0d396', 'a1b5bc41-5ce5-50b2-ad14-5959454968b9', 'Boys', 'Group VI', 'seeded', '932bbf55-a6f8-5461-99dd-a665275c61be'),
  ('7d267515-491b-566a-adf5-eea5e902537f', '54fba01c-c278-5845-86a8-6ce5d6b689fc', 1, '0c4e3da5-937d-560e-b09d-bf8b285aab91', '520633dd-1fc6-57f7-a2a8-29cfebf61e27', 'a1b5bc41-5ce5-50b2-ad14-5959454968b9', 'Boys', 'Group VI', 'seeded', 'cb61b8c6-fd29-5957-90b9-6c83b4aafc43'),
  ('5413c359-504c-5023-8d62-cd187552d2a1', '54fba01c-c278-5845-86a8-6ce5d6b689fc', 2, '5c4a1d67-a748-5410-884a-704fa0632084', '9e5798ac-57e7-543f-be64-1e9776770a2b', 'a1b5bc41-5ce5-50b2-ad14-5959454968b9', 'Boys', 'Group VI', 'seeded', '9789ef7c-c4ad-58d2-9559-ea01d926a982'),
  ('b1c62514-401d-5ffe-8b55-fe010c80d673', '54fba01c-c278-5845-86a8-6ce5d6b689fc', 3, '0f5ea764-fce2-5d7e-8977-7b2082fa7212', '8598a84d-d95a-587a-b1fd-d5c6a9ae9d39', 'a1b5bc41-5ce5-50b2-ad14-5959454968b9', 'Boys', 'Group VI', 'seeded', '0904fbf4-818b-5277-82f7-62b9b6cc6053'),
  ('18f111ff-ab9b-510b-ab8f-feea1e3fdcec', '54fba01c-c278-5845-86a8-6ce5d6b689fc', 4, '56460894-613a-5e60-9756-db929ca439a1', '0ac41011-9d57-5ba2-9556-7590a8be8268', 'a1b5bc41-5ce5-50b2-ad14-5959454968b9', 'Boys', 'Group VI', 'seeded', '432dcf07-cc44-52df-acc0-0e8bd26fbae2'),
  ('9c30ab01-85f1-50d7-875a-bc56306b4c79', '54fba01c-c278-5845-86a8-6ce5d6b689fc', 5, '6e13e37b-7227-516a-9bf1-d737a87f81b6', '344b1543-dc60-5de6-a9fb-9ebbcde0d396', 'a1b5bc41-5ce5-50b2-ad14-5959454968b9', 'Boys', 'Group VI', 'seeded', '29f17180-5cc0-50b1-a680-1b045e63c92d'),
  ('5c56cfdd-aa81-5f68-b596-50c4d24899c0', '54fba01c-c278-5845-86a8-6ce5d6b689fc', 6, '3b71b459-d6b8-5c56-86b9-8ccddea26e4a', '9e5798ac-57e7-543f-be64-1e9776770a2b', 'a1b5bc41-5ce5-50b2-ad14-5959454968b9', 'Boys', 'Group VI', 'seeded', '313c0e84-f7fc-5000-a511-184d0e817a44'),
  ('ad583c48-adbd-521e-b2b8-5a6bdd582b28', '54fba01c-c278-5845-86a8-6ce5d6b689fc', 7, '02b927c0-d5b8-5209-b21c-c47a9909ce8f', '00000000-0000-0000-0000-0000000000a1', 'a1b5bc41-5ce5-50b2-ad14-5959454968b9', 'Boys', 'Group VI', 'seeded', '5aacd517-f2c2-5458-b2e9-585d35aff099'),
  ('850fcd94-4a3e-5601-8366-0f6567986f57', '54fba01c-c278-5845-86a8-6ce5d6b689fc', 8, '21f19d09-e544-5732-b360-402778f99bd9', '344b1543-dc60-5de6-a9fb-9ebbcde0d396', 'a1b5bc41-5ce5-50b2-ad14-5959454968b9', 'Boys', 'Group VI', 'seeded', '72c5e9a5-8fec-54ca-b7db-f982a4fbe22c'),
  ('dadde53b-da10-55ba-b404-fd0ef713093b', '67f36eac-88f9-5779-a276-cb496f23982a', 1, '8658ef82-f448-5754-860a-84f981810fce', '344b1543-dc60-5de6-a9fb-9ebbcde0d396', 'a1b5bc41-5ce5-50b2-ad14-5959454968b9', 'Boys', 'Group VI', 'seeded', '0c638f05-15f0-5333-a06a-301ad6f2db75'),
  ('6b3463b3-df84-5269-832d-5a67084574be', '67f36eac-88f9-5779-a276-cb496f23982a', 2, 'e6924a37-bd8f-5d47-9883-4f9147aa17aa', '7e8a6d53-4cc9-56c0-9892-437ca4607269', 'a1b5bc41-5ce5-50b2-ad14-5959454968b9', 'Boys', 'Group VI', 'seeded', '99794e67-f4b9-5cae-ac36-876977067956'),
  ('c3455333-e594-5123-9fb0-b98d4bcacaa7', '67f36eac-88f9-5779-a276-cb496f23982a', 3, 'c8add5ba-7793-52a0-a65a-3febf2e246b3', '7e8a6d53-4cc9-56c0-9892-437ca4607269', 'a1b5bc41-5ce5-50b2-ad14-5959454968b9', 'Boys', 'Group VI', 'seeded', '0f535cfd-e205-55a4-8e47-6d86d94db2fa'),
  ('d4ec259f-5007-59b8-9db1-26c7e7553a95', '67f36eac-88f9-5779-a276-cb496f23982a', 4, '0f59d932-0f7b-5a36-8897-143bc8252123', '249e0cef-a92c-5b4b-b13f-d8d2f81aeedc', 'a1b5bc41-5ce5-50b2-ad14-5959454968b9', 'Boys', 'Group VI', 'seeded', '1a5f8691-5682-53ba-9838-fe2b8d298b4c'),
  ('6257691c-58f5-5f26-9f1b-7caf35cffe5b', '67f36eac-88f9-5779-a276-cb496f23982a', 5, 'be554da3-9be9-578a-9968-71726645bff0', '0ac41011-9d57-5ba2-9556-7590a8be8268', 'a1b5bc41-5ce5-50b2-ad14-5959454968b9', 'Boys', 'Group VI', 'seeded', '76bb6590-362b-53f4-bd8c-3f1b2786b1c2'),
  ('6ffdbd47-9c5f-55ba-a7b1-2bbaa3a6a029', '67f36eac-88f9-5779-a276-cb496f23982a', 6, 'd96d796e-b08b-5a9f-8e4b-d3d47ef0772e', '344b1543-dc60-5de6-a9fb-9ebbcde0d396', 'a1b5bc41-5ce5-50b2-ad14-5959454968b9', 'Boys', 'Group VI', 'seeded', '0d0f9dac-36f3-5ac9-b960-190cc8455faa'),
  ('091db9b9-b764-5702-be3b-8c7636fb1f4e', '67f36eac-88f9-5779-a276-cb496f23982a', 7, '65ac5220-b878-542b-8396-7af6b1dbb117', '04905c31-5d73-5cb9-91af-0dabc5ba572a', 'a1b5bc41-5ce5-50b2-ad14-5959454968b9', 'Boys', 'Group VI', 'seeded', 'ec53108b-3002-5422-af79-ceff8e2185f9'),
  ('c2ea344f-4ada-52a2-aa28-0c248156d216', '67f36eac-88f9-5779-a276-cb496f23982a', 8, '4d69186e-59a9-5103-9b17-a3e9cce0431a', '7e8a6d53-4cc9-56c0-9892-437ca4607269', 'a1b5bc41-5ce5-50b2-ad14-5959454968b9', 'Boys', 'Group VI', 'seeded', 'f6c801ab-58cf-55d1-9e6a-7ef4c5ec9b39'),
  ('c6c8e3b7-a559-559e-b3b6-ac50e6c7d9e3', '92636c42-5e25-58d7-95ce-86d7a91b57be', 1, 'e811f985-853b-5b78-a7ea-771d432ee8b2', '00000000-0000-0000-0000-0000000000a1', 'a1b5bc41-5ce5-50b2-ad14-5959454968b9', 'Boys', 'Group VI', 'seeded', 'ee0af7dd-2f62-5f6c-9151-e3cc0c587253'),
  ('5e975aad-f04a-5098-b259-de4b18f8d0be', '92636c42-5e25-58d7-95ce-86d7a91b57be', 2, '57d6f238-6ccd-53d9-a70b-b2e4d48c890c', '344b1543-dc60-5de6-a9fb-9ebbcde0d396', 'a1b5bc41-5ce5-50b2-ad14-5959454968b9', 'Boys', 'Group VI', 'seeded', '73253e63-9399-59cc-99a6-9a434061377d'),
  ('a74bda10-d2c9-5a2e-9b5b-3d319313cdf6', '92636c42-5e25-58d7-95ce-86d7a91b57be', 3, '702f3a10-f5d8-5220-b9ea-1cfae5035cec', 'bab3c4d4-7f1f-59e5-b05d-a4f543c06cfb', 'a1b5bc41-5ce5-50b2-ad14-5959454968b9', 'Boys', 'Group VI', 'seeded', 'e6f241a4-b9e0-5251-a25b-bab5fd8e4ac3'),
  ('d23273a3-355b-54b7-8d5f-b3b24b855064', '92636c42-5e25-58d7-95ce-86d7a91b57be', 4, 'c1b910f5-3498-5210-b81a-d1c7f57af006', '344b1543-dc60-5de6-a9fb-9ebbcde0d396', 'a1b5bc41-5ce5-50b2-ad14-5959454968b9', 'Boys', 'Group VI', 'seeded', '77edc1d0-3824-5421-a73c-9211f70cce02'),
  ('856f5576-f5f3-5477-99d6-65903ab59739', '92636c42-5e25-58d7-95ce-86d7a91b57be', 5, 'aead0c75-953b-5037-8a0c-c8ef3dd072f3', '344b1543-dc60-5de6-a9fb-9ebbcde0d396', 'a1b5bc41-5ce5-50b2-ad14-5959454968b9', 'Boys', 'Group VI', 'seeded', 'a10535d8-abf9-5a0b-b2e4-fefb035384f7'),
  ('09d8195a-415a-5d3b-ade7-445aa8221bec', '92636c42-5e25-58d7-95ce-86d7a91b57be', 6, '49b24391-8d74-5e15-946c-b6c987417b08', 'e85bf284-fd8f-5e64-b555-c134fef0064e', 'a1b5bc41-5ce5-50b2-ad14-5959454968b9', 'Boys', 'Group VI', 'seeded', '45f9f8a7-74dd-5383-a2eb-e6957e8750ea'),
  ('c0465c8e-ceb4-5068-a599-851c3e403df7', '92636c42-5e25-58d7-95ce-86d7a91b57be', 7, 'a2c04e56-8cb4-503a-8f9c-bc53a6dec206', '7e8a6d53-4cc9-56c0-9892-437ca4607269', 'a1b5bc41-5ce5-50b2-ad14-5959454968b9', 'Boys', 'Group VI', 'seeded', '3bc1de71-ed59-516f-bf45-98f392fadd37'),
  ('fde7d5b5-5760-5ad1-a5c3-24d3f69751b3', '92636c42-5e25-58d7-95ce-86d7a91b57be', 8, 'a1528e10-5f22-583a-9883-86d8c7374b24', '8d4059b5-a1e4-52f4-b162-4cb8bf91f4e6', 'a1b5bc41-5ce5-50b2-ad14-5959454968b9', 'Boys', 'Group VI', 'seeded', 'ff0f3161-96b9-5d71-89f6-35b238e1150a'),
  ('54e27274-c660-5b9f-a40a-2899b485211c', 'de1044e9-b369-5140-93fe-b4f8fe4ccc0e', 1, 'b0f4d992-df63-5cb7-b463-1998c05df13b', '94f69b27-2900-5e74-b884-1f6c1fe741b9', 'a1b5bc41-5ce5-50b2-ad14-5959454968b9', 'Boys', 'Group VI', 'seeded', 'b46cec84-3949-5cfd-beb1-3367bf0b7abe'),
  ('04941bda-920b-50dc-8f1a-c2f7a2fc9f05', 'de1044e9-b369-5140-93fe-b4f8fe4ccc0e', 2, 'fa36e627-59bd-54c3-a4c3-715a624ceda3', '0ac41011-9d57-5ba2-9556-7590a8be8268', 'a1b5bc41-5ce5-50b2-ad14-5959454968b9', 'Boys', 'Group VI', 'seeded', '0e96e75a-6180-5739-af5e-181500437bf2'),
  ('c1c880d3-e58b-5000-87e9-2af727ba8571', 'de1044e9-b369-5140-93fe-b4f8fe4ccc0e', 3, '485fa70b-35eb-5664-938f-44865337e56c', 'cf00c520-cf02-55ea-8867-f02644ec8045', 'a1b5bc41-5ce5-50b2-ad14-5959454968b9', 'Boys', 'Group VI', 'seeded', 'c0635aa0-bb45-571a-ab8c-1bf7c5591fbb'),
  ('f971e038-3b0d-51b9-a43f-d0a53d52c784', 'de1044e9-b369-5140-93fe-b4f8fe4ccc0e', 4, '9dc1ce6e-a8b3-5518-b12c-7fa7869aa9a6', '4d9d1e27-c5d6-555b-880c-71593ea1291a', 'a1b5bc41-5ce5-50b2-ad14-5959454968b9', 'Boys', 'Group VI', 'seeded', 'abd2ec94-9716-500a-bd74-091ef143d5e9'),
  ('8f0e2e46-5a35-53c8-83aa-7c2ead33089b', 'de1044e9-b369-5140-93fe-b4f8fe4ccc0e', 5, 'd24eaf39-53c1-5f9d-8be7-46720362ed4e', 'b3fb239e-d680-5f40-a2c3-a09c542965df', 'a1b5bc41-5ce5-50b2-ad14-5959454968b9', 'Boys', 'Group VI', 'seeded', '142a2316-c233-50d4-a5ba-292aeb0df45a'),
  ('f71bfcd3-b3ed-5b63-8fe8-4210a979adb6', 'de1044e9-b369-5140-93fe-b4f8fe4ccc0e', 6, 'b70fe90d-7503-5df8-ac8e-7a213d1664b1', '4d9d1e27-c5d6-555b-880c-71593ea1291a', 'a1b5bc41-5ce5-50b2-ad14-5959454968b9', 'Boys', 'Group VI', 'seeded', '17e4e202-b741-51a9-9710-14944765df2d'),
  ('6eab5142-8505-5aee-b5b8-f935d320563f', 'de1044e9-b369-5140-93fe-b4f8fe4ccc0e', 7, '81b7eb53-6ac4-5bb9-8ac5-38b76d682881', '89fff8d7-37aa-5452-b76f-9134218b1e8f', 'a1b5bc41-5ce5-50b2-ad14-5959454968b9', 'Boys', 'Group VI', 'seeded', '9890deb7-095f-555f-b83c-30f6c911dfc2'),
  ('83d79fb1-9ec6-5b5c-b8f4-0ba1eb1f20e2', 'de1044e9-b369-5140-93fe-b4f8fe4ccc0e', 8, '6f9d1249-7243-5b95-9ef1-57714da8b243', '7e8a6d53-4cc9-56c0-9892-437ca4607269', 'a1b5bc41-5ce5-50b2-ad14-5959454968b9', 'Boys', 'Group VI', 'seeded', '059b11a7-3d68-5bed-8451-1eba25ae25ea'),
  ('7e74d351-6fd3-511e-b620-aecc871ac217', '4403d171-7411-5143-814c-d75b63293939', 1, '599ee831-f751-55fa-8fac-6eee223c5e41', '00000000-0000-0000-0000-0000000000a1', 'a1b5bc41-5ce5-50b2-ad14-5959454968b9', 'Boys', 'Group VI', 'seeded', 'f2cb6973-4f3a-539f-936d-29ceeba9c0df'),
  ('f25f9c6b-707b-5b71-a5ef-424a6320afe2', '4403d171-7411-5143-814c-d75b63293939', 2, '62d6287f-a163-5ed0-98d2-aeeaa6b9af19', '344b1543-dc60-5de6-a9fb-9ebbcde0d396', 'a1b5bc41-5ce5-50b2-ad14-5959454968b9', 'Boys', 'Group VI', 'seeded', '578cd190-3923-597d-b1a1-fd6b03fce7b7'),
  ('e1ec3b79-2c30-5b65-a4bb-88ef397bcb42', '4403d171-7411-5143-814c-d75b63293939', 3, '2d12f071-1846-55e7-977c-4d00f041c6bb', '2c9dd30b-be9e-5c65-a862-a4817c4f2efc', 'a1b5bc41-5ce5-50b2-ad14-5959454968b9', 'Boys', 'Group VI', 'seeded', 'd49578e4-6b0d-5c1f-9a29-694b47a4745c'),
  ('fd4e3c56-e5d5-5099-bcd1-a7858c2cd647', '4403d171-7411-5143-814c-d75b63293939', 4, '46d4984c-67ad-514a-b2be-85e7926ddd86', 'e85bf284-fd8f-5e64-b555-c134fef0064e', 'a1b5bc41-5ce5-50b2-ad14-5959454968b9', 'Boys', 'Group VI', 'seeded', 'a1b52adb-0da9-5c68-aabf-d5c433529274'),
  ('b870f5d3-7602-515b-98e9-ee69e4e177d2', '4403d171-7411-5143-814c-d75b63293939', 5, '5fce07ac-38a9-5e3b-9caf-20437518ab9e', '344b1543-dc60-5de6-a9fb-9ebbcde0d396', 'a1b5bc41-5ce5-50b2-ad14-5959454968b9', 'Boys', 'Group VI', 'seeded', '14ee4f77-de46-52f9-9a26-58c9d8453d88'),
  ('cb2d0de5-b024-51ac-84e1-b51c18351ac5', '4403d171-7411-5143-814c-d75b63293939', 6, '2dc9351a-efd0-54d5-9d22-b01a47b40daa', '7e8a6d53-4cc9-56c0-9892-437ca4607269', 'a1b5bc41-5ce5-50b2-ad14-5959454968b9', 'Boys', 'Group VI', 'seeded', 'df7562b0-bab8-5565-89af-01d3e8315860'),
  ('ffbaf92f-fb2a-5ae7-9a4c-5539302a96c8', '4403d171-7411-5143-814c-d75b63293939', 7, 'b17199a5-467d-5031-8e8d-4a8752e820ac', '00000000-0000-0000-0000-0000000000a1', 'a1b5bc41-5ce5-50b2-ad14-5959454968b9', 'Boys', 'Group VI', 'seeded', '6021c7ba-5c56-55b3-8067-f646ad439768'),
  ('a95ba979-caa6-570f-aea9-0380cef332ef', '4403d171-7411-5143-814c-d75b63293939', 8, '3d3025f8-1978-5138-a062-b99bbe1cbcec', '94865e3f-f207-576f-a008-056ce7cceef0', 'a1b5bc41-5ce5-50b2-ad14-5959454968b9', 'Boys', 'Group VI', 'seeded', 'ac5387d2-343e-58db-be17-fd94cdfe2b32'),
  ('6a3171b8-7b1d-5e57-98cc-a0641fbde27c', '08a13c73-b042-58cb-8cd5-9e7692c5e955', 1, '5b2a43f3-2c48-57be-8e68-42974d12e6b2', 'e85bf284-fd8f-5e64-b555-c134fef0064e', 'a1b5bc41-5ce5-50b2-ad14-5959454968b9', 'Boys', 'Group VI', 'seeded', '27f1a176-a3e1-57ea-8e93-72af9849881d'),
  ('1fde6189-1cb5-5130-828e-55a581f93bcb', '08a13c73-b042-58cb-8cd5-9e7692c5e955', 2, 'deb5bd00-7c87-5977-8072-ee23f0e39d73', '7e8a6d53-4cc9-56c0-9892-437ca4607269', 'a1b5bc41-5ce5-50b2-ad14-5959454968b9', 'Boys', 'Group VI', 'seeded', '0046acc9-1289-5de5-a5a4-c291af381e26'),
  ('2eca635c-4073-5818-a558-55fe9b8c6f3c', '08a13c73-b042-58cb-8cd5-9e7692c5e955', 3, '64247ece-4961-5e76-857d-669cf200bf85', '7e8a6d53-4cc9-56c0-9892-437ca4607269', 'a1b5bc41-5ce5-50b2-ad14-5959454968b9', 'Boys', 'Group VI', 'seeded', 'c85b29a1-bbfe-5248-9d8b-a14933cd0112'),
  ('0d01f5ae-07dd-5c72-8605-18bf595c622c', '08a13c73-b042-58cb-8cd5-9e7692c5e955', 4, '9cf07dd6-3db4-5561-9987-2c2c00e54e1c', '1021a26a-0b00-597a-8cbc-ff36e5d9c769', 'a1b5bc41-5ce5-50b2-ad14-5959454968b9', 'Boys', 'Group VI', 'seeded', 'a7bc9cb4-ae0e-5b73-b9f2-b8cad0156b81'),
  ('d551638f-2967-5c8c-bee8-1bc9e22d1dae', '08a13c73-b042-58cb-8cd5-9e7692c5e955', 5, 'c16535b5-7f1d-5ad6-8c46-581acb8bd8e3', '3c2885d6-c220-5920-b054-765a2c1e85d5', 'a1b5bc41-5ce5-50b2-ad14-5959454968b9', 'Boys', 'Group VI', 'seeded', '6ecfa246-e3ff-573a-9b26-b3ec478a4bf2'),
  ('2fd71fcc-a87d-5595-b92f-814308c61c7e', '08a13c73-b042-58cb-8cd5-9e7692c5e955', 6, '0a425f03-3e44-577a-a91a-9841a0b8f12e', '7e8a6d53-4cc9-56c0-9892-437ca4607269', 'a1b5bc41-5ce5-50b2-ad14-5959454968b9', 'Boys', 'Group VI', 'seeded', '4caeae17-afeb-56c5-a525-a4706503359d'),
  ('18b5eff0-9ec3-5fa1-a098-5359c3dbc942', '08a13c73-b042-58cb-8cd5-9e7692c5e955', 7, 'c1b76912-59d0-5152-b523-4897421619fb', '344b1543-dc60-5de6-a9fb-9ebbcde0d396', 'a1b5bc41-5ce5-50b2-ad14-5959454968b9', 'Boys', 'Group VI', 'seeded', '10e6bad1-6396-59f5-b0e8-1b25153f4253'),
  ('1efb06e4-dd97-5fa1-b682-92e94519dab8', '08a13c73-b042-58cb-8cd5-9e7692c5e955', 8, '64d81fd4-8481-5956-88b4-826bf2121ea5', 'cf00c520-cf02-55ea-8867-f02644ec8045', 'a1b5bc41-5ce5-50b2-ad14-5959454968b9', 'Boys', 'Group VI', 'seeded', '3a03c2f9-eb6f-5428-a38e-9f0b660ec149'),
  ('42b89460-0985-5255-8a4c-639cc3c2f5da', '576a0a0f-a848-529d-9d97-d3aac60ce916', 1, 'df758f2c-0cd1-5341-8046-22b97c79d5a0', 'b3fb239e-d680-5f40-a2c3-a09c542965df', 'c454a137-f22e-5b8a-932e-2f5839382b13', 'Girls', 'Group VI', 'seeded', 'c10380e9-69c6-5646-8963-a841655178f5'),
  ('691c5502-66a4-5a72-9fb1-a278cb793167', '576a0a0f-a848-529d-9d97-d3aac60ce916', 2, 'f0ba5273-3645-5361-9a0b-c7a2f33db740', 'b3fb239e-d680-5f40-a2c3-a09c542965df', 'c454a137-f22e-5b8a-932e-2f5839382b13', 'Girls', 'Group VI', 'seeded', '4489ce80-c105-5a18-bcbe-e49b2044f59f'),
  ('3aa1bc1f-1668-52b5-9f14-0545bb3184be', '576a0a0f-a848-529d-9d97-d3aac60ce916', 3, '65dfde21-0def-5798-a87c-8e5fdbadf54f', '00000000-0000-0000-0000-0000000000a1', 'c454a137-f22e-5b8a-932e-2f5839382b13', 'Girls', 'Group VI', 'seeded', '024263eb-bbd2-5984-bcf8-99750e84b1e5'),
  ('8ab58e94-c556-5645-a898-73de8ee181d9', '576a0a0f-a848-529d-9d97-d3aac60ce916', 4, 'd08b42a6-1763-524a-af26-0a2803ef147b', '7e8a6d53-4cc9-56c0-9892-437ca4607269', 'c454a137-f22e-5b8a-932e-2f5839382b13', 'Girls', 'Group VI', 'seeded', 'c616bf15-d457-523d-b269-448c8140f327'),
  ('ba9f99ab-7806-5a96-9488-bb79b9f2e8a0', '576a0a0f-a848-529d-9d97-d3aac60ce916', 5, 'd6049bf2-0b2a-5d19-b8d1-ec3bb87c5a4f', '344b1543-dc60-5de6-a9fb-9ebbcde0d396', 'c454a137-f22e-5b8a-932e-2f5839382b13', 'Girls', 'Group VI', 'seeded', 'ac8e3ac9-b0eb-5278-a529-53e82132cb66'),
  ('6bda9b4a-2401-57ae-8701-e90f1b341ca4', '576a0a0f-a848-529d-9d97-d3aac60ce916', 6, '44913e22-1f74-56d0-a764-65fb6df840e0', '7edb0022-cd14-5006-bf83-f87d3be5e4ca', 'c454a137-f22e-5b8a-932e-2f5839382b13', 'Girls', 'Group VI', 'seeded', '8880f784-213c-5001-82ca-82370b93ec58'),
  ('dd42b1e3-5988-5790-9ada-678e4e6ca880', '576a0a0f-a848-529d-9d97-d3aac60ce916', 7, '946f6b2e-c350-5524-b95e-c0274b357d22', '7e8a6d53-4cc9-56c0-9892-437ca4607269', 'c454a137-f22e-5b8a-932e-2f5839382b13', 'Girls', 'Group VI', 'seeded', '4fcf237f-0adf-5530-a44c-ed955148389c'),
  ('bb61a222-a601-5059-8841-63f6f597aeeb', 'e07e2220-dc75-5e10-a782-a129b6fe845a', 1, '8aee3682-2c66-5565-aaa4-a1f308bc66d9', '8d4059b5-a1e4-52f4-b162-4cb8bf91f4e6', 'c454a137-f22e-5b8a-932e-2f5839382b13', 'Girls', 'Group VI', 'seeded', '03700067-580a-56c4-95e1-17edce56e615'),
  ('b1e8e203-488f-5960-9ce1-5c9a28f69f91', 'e07e2220-dc75-5e10-a782-a129b6fe845a', 2, '989624ca-328a-5a51-afda-e3f396f9474f', 'bab3c4d4-7f1f-59e5-b05d-a4f543c06cfb', 'c454a137-f22e-5b8a-932e-2f5839382b13', 'Girls', 'Group VI', 'seeded', 'b29897d1-60da-5e4b-889c-6d25685d338c'),
  ('90cbad8f-8e12-512a-b256-1dd7952c6e9d', 'e07e2220-dc75-5e10-a782-a129b6fe845a', 3, '89146cd1-3183-5d09-8d50-66cad17d2c67', '344b1543-dc60-5de6-a9fb-9ebbcde0d396', 'c454a137-f22e-5b8a-932e-2f5839382b13', 'Girls', 'Group VI', 'seeded', 'e4ab8584-7bf0-5dc2-974e-b1fc8e8151a1'),
  ('a214dc93-1a67-5692-8aee-46eace5ad44e', 'e07e2220-dc75-5e10-a782-a129b6fe845a', 4, '5f80bdf7-969e-5d10-b0da-0dfccda2ee12', '344b1543-dc60-5de6-a9fb-9ebbcde0d396', 'c454a137-f22e-5b8a-932e-2f5839382b13', 'Girls', 'Group VI', 'seeded', 'd83b0e59-3d45-5813-966b-b98848109e71'),
  ('f8280176-e536-5348-a7be-dcdc5f8e930b', 'e07e2220-dc75-5e10-a782-a129b6fe845a', 5, '01b91312-6663-5d24-837c-e58a5158df3a', '8ffa994a-472a-5688-bfe7-e6fd9681fe87', 'c454a137-f22e-5b8a-932e-2f5839382b13', 'Girls', 'Group VI', 'seeded', '3955625c-6121-5f4e-a0f5-6358c84bca3a'),
  ('e79022ee-35ca-55fc-8cc3-f2fe10a56264', 'e07e2220-dc75-5e10-a782-a129b6fe845a', 6, 'b3379ea2-496e-5bb6-a078-b886d541d3f0', '8d4059b5-a1e4-52f4-b162-4cb8bf91f4e6', 'c454a137-f22e-5b8a-932e-2f5839382b13', 'Girls', 'Group VI', 'seeded', '3a77274b-459c-5303-a5b9-14ddb39feaea'),
  ('169a45f5-a832-5b42-80e2-b865d732f6cb', 'e07e2220-dc75-5e10-a782-a129b6fe845a', 7, 'eb98407e-c4f1-58ba-b942-a4ddc9f10a2e', '89fff8d7-37aa-5452-b76f-9134218b1e8f', 'c454a137-f22e-5b8a-932e-2f5839382b13', 'Girls', 'Group VI', 'seeded', 'c876723d-199d-551e-9a81-cedc78f4c476'),
  ('fb9ca589-faff-52b1-855e-e1c6d427cb44', 'e07e2220-dc75-5e10-a782-a129b6fe845a', 8, 'a2a751da-8094-580e-86a0-76f8536646c2', '8204b741-70c6-5870-8811-971a3166ce18', 'c454a137-f22e-5b8a-932e-2f5839382b13', 'Girls', 'Group VI', 'seeded', '33f23770-c6a9-5467-9a8a-b8d25965eb36'),
  ('69edea49-588a-5503-9310-759bfc9dbc71', '633e2c75-b338-53b1-a411-01ab05e4d0d4', 1, '8192bfff-6cf4-5504-841e-22aed0df7680', '8d4059b5-a1e4-52f4-b162-4cb8bf91f4e6', 'c454a137-f22e-5b8a-932e-2f5839382b13', 'Girls', 'Group VI', 'seeded', '79f21fb1-4e02-5041-b05f-2c3cbf92031e'),
  ('81ae83b6-6e84-5665-9ace-237629c58d22', '633e2c75-b338-53b1-a411-01ab05e4d0d4', 2, 'ffa2f0cd-98d7-567b-b72f-6f63125de03d', 'dde3be27-8cca-578f-b726-7dd05d3d689f', 'c454a137-f22e-5b8a-932e-2f5839382b13', 'Girls', 'Group VI', 'seeded', 'fb4d0f34-fb76-5586-b0a9-e0e1a86289b1'),
  ('ced92b0b-0957-52ca-8158-556986564b5c', '633e2c75-b338-53b1-a411-01ab05e4d0d4', 3, '9f5493ce-a5d3-512e-b374-0ac84cdd70b8', '46c94418-9915-5783-a9dd-2dcfdd21920b', 'c454a137-f22e-5b8a-932e-2f5839382b13', 'Girls', 'Group VI', 'seeded', '628cb3b9-b702-5b55-babf-98f25cea781e'),
  ('8f98fb9a-95fb-58d2-8dfa-beaf7cc1ea18', '633e2c75-b338-53b1-a411-01ab05e4d0d4', 4, '622430d9-facc-5b1c-83af-3e2c22a442aa', '8204b741-70c6-5870-8811-971a3166ce18', 'c454a137-f22e-5b8a-932e-2f5839382b13', 'Girls', 'Group VI', 'seeded', 'cee7d515-bd42-5e67-8a16-6f2ec63ce564'),
  ('a809dc2f-9491-54a4-afb0-80ee2369e77c', '633e2c75-b338-53b1-a411-01ab05e4d0d4', 5, 'd67652cc-8028-5200-8c28-bfdd9813fcaf', '8204b741-70c6-5870-8811-971a3166ce18', 'c454a137-f22e-5b8a-932e-2f5839382b13', 'Girls', 'Group VI', 'seeded', 'adad2110-4f19-5f79-9723-a4087ad56ceb'),
  ('587406c5-c791-56cb-a885-ea9a077882ae', '633e2c75-b338-53b1-a411-01ab05e4d0d4', 6, 'a88d8a89-56a6-51ff-ab68-6ed693e78b73', '00000000-0000-0000-0000-0000000000a1', 'c454a137-f22e-5b8a-932e-2f5839382b13', 'Girls', 'Group VI', 'seeded', 'c0e1009f-3259-50d2-9ede-de0f56a486a5'),
  ('be105835-5fb7-58aa-a107-200bf2bbd97e', '633e2c75-b338-53b1-a411-01ab05e4d0d4', 7, '668c9772-efab-5670-9955-72c32b03a68b', '7e8a6d53-4cc9-56c0-9892-437ca4607269', 'c454a137-f22e-5b8a-932e-2f5839382b13', 'Girls', 'Group VI', 'seeded', 'c95c1a20-6520-5fc5-8a5e-0e8d9dc6867a'),
  ('7b714381-3e1e-5b53-860b-1bae6525a020', '633e2c75-b338-53b1-a411-01ab05e4d0d4', 8, 'd5deeec6-2fdb-5897-83e5-8e362c8d4e26', '93741827-dfe5-532f-b651-6f5066cae0d5', 'c454a137-f22e-5b8a-932e-2f5839382b13', 'Girls', 'Group VI', 'seeded', '8b6907d5-01b0-5f4e-b40b-7bf9dc298e88'),
  ('d6d3ee66-59a7-5586-97f9-ee7e1c73f2f4', 'c805559d-95eb-55f5-b09d-d015a63b4e5e', 1, '548c4c24-0683-57c8-a5b3-22f28f8081e5', '7e8a6d53-4cc9-56c0-9892-437ca4607269', 'c454a137-f22e-5b8a-932e-2f5839382b13', 'Girls', 'Group VI', 'seeded', '25a642ab-dd4a-5772-a9ba-9745a6941dbb'),
  ('79d7be4b-ead0-5016-9f83-a2e5dbe23e45', 'c805559d-95eb-55f5-b09d-d015a63b4e5e', 2, '5d6e0f3e-7e2d-568e-b151-aac5a44df6a7', '00000000-0000-0000-0000-0000000000a1', 'c454a137-f22e-5b8a-932e-2f5839382b13', 'Girls', 'Group VI', 'seeded', 'd6aaeced-b11e-5e2e-a51f-2510db07232a'),
  ('26412338-a805-5f08-aecf-bc5af70e8ad9', 'c805559d-95eb-55f5-b09d-d015a63b4e5e', 3, '9a68772d-3f47-5287-9a75-b45e74a4c118', 'ad4a9ed6-9619-5aa1-996e-8093f293e769', 'c454a137-f22e-5b8a-932e-2f5839382b13', 'Girls', 'Group VI', 'seeded', '77b3d0a4-e309-56f7-a662-762f1ecf88f6'),
  ('a20b89d2-54f9-500a-9cf4-2b43f531c001', 'c805559d-95eb-55f5-b09d-d015a63b4e5e', 4, 'a70113ec-19d8-5928-a329-d0460df58be6', '8d4059b5-a1e4-52f4-b162-4cb8bf91f4e6', 'c454a137-f22e-5b8a-932e-2f5839382b13', 'Girls', 'Group VI', 'seeded', '2a4be650-97de-59bc-b5a2-be67ad53d7c1'),
  ('1e2d8cd9-fc19-5e39-9762-43fbb945717f', 'c805559d-95eb-55f5-b09d-d015a63b4e5e', 5, 'b79327bd-2462-5d1c-bf33-dc3806262874', '344b1543-dc60-5de6-a9fb-9ebbcde0d396', 'c454a137-f22e-5b8a-932e-2f5839382b13', 'Girls', 'Group VI', 'seeded', 'af87bbaa-f724-5eda-9a67-5ee0f834ca71'),
  ('952e57bd-837a-5c2b-925c-f7d6cc228559', 'c805559d-95eb-55f5-b09d-d015a63b4e5e', 6, 'a732246e-e2d3-547e-a5e1-07f21a181905', '8204b741-70c6-5870-8811-971a3166ce18', 'c454a137-f22e-5b8a-932e-2f5839382b13', 'Girls', 'Group VI', 'seeded', 'a64f26c8-2675-54d7-befa-8d9783f835e6'),
  ('e995e87a-5735-5b49-82c6-930d79a67dfb', 'c805559d-95eb-55f5-b09d-d015a63b4e5e', 7, '157066d4-1e93-5627-8bbc-e94bd41aba53', '9e5798ac-57e7-543f-be64-1e9776770a2b', 'c454a137-f22e-5b8a-932e-2f5839382b13', 'Girls', 'Group VI', 'seeded', '1838ffd2-a5dc-51e6-900c-89b070f553bb'),
  ('80a046e8-879f-55bf-8f7d-660377abdcdd', 'c805559d-95eb-55f5-b09d-d015a63b4e5e', 8, 'e18ee38a-bda8-54fa-8e52-87750a12fc9d', '00000000-0000-0000-0000-0000000000a1', 'c454a137-f22e-5b8a-932e-2f5839382b13', 'Girls', 'Group VI', 'seeded', '20509c11-dafc-5316-a5e0-22c4ad349610'),
  ('462798c2-4204-5331-96dc-bfa3f099963c', '3bda075e-2ce0-5833-ae64-f2730aabf6b3', 1, '2fad9fbf-b399-58fb-9e7c-082fee5890e9', '8d4059b5-a1e4-52f4-b162-4cb8bf91f4e6', '9e891f41-58f9-50b6-9775-562d1ad5e664', 'Boys', 'Group III', 'seeded', '9b326043-9055-51d8-9c0f-42d2203726ea'),
  ('2ab07152-de84-5111-b356-a18048570f7c', '3bda075e-2ce0-5833-ae64-f2730aabf6b3', 2, '1c84e053-1e6c-5ca0-a9b4-91e735341fa1', '4c684b5a-5ac6-53ee-a81e-980f4080f0fb', '9e891f41-58f9-50b6-9775-562d1ad5e664', 'Boys', 'Group III', 'seeded', '60d5301e-966e-5444-bd94-7a7bee28552a'),
  ('a1d317a4-0aaa-5b3c-b421-ff55654d99e8', '3bda075e-2ce0-5833-ae64-f2730aabf6b3', 3, 'db7a8837-6d5c-5c23-bc93-f91c2095fccb', '8204b741-70c6-5870-8811-971a3166ce18', '9e891f41-58f9-50b6-9775-562d1ad5e664', 'Boys', 'Group III', 'seeded', '0fb292e7-8227-5a5f-b1dd-1c0c5cf4095a'),
  ('063f334b-bdb6-5f63-8227-f2cbe718b394', '3bda075e-2ce0-5833-ae64-f2730aabf6b3', 4, 'e51591fc-b992-5b0b-bb87-8b45eeece8db', 'e7c44d9c-0546-5ba2-a734-885a3e7027c5', '9e891f41-58f9-50b6-9775-562d1ad5e664', 'Boys', 'Group III', 'seeded', '5f9d97f7-0f98-595c-9436-c4519d48b6c4'),
  ('84ec56a8-f856-5337-83fa-29f160a8b745', '3bda075e-2ce0-5833-ae64-f2730aabf6b3', 5, 'cdc7428f-b53e-54a7-9d85-e155a2916687', '0ac41011-9d57-5ba2-9556-7590a8be8268', '9e891f41-58f9-50b6-9775-562d1ad5e664', 'Boys', 'Group III', 'seeded', 'b4dd50c4-f06a-5499-b0d9-01a0ff4ff27a'),
  ('e4d6c7a8-cdaf-50a3-a079-28280fc1f768', '3bda075e-2ce0-5833-ae64-f2730aabf6b3', 6, '84151641-2546-5620-85ad-ed863b43839e', '344b1543-dc60-5de6-a9fb-9ebbcde0d396', '9e891f41-58f9-50b6-9775-562d1ad5e664', 'Boys', 'Group III', 'seeded', 'e171dc02-ff31-5e3b-a6dd-edee55f04b1f'),
  ('b97b984c-815f-56db-854f-b7d53905bb5e', '3bda075e-2ce0-5833-ae64-f2730aabf6b3', 7, 'd3f2db5f-62b9-5372-8da0-3a82c5dae3d8', 'b86ceb48-7de2-5c75-a592-f977deb318a3', '9e891f41-58f9-50b6-9775-562d1ad5e664', 'Boys', 'Group III', 'seeded', '467dc814-9564-51fd-8b8f-eccfb75bf0dd'),
  ('f6f68f4c-1605-5051-ba89-20ca8d5d36a6', '87c90aed-152e-5287-92b0-f5d2c41651ab', 1, '7bb28c1b-88c8-50e6-8dc5-4f93dd1a4381', '3b30b256-e903-5043-937c-4d5667cbff47', '9e891f41-58f9-50b6-9775-562d1ad5e664', 'Boys', 'Group III', 'seeded', '7d815f04-8b5c-57c5-af76-b6d58d5d9237'),
  ('0499a323-c2c9-5eb6-bd2a-f8d97d6a9b6c', '87c90aed-152e-5287-92b0-f5d2c41651ab', 2, '9781aa06-2ff0-59f3-a212-6448cd398ee0', 'fdac6f26-1309-55d6-9904-0e8d7d434cb5', '9e891f41-58f9-50b6-9775-562d1ad5e664', 'Boys', 'Group III', 'seeded', '7f08795b-0245-5a60-bdc3-772b9c0aa609'),
  ('5b189235-8fd2-5588-8bb5-16d709b3775c', '87c90aed-152e-5287-92b0-f5d2c41651ab', 3, 'bf6c1176-3bc1-5c64-8bd5-ef24d984f619', '0ac41011-9d57-5ba2-9556-7590a8be8268', '9e891f41-58f9-50b6-9775-562d1ad5e664', 'Boys', 'Group III', 'seeded', '19c3a867-cbcc-5c81-a889-6ec15a17994c'),
  ('7a78b5c6-1fb3-5f2e-9864-8968c03e3ef1', '87c90aed-152e-5287-92b0-f5d2c41651ab', 4, '4f6e760c-b49a-5651-8471-005615655efe', 'e59c8987-4896-5ca7-8de1-3e3732deca8e', '9e891f41-58f9-50b6-9775-562d1ad5e664', 'Boys', 'Group III', 'seeded', '732dcbab-4555-5449-80ef-b7d7ace873bf'),
  ('ee4e5d9e-3493-5d80-a437-9ca0a2d79b64', '87c90aed-152e-5287-92b0-f5d2c41651ab', 5, '860d9c67-1a38-587d-893c-f2431803073f', '94afbc84-2f55-570d-9242-212f5ad7d1cd', '9e891f41-58f9-50b6-9775-562d1ad5e664', 'Boys', 'Group III', 'seeded', 'bbfac6fc-7eff-5491-8337-437c4bb96500'),
  ('f173f760-0919-5ebb-803e-5cd9e7e448f7', '87c90aed-152e-5287-92b0-f5d2c41651ab', 6, '85848465-2431-54fd-861b-b26f61333cc8', '344b1543-dc60-5de6-a9fb-9ebbcde0d396', '9e891f41-58f9-50b6-9775-562d1ad5e664', 'Boys', 'Group III', 'seeded', 'c0496497-cfa5-58fb-ae7e-7eb708ccadc8'),
  ('d3859ab0-6253-56bb-b13b-baffc40afbd2', '87c90aed-152e-5287-92b0-f5d2c41651ab', 7, '4047a6a1-1715-5ace-b181-219944dd01ad', 'f91ec5d8-a066-5b61-a403-e947068a2517', '9e891f41-58f9-50b6-9775-562d1ad5e664', 'Boys', 'Group III', 'seeded', '7a0fdfbd-0175-5e36-a282-ae3ffb7deb81'),
  ('d17fc024-03b2-52ee-8086-ab15b986a230', '87c90aed-152e-5287-92b0-f5d2c41651ab', 8, 'a52e0c2d-1f03-56db-bbb9-2de7773057af', '0ac41011-9d57-5ba2-9556-7590a8be8268', '9e891f41-58f9-50b6-9775-562d1ad5e664', 'Boys', 'Group III', 'seeded', '79a89147-423a-5840-bffe-d8c96ad9a0e9'),
  ('1ee63160-99fa-5113-a1a7-bea038b3e26a', '12850612-3ca6-53dc-9dc2-b96e7943680c', 1, 'c2665913-b7b3-598a-b554-69aeeee8cc17', '520633dd-1fc6-57f7-a2a8-29cfebf61e27', '9e891f41-58f9-50b6-9775-562d1ad5e664', 'Boys', 'Group III', 'seeded', '71c5a11c-1997-580a-b15b-3bb48c7bc164'),
  ('a00200eb-ac69-504a-b5ff-d2db9cacfda7', '12850612-3ca6-53dc-9dc2-b96e7943680c', 2, '4ad3c005-d696-5a2d-8090-3e0d8a305422', '344b1543-dc60-5de6-a9fb-9ebbcde0d396', '9e891f41-58f9-50b6-9775-562d1ad5e664', 'Boys', 'Group III', 'seeded', 'f875a55f-3aa2-55ab-ad68-338958f14993'),
  ('61cf6ea7-bd01-5b6e-9a02-5f1559c14695', '12850612-3ca6-53dc-9dc2-b96e7943680c', 3, 'ebbb2c5f-ea43-5802-862d-c8764714bbef', '9e5798ac-57e7-543f-be64-1e9776770a2b', '9e891f41-58f9-50b6-9775-562d1ad5e664', 'Boys', 'Group III', 'seeded', 'cf5e65d1-e2fd-554d-8ab4-713131cc6467'),
  ('6c46c329-3e4a-5a29-8dfe-9a6b08b92a2b', '12850612-3ca6-53dc-9dc2-b96e7943680c', 4, '77af679e-6559-5c1e-9a4e-ccbd1c1036a7', '344b1543-dc60-5de6-a9fb-9ebbcde0d396', '9e891f41-58f9-50b6-9775-562d1ad5e664', 'Boys', 'Group III', 'seeded', 'c5090de1-2e43-502d-aa3c-e996bb77e3b9'),
  ('c2362d40-33e4-53e8-b496-17635c8ccf7f', '12850612-3ca6-53dc-9dc2-b96e7943680c', 5, 'cd19f89e-5b07-5f7e-8345-3297b6025ae9', '9e5798ac-57e7-543f-be64-1e9776770a2b', '9e891f41-58f9-50b6-9775-562d1ad5e664', 'Boys', 'Group III', 'seeded', '86b2907d-8418-5252-9f06-f35b36354305'),
  ('79fd9bf1-90b3-543a-a87f-45987b562d1e', '12850612-3ca6-53dc-9dc2-b96e7943680c', 6, '011203b4-093d-5498-a973-0504c2494b14', 'e1a3b85d-c48f-5e70-9b74-2fcc9dd2d51b', '9e891f41-58f9-50b6-9775-562d1ad5e664', 'Boys', 'Group III', 'seeded', '0f53f849-4d14-5057-a45f-07c5a9b9d8f1'),
  ('ecc44847-99bf-5f64-87d9-85d53c3eebe4', '12850612-3ca6-53dc-9dc2-b96e7943680c', 7, '8d99a561-f326-5950-bc3f-4cd785999090', '344b1543-dc60-5de6-a9fb-9ebbcde0d396', '9e891f41-58f9-50b6-9775-562d1ad5e664', 'Boys', 'Group III', 'seeded', '0ae41c01-9a13-5f3b-a410-e2cb8d680361'),
  ('15a38551-db5d-5621-920c-95dc3d4f8e2e', '12850612-3ca6-53dc-9dc2-b96e7943680c', 8, '1f395744-8645-56ca-b649-803f147ddc35', 'b3fb239e-d680-5f40-a2c3-a09c542965df', '9e891f41-58f9-50b6-9775-562d1ad5e664', 'Boys', 'Group III', 'seeded', 'fa6762ab-7c6d-5925-91a1-453371ba497e'),
  ('0debf674-26f1-5f0c-9110-1affeb67fc49', '4ba450a8-a3db-5219-bb5c-aa31d43c873d', 1, '1384bfaf-ca67-5fe8-9a69-3fcdd36307f8', '5e3a856f-360a-5982-86ab-e4cbb336fe21', '9e891f41-58f9-50b6-9775-562d1ad5e664', 'Boys', 'Group III', 'seeded', 'ad7a717d-8e14-57c5-89b3-ae61ac534b1c'),
  ('320bce81-2c79-53f6-a44e-8a9ca04d5b52', '4ba450a8-a3db-5219-bb5c-aa31d43c873d', 2, '1a73b34b-65d8-5788-83e4-e535aa7cb29a', '7e8a6d53-4cc9-56c0-9892-437ca4607269', '9e891f41-58f9-50b6-9775-562d1ad5e664', 'Boys', 'Group III', 'seeded', '987d3d14-8d7c-5a36-8ece-dcaf85fa4f8f'),
  ('e0715210-0ef9-5a0a-850e-a5a961cf2932', '4ba450a8-a3db-5219-bb5c-aa31d43c873d', 3, 'c64c0fc0-ba2a-5a0b-9e5c-ef17b46b1fd2', '344b1543-dc60-5de6-a9fb-9ebbcde0d396', '9e891f41-58f9-50b6-9775-562d1ad5e664', 'Boys', 'Group III', 'seeded', 'b0ef1550-bf9e-5660-9e6e-4b11130c4ab3'),
  ('52bc3829-af63-5709-89fd-a7fabdf895ca', '4ba450a8-a3db-5219-bb5c-aa31d43c873d', 4, '63e402f5-3589-54fd-b5d0-00db379f8911', '344b1543-dc60-5de6-a9fb-9ebbcde0d396', '9e891f41-58f9-50b6-9775-562d1ad5e664', 'Boys', 'Group III', 'seeded', '6f4767b2-391c-54ec-af89-1daf6a64bf97'),
  ('b6899a41-8535-5daf-90a8-3ce81e18f1ca', '4ba450a8-a3db-5219-bb5c-aa31d43c873d', 5, '18526dab-f535-5a22-99c8-7c4a04d39538', '9e5798ac-57e7-543f-be64-1e9776770a2b', '9e891f41-58f9-50b6-9775-562d1ad5e664', 'Boys', 'Group III', 'seeded', '4efa831e-7968-5b7d-8260-fec26e689f18'),
  ('5f3c6a6a-4b41-50bc-a13c-76d36005fea1', '4ba450a8-a3db-5219-bb5c-aa31d43c873d', 6, 'd5d523e8-27cb-5f6a-86bf-f374c3ae06a9', '8204b741-70c6-5870-8811-971a3166ce18', '9e891f41-58f9-50b6-9775-562d1ad5e664', 'Boys', 'Group III', 'seeded', '52f5d80d-284d-56c6-ba53-bb3611920e44'),
  ('c7016f5d-9789-53d9-affc-fff11f6b8f33', '4ba450a8-a3db-5219-bb5c-aa31d43c873d', 7, '2cf009d7-3e57-5b0d-bdeb-dcad8e561fe7', '7469bc80-fd06-5028-8033-aeb9008a4507', '9e891f41-58f9-50b6-9775-562d1ad5e664', 'Boys', 'Group III', 'seeded', 'c0d6379f-7b4d-532c-b82a-df03af7de2b8'),
  ('999c0aeb-984e-5703-b0c3-7abed4f7dc4e', '4ba450a8-a3db-5219-bb5c-aa31d43c873d', 8, '7c7f789e-22b8-5f10-9731-91030a6303d4', 'b86ceb48-7de2-5c75-a592-f977deb318a3', '9e891f41-58f9-50b6-9775-562d1ad5e664', 'Boys', 'Group III', 'seeded', 'cb640a93-7dfc-549a-b28c-44818f96792b'),
  ('ca0ec707-16bd-5f94-8eb6-f12f85eb193f', 'd34e76fc-0e44-5179-9965-544ab2486ce4', 1, 'd864402a-6c96-5600-87bb-34f1ea6c2515', 'b853f2f0-09a5-5287-adf4-c2cd3385e5f2', '9e891f41-58f9-50b6-9775-562d1ad5e664', 'Boys', 'Group III', 'seeded', 'c828af96-f58e-5f9b-a3af-9a1ed81e223e'),
  ('35019569-496a-5d44-917c-862eebcf91ba', 'd34e76fc-0e44-5179-9965-544ab2486ce4', 2, 'ebd60418-ffc4-5892-98d0-f04d08de7997', '520633dd-1fc6-57f7-a2a8-29cfebf61e27', '9e891f41-58f9-50b6-9775-562d1ad5e664', 'Boys', 'Group III', 'seeded', '099ebdbc-ac38-5bed-9e8f-9d767213225e'),
  ('bafc669b-32ad-506c-9c6c-7bb5cf2e49ae', 'd34e76fc-0e44-5179-9965-544ab2486ce4', 3, '3e95c200-b9e1-56b2-85c4-8933caef3dc5', 'b86ceb48-7de2-5c75-a592-f977deb318a3', '9e891f41-58f9-50b6-9775-562d1ad5e664', 'Boys', 'Group III', 'seeded', '21fa348f-81e0-52ed-bb3a-5dc14c7039d7'),
  ('8bf8dab6-d606-527b-9fe3-3cbfc3799d53', 'd34e76fc-0e44-5179-9965-544ab2486ce4', 4, '28e810ac-243a-5422-89d1-5815e9168c79', 'a52a36ca-9b28-58cd-af06-95d9672a956c', '9e891f41-58f9-50b6-9775-562d1ad5e664', 'Boys', 'Group III', 'seeded', '7bfc9a43-ff2e-5cfe-9ac6-f974b4c4ffb0'),
  ('99e958b0-7d8d-5416-8569-07c833fa1cd0', 'd34e76fc-0e44-5179-9965-544ab2486ce4', 5, '30f85f53-b507-5673-b289-7607abbbefe0', '7e8a6d53-4cc9-56c0-9892-437ca4607269', '9e891f41-58f9-50b6-9775-562d1ad5e664', 'Boys', 'Group III', 'seeded', '1dd5661a-1544-5860-a9bc-667c934fcb4b'),
  ('147ed289-eb58-5486-bf57-0ccd6fb55558', 'd34e76fc-0e44-5179-9965-544ab2486ce4', 6, '5557cb15-2c31-5d6f-bbba-d2f4321c4e57', '5b5fdbb8-bd84-53b0-8f08-6f2a79cae3c4', '9e891f41-58f9-50b6-9775-562d1ad5e664', 'Boys', 'Group III', 'seeded', 'a135764e-386d-5492-90c8-984c55836ae2'),
  ('12517485-7caa-5cbb-b38c-7642c7136ebb', 'd34e76fc-0e44-5179-9965-544ab2486ce4', 7, 'd40e8997-128e-5c53-a89b-1fe33feaa96c', '2c9dd30b-be9e-5c65-a862-a4817c4f2efc', '9e891f41-58f9-50b6-9775-562d1ad5e664', 'Boys', 'Group III', 'seeded', '75a7952e-c276-5fa5-88d8-4b91bf8a6d87'),
  ('ea47d852-5e2c-55df-acb3-b780c91ec593', 'd34e76fc-0e44-5179-9965-544ab2486ce4', 8, 'e99dcb9b-6d95-537f-9d43-2da37e6e4ff2', '344b1543-dc60-5de6-a9fb-9ebbcde0d396', '9e891f41-58f9-50b6-9775-562d1ad5e664', 'Boys', 'Group III', 'seeded', '734d2612-acfe-5946-9e4d-d0a2168271c8'),
  ('5b0ca127-f37e-5fc6-8350-9050e36d9f51', '392e63f5-9924-5889-9b2e-eb7954beb8c6', 1, '543aeb71-27c5-5012-a38e-98a995f9943f', '94865e3f-f207-576f-a008-056ce7cceef0', '9e891f41-58f9-50b6-9775-562d1ad5e664', 'Boys', 'Group III', 'seeded', '90d53e8e-9ed3-564f-83fc-8033e752eca0'),
  ('b2ce531f-9c70-5e44-ac60-2b1c4b94a53f', '392e63f5-9924-5889-9b2e-eb7954beb8c6', 2, '7c0fe704-4492-5949-b432-1c6c062c7b12', '0ac41011-9d57-5ba2-9556-7590a8be8268', '9e891f41-58f9-50b6-9775-562d1ad5e664', 'Boys', 'Group III', 'seeded', 'dc0a4abc-97d0-545e-8c57-c3c92c8ee098'),
  ('0b4d8b14-a414-5e66-bbf8-96fa1b0048c5', '392e63f5-9924-5889-9b2e-eb7954beb8c6', 3, '5fcd0814-9ee3-5781-92db-aab7795a4246', '344b1543-dc60-5de6-a9fb-9ebbcde0d396', '9e891f41-58f9-50b6-9775-562d1ad5e664', 'Boys', 'Group III', 'seeded', '3b9ca583-d6f1-5b55-a2db-f9d1f9951855'),
  ('54df6273-6e3b-5292-a4b8-a511911bfe32', '392e63f5-9924-5889-9b2e-eb7954beb8c6', 4, '896faf45-3f28-5992-bda8-2373ce2e7f0e', '7edb0022-cd14-5006-bf83-f87d3be5e4ca', '9e891f41-58f9-50b6-9775-562d1ad5e664', 'Boys', 'Group III', 'seeded', '982439ba-3c2f-5ed8-a514-4d2c373a59af'),
  ('1aebcbe1-3671-5d08-9be5-c9a24c0c83a8', '392e63f5-9924-5889-9b2e-eb7954beb8c6', 5, '349acbff-997f-50d5-89c9-525cca779be9', '94afbc84-2f55-570d-9242-212f5ad7d1cd', '9e891f41-58f9-50b6-9775-562d1ad5e664', 'Boys', 'Group III', 'seeded', '6dba8381-3f6e-5a08-811e-fbd5ae4c72bd'),
  ('30f930d2-eaab-5dba-8c23-76ff04c52655', '392e63f5-9924-5889-9b2e-eb7954beb8c6', 6, 'f55b514e-922f-5d7f-8eef-7632ffe52497', '2c9dd30b-be9e-5c65-a862-a4817c4f2efc', '9e891f41-58f9-50b6-9775-562d1ad5e664', 'Boys', 'Group III', 'seeded', 'afc1a2ca-8b95-5be1-a336-65c79417fcda'),
  ('038ecb4c-89aa-5244-b3ed-adf6d6b8fff0', '392e63f5-9924-5889-9b2e-eb7954beb8c6', 7, '28356618-0051-51b9-97f7-146934ff57ae', 'ed88d3bc-c065-5209-9304-730080420f1e', '9e891f41-58f9-50b6-9775-562d1ad5e664', 'Boys', 'Group III', 'seeded', '6eab2715-f7d5-5a59-9587-6cf54fe340d4'),
  ('35d17d24-042e-589f-9d44-5ae9c4bcc903', '392e63f5-9924-5889-9b2e-eb7954beb8c6', 8, 'c0686737-01b0-5840-9857-23e3ee02b757', '344b1543-dc60-5de6-a9fb-9ebbcde0d396', '9e891f41-58f9-50b6-9775-562d1ad5e664', 'Boys', 'Group III', 'seeded', '6f7e296b-c41f-529e-84d8-a8b782d3d594'),
  ('ae11a5b2-068f-5bd5-ab37-56ad004c5a7b', 'dfae986f-cdfa-5ff4-88c6-002cb32873be', 1, 'e6a472ac-80c6-5c86-91e0-9636ed1f35df', 'b86ceb48-7de2-5c75-a592-f977deb318a3', '9e891f41-58f9-50b6-9775-562d1ad5e664', 'Boys', 'Group III', 'seeded', 'b294a475-04ec-53df-bacc-7c2d0877c6c2'),
  ('28bd750f-0dde-56c7-a5be-cff67e3f6568', 'dfae986f-cdfa-5ff4-88c6-002cb32873be', 2, '0a870465-ba59-56e3-ae52-6517334ba43e', 'cf00c520-cf02-55ea-8867-f02644ec8045', '9e891f41-58f9-50b6-9775-562d1ad5e664', 'Boys', 'Group III', 'seeded', '0355cdd5-6e88-5615-9435-b23146d3f2de'),
  ('1f26dd87-3507-526c-b27c-b2501821bad3', 'dfae986f-cdfa-5ff4-88c6-002cb32873be', 3, '2349f3d2-fa87-5f45-8576-14b8dcbb2320', '8c61fec8-40e9-572f-8ebd-4290dbdffbec', '9e891f41-58f9-50b6-9775-562d1ad5e664', 'Boys', 'Group III', 'seeded', '22d273e3-ab30-5546-9d03-bc4b08be5caf'),
  ('71ff5246-3b73-5032-a3ff-e76265216a08', 'dfae986f-cdfa-5ff4-88c6-002cb32873be', 4, 'c679e699-0550-5c3f-8acf-8c7086458391', '344b1543-dc60-5de6-a9fb-9ebbcde0d396', '9e891f41-58f9-50b6-9775-562d1ad5e664', 'Boys', 'Group III', 'seeded', 'be0d3e8e-94a1-5c57-ba89-a164b2f69efc'),
  ('fdea9f6a-e6e4-5f77-8619-f5be64ce58fc', 'dfae986f-cdfa-5ff4-88c6-002cb32873be', 5, '2e0faaf0-b2c0-516e-92db-958bc4ac0fbe', '9e5798ac-57e7-543f-be64-1e9776770a2b', '9e891f41-58f9-50b6-9775-562d1ad5e664', 'Boys', 'Group III', 'seeded', '88c2e715-606b-5fb8-a012-5147e2a5017c'),
  ('7de316e6-a620-581a-8303-fd11608553af', 'dfae986f-cdfa-5ff4-88c6-002cb32873be', 6, 'c3adff44-32b6-54f9-84ce-6ca39132df22', '9e5798ac-57e7-543f-be64-1e9776770a2b', '9e891f41-58f9-50b6-9775-562d1ad5e664', 'Boys', 'Group III', 'seeded', 'f58bfa73-cbbe-598c-a1d0-6060ec48a802'),
  ('80b0c5d3-3c78-5674-9089-5bbfcfdd8e6c', 'dfae986f-cdfa-5ff4-88c6-002cb32873be', 7, '94676fc5-04c3-522f-9822-c281bd77b8ba', '00000000-0000-0000-0000-0000000000a1', '9e891f41-58f9-50b6-9775-562d1ad5e664', 'Boys', 'Group III', 'seeded', '2a7bb719-8cb5-5690-b323-08dae1201622'),
  ('6ce10a49-384f-5c96-874d-8815bbfcce05', 'dfae986f-cdfa-5ff4-88c6-002cb32873be', 8, '0f019533-0bf4-5906-b8e6-8f07fa0f8d95', '00000000-0000-0000-0000-0000000000a1', '9e891f41-58f9-50b6-9775-562d1ad5e664', 'Boys', 'Group III', 'seeded', '6d8adfc6-bafb-5cc6-8c53-ee22233d16a5'),
  ('f1a469b4-a013-5f56-b4ad-bf205c0b0597', '69d21fb7-f180-5133-8a75-f4657946a0eb', 1, '475ff1f9-69f9-5601-a301-d97a5e061234', '344b1543-dc60-5de6-a9fb-9ebbcde0d396', '9e891f41-58f9-50b6-9775-562d1ad5e664', 'Boys', 'Group III', 'seeded', 'c941e625-57b9-5b21-9679-5919d956d9b0'),
  ('e69e3e0d-eaf8-5d97-bb70-33396632f6f9', '69d21fb7-f180-5133-8a75-f4657946a0eb', 2, '31565ea6-61f8-5b01-b81c-84d41fe6931c', '7e8a6d53-4cc9-56c0-9892-437ca4607269', '9e891f41-58f9-50b6-9775-562d1ad5e664', 'Boys', 'Group III', 'seeded', '375641c3-d685-501c-9bb4-0ec39946c52d'),
  ('10c0bf25-12f1-5506-9916-7db2fca0a246', '69d21fb7-f180-5133-8a75-f4657946a0eb', 3, '6bf85a9e-c7cf-516f-a256-44b19520ef33', '2c718b49-c661-50a4-8563-a41a42b5cc5d', '9e891f41-58f9-50b6-9775-562d1ad5e664', 'Boys', 'Group III', 'seeded', '3db9f485-4c59-5ab4-925c-2dd9908f7052'),
  ('4d183027-b57a-5359-bf2f-020535c87b5f', '69d21fb7-f180-5133-8a75-f4657946a0eb', 4, 'e67f7b27-fd70-595c-832e-cda4098b7d2f', '00000000-0000-0000-0000-0000000000a1', '9e891f41-58f9-50b6-9775-562d1ad5e664', 'Boys', 'Group III', 'seeded', 'e2dfd9ae-079e-565d-8edb-68a7ddefb548'),
  ('e47d849a-f755-5f4f-8a0d-11e27137c144', '69d21fb7-f180-5133-8a75-f4657946a0eb', 5, 'e0289f5a-2394-5442-a84e-128f44155c12', '7e8a6d53-4cc9-56c0-9892-437ca4607269', '9e891f41-58f9-50b6-9775-562d1ad5e664', 'Boys', 'Group III', 'seeded', '091f67f8-dbe6-5071-ab3d-c607ff9f9a2a'),
  ('2b092624-ace9-51a7-93c4-443b26ca5e59', '69d21fb7-f180-5133-8a75-f4657946a0eb', 6, 'f93337df-bc99-54e4-a8df-ffd06ea3f496', '344b1543-dc60-5de6-a9fb-9ebbcde0d396', '9e891f41-58f9-50b6-9775-562d1ad5e664', 'Boys', 'Group III', 'seeded', '63e985d9-35e4-5bfc-b60a-1f81fa85c5c7'),
  ('b7ca85ce-313b-5e1a-8d70-5724ec7d3bdd', '69d21fb7-f180-5133-8a75-f4657946a0eb', 7, '1ea6daef-53a6-5def-9150-367620330e87', '344b1543-dc60-5de6-a9fb-9ebbcde0d396', '9e891f41-58f9-50b6-9775-562d1ad5e664', 'Boys', 'Group III', 'seeded', 'f3162da4-0a60-5bae-a4b6-be45643d6388'),
  ('edcdf0ff-24fd-5b18-8b5d-b22df232300a', '69d21fb7-f180-5133-8a75-f4657946a0eb', 8, '93646a0c-12e7-5b8c-b520-09379015f0f7', '8d4059b5-a1e4-52f4-b162-4cb8bf91f4e6', '9e891f41-58f9-50b6-9775-562d1ad5e664', 'Boys', 'Group III', 'seeded', 'f40ae0d6-0933-5f82-a6bc-3d7369ae95d6'),
  ('68e2f2fc-cc17-5632-8348-1f86c90088e7', '63ce4ae3-2e26-5b45-b144-8857268ee4e0', 1, 'b7278d7a-00cb-5bc9-aab3-3d849cd8633e', '7e8a6d53-4cc9-56c0-9892-437ca4607269', '9e891f41-58f9-50b6-9775-562d1ad5e664', 'Boys', 'Group III', 'seeded', '3fcc4c33-8047-5688-beab-6ffef09a7ffd'),
  ('6df30442-c091-5482-b2f4-81086c3978a8', '63ce4ae3-2e26-5b45-b144-8857268ee4e0', 2, 'e236872d-08ab-5696-9bcc-db47d7e2ccc5', '7e8a6d53-4cc9-56c0-9892-437ca4607269', '9e891f41-58f9-50b6-9775-562d1ad5e664', 'Boys', 'Group III', 'seeded', '2905d7e6-86cf-5ef8-9787-84e511862aa5'),
  ('4f2b5b06-915b-5aa1-9ae5-951f5a40af82', '63ce4ae3-2e26-5b45-b144-8857268ee4e0', 3, '05ec9eb9-4208-50d8-b934-e7b277dcc435', '7e8a6d53-4cc9-56c0-9892-437ca4607269', '9e891f41-58f9-50b6-9775-562d1ad5e664', 'Boys', 'Group III', 'seeded', 'ab774436-1582-5a26-8baa-28933402ef53'),
  ('e5a0e9f6-a6c8-5d9d-8080-b241dcdf678d', '63ce4ae3-2e26-5b45-b144-8857268ee4e0', 4, '38584aee-23fe-5794-9b0a-16b5c89ae5e7', '344b1543-dc60-5de6-a9fb-9ebbcde0d396', '9e891f41-58f9-50b6-9775-562d1ad5e664', 'Boys', 'Group III', 'seeded', 'd9cbc71b-c305-5f77-8344-8cfa10766504'),
  ('88ca1139-65d8-5816-b9d5-2d977f586867', '63ce4ae3-2e26-5b45-b144-8857268ee4e0', 5, 'd3d06515-c163-5bf2-8c41-5e310f79f4e7', 'e59c8987-4896-5ca7-8de1-3e3732deca8e', '9e891f41-58f9-50b6-9775-562d1ad5e664', 'Boys', 'Group III', 'seeded', 'c37af233-2add-57a9-aa75-8862b6b054be'),
  ('1cfb4509-4d57-599e-a261-548e83d6bb27', '63ce4ae3-2e26-5b45-b144-8857268ee4e0', 6, 'fdee72de-9704-565c-8098-fc081dffba3e', 'a9b325c9-be82-5365-a085-e36890c311c2', '9e891f41-58f9-50b6-9775-562d1ad5e664', 'Boys', 'Group III', 'seeded', 'd44d364a-3685-5cf6-9796-0c34673e5565'),
  ('3e58e9a6-5029-50f3-ac62-f6229f07d961', '63ce4ae3-2e26-5b45-b144-8857268ee4e0', 7, '9fae1928-fd44-511b-b1d8-34f00cec7f85', 'ed88d3bc-c065-5209-9304-730080420f1e', '9e891f41-58f9-50b6-9775-562d1ad5e664', 'Boys', 'Group III', 'seeded', '3d9671da-47d0-5b70-a7df-f3d90551294a'),
  ('89ce3259-d830-5a8c-8ec3-57a9d513099d', '63ce4ae3-2e26-5b45-b144-8857268ee4e0', 8, 'ac2adedf-7c4c-56fd-80af-e8da6b807970', '3c2885d6-c220-5920-b054-765a2c1e85d5', '9e891f41-58f9-50b6-9775-562d1ad5e664', 'Boys', 'Group III', 'seeded', '41ce64e0-5d4c-5a5a-a48d-71d3a535991e'),
  ('5dae107d-a400-5579-a95d-0df32f89f822', '49993d65-12f9-5863-a704-5c60db7d51dd', 1, '24079fb1-7a7e-528d-acb0-ed38c6c2c4ce', '7e8a6d53-4cc9-56c0-9892-437ca4607269', '9e891f41-58f9-50b6-9775-562d1ad5e664', 'Boys', 'Group III', 'seeded', '74f4c8c4-f125-502f-a484-c265079a4648'),
  ('55765855-a62b-5257-aaf5-8f3cfdb3d3ed', '49993d65-12f9-5863-a704-5c60db7d51dd', 2, '6bc0d8e5-8b47-53be-9655-f7b6cb3d0e87', '31f274c3-f759-5c45-a8e2-ea9280942a31', '9e891f41-58f9-50b6-9775-562d1ad5e664', 'Boys', 'Group III', 'seeded', '7e5d90c0-848f-54d8-bc71-1d765ac69080'),
  ('5bc01e2d-60cf-51a8-923c-47b75dd6c73f', '49993d65-12f9-5863-a704-5c60db7d51dd', 3, 'c9af0446-c495-5e0f-aa69-3eb6a7f85c1b', '344b1543-dc60-5de6-a9fb-9ebbcde0d396', '9e891f41-58f9-50b6-9775-562d1ad5e664', 'Boys', 'Group III', 'seeded', 'c905b1db-ed3c-53fa-8839-b54fa088bb0f'),
  ('0c648a8e-6a80-5616-aa20-3d6afbaef03d', '49993d65-12f9-5863-a704-5c60db7d51dd', 4, 'ce3410ee-32f7-5363-b4f2-d00324b2b2c3', '0ac41011-9d57-5ba2-9556-7590a8be8268', '9e891f41-58f9-50b6-9775-562d1ad5e664', 'Boys', 'Group III', 'seeded', '243519ff-ec0c-5a5c-910a-b463bd606c0a'),
  ('8c07f3a6-d9cf-501c-9f54-154a10ae800f', '49993d65-12f9-5863-a704-5c60db7d51dd', 5, '6fc4d67e-a69d-5bc0-9c72-0c91cafaf89b', '00000000-0000-0000-0000-0000000000a1', '9e891f41-58f9-50b6-9775-562d1ad5e664', 'Boys', 'Group III', 'seeded', 'ae82c970-ecdd-585f-9920-4965af38711b'),
  ('063a601c-efa4-547e-9502-88190a6f38bf', '49993d65-12f9-5863-a704-5c60db7d51dd', 6, 'bf6eac06-283c-5167-8848-2dab714ff314', '0ac41011-9d57-5ba2-9556-7590a8be8268', '9e891f41-58f9-50b6-9775-562d1ad5e664', 'Boys', 'Group III', 'seeded', '0af69714-fea5-5960-b213-34dab4f1cc68'),
  ('fd953a73-e260-51a5-b866-794f625b313f', '49993d65-12f9-5863-a704-5c60db7d51dd', 7, '02f6ecec-d357-54ce-a54b-ed82db3b98a0', '4cf02ded-3103-5c97-9b7a-06ee026686d7', '9e891f41-58f9-50b6-9775-562d1ad5e664', 'Boys', 'Group III', 'seeded', '087d7cb4-f179-5b3b-993f-0eb1e2e95ec8'),
  ('56180416-5907-55d0-80f7-4b1aad7db71b', '49993d65-12f9-5863-a704-5c60db7d51dd', 8, '11b7ec33-bda5-5fe2-938d-a6811cd8adaf', 'b3fb239e-d680-5f40-a2c3-a09c542965df', '9e891f41-58f9-50b6-9775-562d1ad5e664', 'Boys', 'Group III', 'seeded', '0c8f74c4-ee81-533e-8a59-355ab2c78778'),
  ('57f978a1-6bd3-5f88-91f6-cad75fef7ad7', '7b5a8299-c56a-5378-8022-35a63d852fa4', 1, '0d458f74-50e0-5500-91c3-40fb13a0bfff', 'b86ceb48-7de2-5c75-a592-f977deb318a3', '9e891f41-58f9-50b6-9775-562d1ad5e664', 'Boys', 'Group III', 'seeded', 'da8ab54f-f449-5c77-a93d-617b07b660f2'),
  ('0cdabb6f-0d89-5e46-8e4e-957d525ac4b6', '7b5a8299-c56a-5378-8022-35a63d852fa4', 2, '1d10fffc-231a-5f54-bf34-5ecda6906040', '344b1543-dc60-5de6-a9fb-9ebbcde0d396', '9e891f41-58f9-50b6-9775-562d1ad5e664', 'Boys', 'Group III', 'seeded', 'ea9b1586-eb1e-501b-8d5f-c5a7c9fee51e'),
  ('90d164e8-b776-5d7c-9847-7250ca2edaa2', '7b5a8299-c56a-5378-8022-35a63d852fa4', 3, 'ade30890-7337-5a2e-87d0-b08f987e1fea', 'b86ceb48-7de2-5c75-a592-f977deb318a3', '9e891f41-58f9-50b6-9775-562d1ad5e664', 'Boys', 'Group III', 'seeded', '6bc09e2c-053c-591b-8f79-4e9f38c4789d'),
  ('816f51bc-82c0-5d9e-8c47-f2c8a4fd89e0', '7b5a8299-c56a-5378-8022-35a63d852fa4', 4, '42f4548b-48db-5c76-bc6d-d8e1675b725f', '670e7863-fbe3-576a-bba6-b2d1689f1216', '9e891f41-58f9-50b6-9775-562d1ad5e664', 'Boys', 'Group III', 'seeded', '3203248b-98fb-50f2-baba-ea26f7348df9'),
  ('8ed026bc-7ead-5f0f-8ad1-fc6abd1f4ecc', '7b5a8299-c56a-5378-8022-35a63d852fa4', 5, 'b5f6acad-dc20-5621-a352-a29c6b5dedbb', 'e85bf284-fd8f-5e64-b555-c134fef0064e', '9e891f41-58f9-50b6-9775-562d1ad5e664', 'Boys', 'Group III', 'seeded', '26679caf-d26b-5e3a-a3a3-473ed06109e5'),
  ('76488022-ff8f-5861-9724-ad5d68fdb237', '7b5a8299-c56a-5378-8022-35a63d852fa4', 6, '0870f1d8-bb11-52e8-b56b-0cd4a8041845', '3b30b256-e903-5043-937c-4d5667cbff47', '9e891f41-58f9-50b6-9775-562d1ad5e664', 'Boys', 'Group III', 'seeded', 'e67fef9e-682a-5309-b364-1c1512dfa8dd'),
  ('59fc8eaa-2b44-59ea-986d-a1ed9be9bf58', '7b5a8299-c56a-5378-8022-35a63d852fa4', 7, '1026a907-0f54-5700-987b-b7ea0fb0c393', '8c61fec8-40e9-572f-8ebd-4290dbdffbec', '9e891f41-58f9-50b6-9775-562d1ad5e664', 'Boys', 'Group III', 'seeded', '66a9803f-0a2e-5478-9a97-34e74ee96dd9'),
  ('4ef2e07f-db9e-542f-8b8b-69127c3da39e', '7b5a8299-c56a-5378-8022-35a63d852fa4', 8, '9dfe72db-81c4-51af-ab41-40651549f4bc', '93741827-dfe5-532f-b651-6f5066cae0d5', '9e891f41-58f9-50b6-9775-562d1ad5e664', 'Boys', 'Group III', 'seeded', '9af7bafd-9d56-5724-8adf-24c95f47139a'),
  ('2cbe9e47-f812-56e8-8046-ea4c3f6edb91', '4159d122-9a8f-5026-b364-eeead739f91d', 1, '73b9942e-e182-5827-ae25-cc9fea25626d', '8d4059b5-a1e4-52f4-b162-4cb8bf91f4e6', 'a8017a35-9ad6-5f48-9845-e8c376a38b90', 'Girls', 'Group III', 'seeded', '1ad5ed19-89d4-5e9b-869e-fa38ba932fae'),
  ('e0d8dc4f-2978-5f0d-a6a9-e6eafb27b86d', '4159d122-9a8f-5026-b364-eeead739f91d', 2, 'a9e303b4-928f-5f47-873f-7e8fb981658d', '344b1543-dc60-5de6-a9fb-9ebbcde0d396', 'a8017a35-9ad6-5f48-9845-e8c376a38b90', 'Girls', 'Group III', 'seeded', '58499b58-70ff-5a86-8156-5a4f285d150c'),
  ('3f3b04bc-b348-5203-9912-4858ead5ad2b', '4159d122-9a8f-5026-b364-eeead739f91d', 3, '2d996c6b-9e6f-5fae-b293-343a4499a2be', '00000000-0000-0000-0000-0000000000a1', 'a8017a35-9ad6-5f48-9845-e8c376a38b90', 'Girls', 'Group III', 'seeded', '34294026-8fee-5b3c-9bff-7f67fa4e74dc'),
  ('5f8700f4-445e-50f4-8de5-491c7c3c1c5a', '4159d122-9a8f-5026-b364-eeead739f91d', 4, 'ce695d90-5d80-5db2-9e5b-fbda77b227c2', '7e8a6d53-4cc9-56c0-9892-437ca4607269', 'a8017a35-9ad6-5f48-9845-e8c376a38b90', 'Girls', 'Group III', 'seeded', '9f9025ab-304b-5459-aed3-650aa400a941'),
  ('164a9ec5-918f-5d97-8b3e-f6eed92b6bed', '4159d122-9a8f-5026-b364-eeead739f91d', 5, 'a010eba5-ab0e-5c8e-9ec3-7973cc0b8083', '7e8a6d53-4cc9-56c0-9892-437ca4607269', 'a8017a35-9ad6-5f48-9845-e8c376a38b90', 'Girls', 'Group III', 'seeded', 'cd43766c-5776-58b3-b88a-820b9c2f63a6'),
  ('6df082e4-cd2a-58a4-9b9d-9e53056e1791', '4159d122-9a8f-5026-b364-eeead739f91d', 6, '1204e24b-32f2-5c77-ab13-f622eaefd81e', '344b1543-dc60-5de6-a9fb-9ebbcde0d396', 'a8017a35-9ad6-5f48-9845-e8c376a38b90', 'Girls', 'Group III', 'seeded', 'd5efb251-168f-5b48-8190-26c5cccd2413'),
  ('478c7abb-7d81-537c-a8f4-c733a72304ab', '4159d122-9a8f-5026-b364-eeead739f91d', 7, 'd116b27f-72f2-59f5-b766-0361f03b6329', '3c2885d6-c220-5920-b054-765a2c1e85d5', 'a8017a35-9ad6-5f48-9845-e8c376a38b90', 'Girls', 'Group III', 'seeded', 'e05ee986-07c1-526f-8e61-f09d8d1f5283'),
  ('d40f7992-e6b8-5f90-800f-a57a8a7668c3', 'a1aab39c-5b19-564b-96f3-e2ab5f1fc0d5', 1, '661a3bc0-302d-575a-9fc9-0bb69da9d374', 'a52a36ca-9b28-58cd-af06-95d9672a956c', 'a8017a35-9ad6-5f48-9845-e8c376a38b90', 'Girls', 'Group III', 'seeded', '19013a40-af25-5e83-97d3-66cdf37f63db'),
  ('c1984396-43a0-50a8-927a-c8593eeae9bf', 'a1aab39c-5b19-564b-96f3-e2ab5f1fc0d5', 2, '1715b6df-4581-53f6-848b-435663de37df', '7e8a6d53-4cc9-56c0-9892-437ca4607269', 'a8017a35-9ad6-5f48-9845-e8c376a38b90', 'Girls', 'Group III', 'seeded', 'aa6bd49a-9ef2-55ed-8b9b-e7a10089fdf8'),
  ('f0db6322-c4dc-5a10-8c80-3cf93c783e30', 'a1aab39c-5b19-564b-96f3-e2ab5f1fc0d5', 3, '240aa47d-a54b-51b2-aa55-26a528519757', '0cc73bc4-5c1b-5379-a3b3-e0ad523143a3', 'a8017a35-9ad6-5f48-9845-e8c376a38b90', 'Girls', 'Group III', 'seeded', '3c5e80f0-679c-5e20-92d8-c0c945532a69'),
  ('83a29787-b049-5d74-abed-4ba5ad27f9ce', 'a1aab39c-5b19-564b-96f3-e2ab5f1fc0d5', 4, 'f1267fd6-5353-50b0-9d16-e956a0f2f877', '96258415-96b1-5c54-bafc-eba2e199ce62', 'a8017a35-9ad6-5f48-9845-e8c376a38b90', 'Girls', 'Group III', 'seeded', '4f1f5d75-73f9-5c92-b5f8-945f119f820f'),
  ('83c91c77-ec6f-5fb4-97c4-d812b55a510b', 'a1aab39c-5b19-564b-96f3-e2ab5f1fc0d5', 5, '9b8ec387-2899-54ff-a4f6-b1f2112dc7e2', '8c61fec8-40e9-572f-8ebd-4290dbdffbec', 'a8017a35-9ad6-5f48-9845-e8c376a38b90', 'Girls', 'Group III', 'seeded', '19d22c6c-6216-5feb-b68b-15c657ca1164'),
  ('9df1119f-11cb-525c-a026-8e33a0705a6c', 'a1aab39c-5b19-564b-96f3-e2ab5f1fc0d5', 6, '0d4d1ca4-c06a-5024-a3f5-a5328726de9d', '0a7d596c-953f-50ff-9b5d-e2b9c441876c', 'a8017a35-9ad6-5f48-9845-e8c376a38b90', 'Girls', 'Group III', 'seeded', '9b66e21b-449c-5ccc-b32a-38cf0b6e7a80'),
  ('51da4d84-fc89-5d71-8055-8fd7c6a4a5be', 'a1aab39c-5b19-564b-96f3-e2ab5f1fc0d5', 7, 'fc925e7e-80b8-5009-8fc0-6c1909648d1d', '344b1543-dc60-5de6-a9fb-9ebbcde0d396', 'a8017a35-9ad6-5f48-9845-e8c376a38b90', 'Girls', 'Group III', 'seeded', 'c7f6295e-cdd6-555f-b49b-a7f082021ec5'),
  ('b565a444-9c0e-574b-962a-df36e05249f6', 'a1aab39c-5b19-564b-96f3-e2ab5f1fc0d5', 8, '18facad1-7d05-5483-b370-24030069f34f', '3c2885d6-c220-5920-b054-765a2c1e85d5', 'a8017a35-9ad6-5f48-9845-e8c376a38b90', 'Girls', 'Group III', 'seeded', '1352d4fa-5e22-5586-8459-e12e1c9444d8'),
  ('4c5d4537-0216-56e3-93b7-dbb425347186', '844461d0-5eb6-5b4b-bcf9-49be703a59fb', 1, '4f8f0160-5133-54b5-9665-1d49bcb4cdda', '00000000-0000-0000-0000-0000000000a1', 'a8017a35-9ad6-5f48-9845-e8c376a38b90', 'Girls', 'Group III', 'seeded', '1680497d-8391-5272-a332-381c53c9c1dc'),
  ('575d7d05-1188-5592-9eab-6a5c9a7596a7', '844461d0-5eb6-5b4b-bcf9-49be703a59fb', 2, 'd9a3e42e-de9c-5776-9705-235d8a3e92db', '520633dd-1fc6-57f7-a2a8-29cfebf61e27', 'a8017a35-9ad6-5f48-9845-e8c376a38b90', 'Girls', 'Group III', 'seeded', '0b133fca-525a-572e-9138-0b22dbae55d6'),
  ('cc89b28c-f6db-588f-89d7-ed940020d3dd', '844461d0-5eb6-5b4b-bcf9-49be703a59fb', 3, 'c8ac2b31-755f-5cb6-b6b3-c4f60043ee1d', '94865e3f-f207-576f-a008-056ce7cceef0', 'a8017a35-9ad6-5f48-9845-e8c376a38b90', 'Girls', 'Group III', 'seeded', '118da0dd-f617-504f-989c-76be0725436e'),
  ('466b1fef-9bee-503e-b719-01b658f2a5d2', '844461d0-5eb6-5b4b-bcf9-49be703a59fb', 4, '786c1d52-a5a2-58a7-918a-12346497f4a6', '5b5fdbb8-bd84-53b0-8f08-6f2a79cae3c4', 'a8017a35-9ad6-5f48-9845-e8c376a38b90', 'Girls', 'Group III', 'seeded', '67f82580-00b1-57a2-aae0-790161ea1085'),
  ('b044c159-e46e-5f13-97e7-31d8bffbc9cd', '844461d0-5eb6-5b4b-bcf9-49be703a59fb', 5, '3202c1a0-bcdd-5bbc-8d25-4bf6208daa7c', '66c81804-ac7f-5ef3-81c6-684d5e64adb7', 'a8017a35-9ad6-5f48-9845-e8c376a38b90', 'Girls', 'Group III', 'seeded', '99d95990-0929-557c-91c3-e8d08e819a47'),
  ('c537767d-6820-5410-a83c-963eb455f20d', '844461d0-5eb6-5b4b-bcf9-49be703a59fb', 6, 'b0c8c26c-2ad6-5f0b-a2da-0311868149da', 'a52a36ca-9b28-58cd-af06-95d9672a956c', 'a8017a35-9ad6-5f48-9845-e8c376a38b90', 'Girls', 'Group III', 'seeded', '807bdbbd-6218-541a-9d95-0cf5d1fc1b66'),
  ('54baff59-f7d8-520e-b62e-0f0ab6e118cf', '844461d0-5eb6-5b4b-bcf9-49be703a59fb', 7, 'baee3eb5-ddc6-5885-b66b-399233cac820', '7469bc80-fd06-5028-8033-aeb9008a4507', 'a8017a35-9ad6-5f48-9845-e8c376a38b90', 'Girls', 'Group III', 'seeded', '00e863e6-0771-53a4-8448-80f7d9072e87'),
  ('e4088078-6244-590b-bfa1-37b991fcf709', '844461d0-5eb6-5b4b-bcf9-49be703a59fb', 8, '14fd0c89-15e0-5159-99ed-aa05d38b5a54', '00000000-0000-0000-0000-0000000000a1', 'a8017a35-9ad6-5f48-9845-e8c376a38b90', 'Girls', 'Group III', 'seeded', '155e7f7f-1d11-5deb-a16d-567024c5529f'),
  ('d02bc7db-1954-5a6c-b5a6-83dda80c38f1', '620dbbe5-277b-5b0e-8f21-12a9bf5e9635', 1, '08304721-91f8-549d-b29b-dba4ba0dfc19', '00000000-0000-0000-0000-0000000000a1', 'a8017a35-9ad6-5f48-9845-e8c376a38b90', 'Girls', 'Group III', 'seeded', 'e4f670d3-b9fb-5e18-9d9b-834ec6822f6c'),
  ('310d3e13-97db-5d2c-8a6e-00e49b54736a', '620dbbe5-277b-5b0e-8f21-12a9bf5e9635', 2, '0dad8f32-9c53-54f2-ad70-8ce29650da78', '344b1543-dc60-5de6-a9fb-9ebbcde0d396', 'a8017a35-9ad6-5f48-9845-e8c376a38b90', 'Girls', 'Group III', 'seeded', 'e18195fc-4638-57eb-9f24-e2d0bf436622'),
  ('bfa1868e-202a-5267-a79b-e59708e324b0', '620dbbe5-277b-5b0e-8f21-12a9bf5e9635', 3, 'd5d830c2-e845-519d-8556-219713dae1ad', '7e8a6d53-4cc9-56c0-9892-437ca4607269', 'a8017a35-9ad6-5f48-9845-e8c376a38b90', 'Girls', 'Group III', 'seeded', '76b4692b-3c76-5f63-ae37-637b50382e28'),
  ('79126ec7-0cad-5f73-a88e-97bcd92e790f', '620dbbe5-277b-5b0e-8f21-12a9bf5e9635', 4, '7b25e42a-8ff8-56ad-9d38-f30617b02f26', '344b1543-dc60-5de6-a9fb-9ebbcde0d396', 'a8017a35-9ad6-5f48-9845-e8c376a38b90', 'Girls', 'Group III', 'seeded', '01c253cb-d762-5170-8938-cee4ade2f3d4'),
  ('e90feb83-8167-5314-8f23-46a0157869fc', '620dbbe5-277b-5b0e-8f21-12a9bf5e9635', 5, '14bdc993-49c3-5035-8dd5-6e3bbc1a6844', '7e8a6d53-4cc9-56c0-9892-437ca4607269', 'a8017a35-9ad6-5f48-9845-e8c376a38b90', 'Girls', 'Group III', 'seeded', 'd863b1f6-5b55-59a6-8638-e3f33cfeb0f1'),
  ('249d9eff-9f51-5166-ab03-ce2933e9637a', '620dbbe5-277b-5b0e-8f21-12a9bf5e9635', 6, '191e2171-6f1c-5730-95d7-398e91b4fb3c', '9e5798ac-57e7-543f-be64-1e9776770a2b', 'a8017a35-9ad6-5f48-9845-e8c376a38b90', 'Girls', 'Group III', 'seeded', '46af796b-b51a-537d-89c0-4a3da9a42c3b'),
  ('393f6dfe-4731-5ce7-b87f-278f3333d2c9', '620dbbe5-277b-5b0e-8f21-12a9bf5e9635', 7, 'b503f850-a159-5338-a85b-d7b5bbf394e6', '344b1543-dc60-5de6-a9fb-9ebbcde0d396', 'a8017a35-9ad6-5f48-9845-e8c376a38b90', 'Girls', 'Group III', 'seeded', '395844cb-3fbd-5a09-8b35-b8fa6e9b7ae9'),
  ('f8f9ce42-f1d9-5157-bd1a-980bacb049e5', '620dbbe5-277b-5b0e-8f21-12a9bf5e9635', 8, 'c8974c93-0f2f-5ff7-9bf0-d4ec480a1cd8', '9e5798ac-57e7-543f-be64-1e9776770a2b', 'a8017a35-9ad6-5f48-9845-e8c376a38b90', 'Girls', 'Group III', 'seeded', '9964e4d3-fafd-55aa-8495-a3d15360c421'),
  ('99750c5a-502e-532a-b525-ca1115c490e2', 'f2e642ee-ce97-507e-81d1-39583870b734', 1, 'cf9492b1-87d9-531a-9ee1-a71724faf920', 'bcf7b144-5b95-52fb-8445-5e2742610d55', 'a8017a35-9ad6-5f48-9845-e8c376a38b90', 'Girls', 'Group III', 'seeded', 'bf5d890d-27d1-5f4b-899c-bf716951732e'),
  ('bf3f8449-e61e-5428-8408-4ad0ed42d836', 'f2e642ee-ce97-507e-81d1-39583870b734', 2, '89209300-5ccd-5c64-9edf-9593fa5a34f0', '0ac41011-9d57-5ba2-9556-7590a8be8268', 'a8017a35-9ad6-5f48-9845-e8c376a38b90', 'Girls', 'Group III', 'seeded', '1d23cec4-bb9f-5492-87f9-3bff68b68691'),
  ('27520558-c25c-5f0a-9bac-533d41823a35', 'f2e642ee-ce97-507e-81d1-39583870b734', 3, '9870ab76-8862-5f44-bec6-2f97c116b773', '344b1543-dc60-5de6-a9fb-9ebbcde0d396', 'a8017a35-9ad6-5f48-9845-e8c376a38b90', 'Girls', 'Group III', 'seeded', '84c83fb3-087f-5b38-bc86-92b2824a23bc'),
  ('7c3f56d9-dc27-5328-a4b5-7cd68d81534d', 'f2e642ee-ce97-507e-81d1-39583870b734', 4, 'fd294fb2-5cbc-5400-9f0e-bc4a3600410d', '8204b741-70c6-5870-8811-971a3166ce18', 'a8017a35-9ad6-5f48-9845-e8c376a38b90', 'Girls', 'Group III', 'seeded', '5ba87236-7d01-5160-940c-4980bae1842e'),
  ('503c954c-aef3-51e9-b60d-3682375ee0a3', 'f2e642ee-ce97-507e-81d1-39583870b734', 5, 'f8e8de99-791d-57f5-8543-dad14cfc884e', '3b30b256-e903-5043-937c-4d5667cbff47', 'a8017a35-9ad6-5f48-9845-e8c376a38b90', 'Girls', 'Group III', 'seeded', '52d2b35e-f67c-5bd7-9b35-c6ed0013dd44'),
  ('53f22734-55f5-5b6c-b9ae-721fb6d92e06', 'f2e642ee-ce97-507e-81d1-39583870b734', 6, '04f341c4-dd50-59bc-b19b-068db74ed6a1', '9e5798ac-57e7-543f-be64-1e9776770a2b', 'a8017a35-9ad6-5f48-9845-e8c376a38b90', 'Girls', 'Group III', 'seeded', '41ecaf27-4eda-5098-8f9a-f4a70b1ffe8a'),
  ('6c3a0ae8-4f1b-5465-a97b-b3f905d37e75', 'f2e642ee-ce97-507e-81d1-39583870b734', 7, '99c09439-3c59-5552-828c-baf45379a4f2', '7e8a6d53-4cc9-56c0-9892-437ca4607269', 'a8017a35-9ad6-5f48-9845-e8c376a38b90', 'Girls', 'Group III', 'seeded', '950e7ed9-b417-588b-914b-50ba54ce2b41'),
  ('cbf28282-9670-564e-beca-5f0c3edd3488', 'f2e642ee-ce97-507e-81d1-39583870b734', 8, 'f1ee8c47-fcd9-50a6-b517-f57fb4bd8259', 'b86ceb48-7de2-5c75-a592-f977deb318a3', 'a8017a35-9ad6-5f48-9845-e8c376a38b90', 'Girls', 'Group III', 'seeded', '835d23a9-ed20-5517-8dad-f369aa9f995a'),
  ('183ca3b8-76ec-5bd4-80b0-f5124bf12679', 'f34eb827-45a4-5150-940b-216577258ede', 1, '88065849-22e0-5a70-9caf-c334b76f7a2c', '93741827-dfe5-532f-b651-6f5066cae0d5', '2643760c-af5e-553d-a387-fccfabf164d7', 'Boys', 'Group I', 'seeded', '2f5a73cb-257a-5206-8aa2-f7a5cf159293'),
  ('ed29aba2-bca1-55ec-b2e7-b0c58afa4aea', 'f34eb827-45a4-5150-940b-216577258ede', 2, '122a68b7-4676-5abb-971c-2fdbd5d4f495', '8598a84d-d95a-587a-b1fd-d5c6a9ae9d39', '2643760c-af5e-553d-a387-fccfabf164d7', 'Boys', 'Group I', 'seeded', '6c99da5c-adb1-5071-9fc2-e8662b7a0f40'),
  ('3e52df6b-5989-53d0-9dcb-b69e8f1d58a6', 'f34eb827-45a4-5150-940b-216577258ede', 3, 'df4a8487-15e0-5112-a386-8ac8af45e0e0', '344b1543-dc60-5de6-a9fb-9ebbcde0d396', '2643760c-af5e-553d-a387-fccfabf164d7', 'Boys', 'Group I', 'seeded', 'b8c91d6e-0f27-52e0-aedf-16985926af9e'),
  ('845368bb-cb7b-59ab-84b3-75d29adb224f', 'f34eb827-45a4-5150-940b-216577258ede', 4, '9f16a721-6dbc-58ed-a861-979e237a242b', '77d8aa22-3f2f-5813-8f61-99dac028ced0', '2643760c-af5e-553d-a387-fccfabf164d7', 'Boys', 'Group I', 'seeded', '056b7f93-e0c9-598d-924a-ed0cf0100927'),
  ('bee3510f-773b-53fb-a6f5-345496c14387', 'f34eb827-45a4-5150-940b-216577258ede', 5, '58d885df-bcc4-56b8-83c5-aa5912057448', '8204b741-70c6-5870-8811-971a3166ce18', '2643760c-af5e-553d-a387-fccfabf164d7', 'Boys', 'Group I', 'seeded', '682a811b-0dce-5aed-9d06-ab73cdf93602'),
  ('9afce490-1374-5753-99c6-432e44295e7c', 'f34eb827-45a4-5150-940b-216577258ede', 6, '3d903293-379e-5c54-91b4-77eac72610d7', 'b86ceb48-7de2-5c75-a592-f977deb318a3', '2643760c-af5e-553d-a387-fccfabf164d7', 'Boys', 'Group I', 'seeded', '23f8dde5-6d91-54ec-9bfb-23a496d9960b'),
  ('5375d273-aea0-5493-8feb-4748b6797b99', 'f34eb827-45a4-5150-940b-216577258ede', 7, 'f459be6e-b356-5cb8-9dc3-0ff85b0f7087', '96258415-96b1-5c54-bafc-eba2e199ce62', '2643760c-af5e-553d-a387-fccfabf164d7', 'Boys', 'Group I', 'seeded', '1970b095-1381-5454-a28e-668cce245583'),
  ('e04405e8-f9cd-5155-bf90-cc758e1a0d1e', 'f34eb827-45a4-5150-940b-216577258ede', 8, 'bd087986-d611-5d55-b1bb-7580714bc765', '344b1543-dc60-5de6-a9fb-9ebbcde0d396', '2643760c-af5e-553d-a387-fccfabf164d7', 'Boys', 'Group I', 'seeded', 'd676716c-2766-5a2b-a3d2-34b32a251beb'),
  ('d6006969-7324-5152-8dc7-40c6a4935314', '15608017-33fb-5ef2-951a-b01cd83b7770', 1, 'f9bb0125-da99-503a-8e76-74c9b9e06526', '7469bc80-fd06-5028-8033-aeb9008a4507', '2643760c-af5e-553d-a387-fccfabf164d7', 'Boys', 'Group I', 'seeded', '6f34245d-0bc6-596b-8363-789c79185ec5'),
  ('6bbe46c8-7927-5d96-be11-c265b2cba7b4', '15608017-33fb-5ef2-951a-b01cd83b7770', 2, 'f183b734-0077-56ee-8f67-c4786b949d88', '344b1543-dc60-5de6-a9fb-9ebbcde0d396', '2643760c-af5e-553d-a387-fccfabf164d7', 'Boys', 'Group I', 'seeded', 'a8b184b8-37df-5e6e-9355-680a7545cb17'),
  ('e1bbdf45-6aa3-506a-9177-ccc9b40fafd0', '15608017-33fb-5ef2-951a-b01cd83b7770', 3, 'e86ade20-99db-55b3-8964-536fd23ff6ee', '3b30b256-e903-5043-937c-4d5667cbff47', '2643760c-af5e-553d-a387-fccfabf164d7', 'Boys', 'Group I', 'seeded', 'f48fc4bc-dce8-552f-9b68-0f70fcefba18'),
  ('89105b38-dc8f-52a4-b450-61c9bcbef874', '15608017-33fb-5ef2-951a-b01cd83b7770', 4, 'ff7d7506-d667-5727-863d-4ddbed3d91dd', '9b661c9d-ed9a-5d36-a1f9-cb921afb8e73', '2643760c-af5e-553d-a387-fccfabf164d7', 'Boys', 'Group I', 'seeded', '0c7aeaee-488e-5855-8cd9-de4ab20acf17'),
  ('d3d28329-8277-55cc-9b3d-f62927702bed', '15608017-33fb-5ef2-951a-b01cd83b7770', 5, '0129ed92-06c5-503c-b1d9-a13375c691db', '00000000-0000-0000-0000-0000000000a1', '2643760c-af5e-553d-a387-fccfabf164d7', 'Boys', 'Group I', 'seeded', 'd0a3cdf1-53fb-5ecc-98ab-eadc72495f9f'),
  ('ea1ee4fb-7e19-5770-9c68-d14942a3d94b', '15608017-33fb-5ef2-951a-b01cd83b7770', 6, 'ccc22d73-8ab7-56a5-a5fc-b44b8eb97c31', '0ac41011-9d57-5ba2-9556-7590a8be8268', '2643760c-af5e-553d-a387-fccfabf164d7', 'Boys', 'Group I', 'seeded', '949fd0f6-ac01-5718-92ba-8c00c116a29d'),
  ('b5726815-111a-503a-b108-f6bcc5b97ddf', '15608017-33fb-5ef2-951a-b01cd83b7770', 7, 'b08be554-8934-5c37-93e7-d59762ae7bfa', '9e5798ac-57e7-543f-be64-1e9776770a2b', '2643760c-af5e-553d-a387-fccfabf164d7', 'Boys', 'Group I', 'seeded', 'b902795c-9334-5f19-bf0d-00bfc99ba028'),
  ('2908a87f-64e0-5f15-93a6-f327800c8810', '15608017-33fb-5ef2-951a-b01cd83b7770', 8, '0038c206-9d81-5eb2-81c6-1a176d9f0ffd', 'ed88d3bc-c065-5209-9304-730080420f1e', '2643760c-af5e-553d-a387-fccfabf164d7', 'Boys', 'Group I', 'seeded', 'ea22f4b7-6ad6-506f-a884-169698b65320'),
  ('14a09575-9119-5263-8c4e-8ac0adcbfad0', '1837b600-b913-5a93-99fd-10e6ddd0bf09', 1, '2fcfb3e3-258e-5f0d-878f-51b0f76d15e5', '9e5798ac-57e7-543f-be64-1e9776770a2b', '2643760c-af5e-553d-a387-fccfabf164d7', 'Boys', 'Group I', 'seeded', '9bf94acb-8798-51d7-906b-ef344a23539f'),
  ('46204ee9-e41b-555f-a33d-98dec1eedc39', '1837b600-b913-5a93-99fd-10e6ddd0bf09', 2, '01ec8ac4-137f-5c56-a21d-882e7936b026', '00000000-0000-0000-0000-0000000000a1', '2643760c-af5e-553d-a387-fccfabf164d7', 'Boys', 'Group I', 'seeded', 'e61f0527-5a2e-5bad-b541-7f31b47c34d9'),
  ('c343f417-40e2-500a-bc41-aeb697592c49', '1837b600-b913-5a93-99fd-10e6ddd0bf09', 3, '6b5a43ce-2e67-5d4d-8cca-8c014d51e1d0', '8204b741-70c6-5870-8811-971a3166ce18', '2643760c-af5e-553d-a387-fccfabf164d7', 'Boys', 'Group I', 'seeded', '68883160-7be1-50db-b7fb-9f1ae8bcbb46'),
  ('d53d907e-2193-5e7f-b074-30b78747f4ed', '1837b600-b913-5a93-99fd-10e6ddd0bf09', 4, '6e0ccfd3-673f-5e5f-adc4-9b902f7cf799', 'b86ceb48-7de2-5c75-a592-f977deb318a3', '2643760c-af5e-553d-a387-fccfabf164d7', 'Boys', 'Group I', 'seeded', '70b9d107-535f-5fe2-9fb2-f17a5fc14fd5'),
  ('3307cbf3-4664-5d6d-9a29-0089aad4a51f', '1837b600-b913-5a93-99fd-10e6ddd0bf09', 5, '8262f8d2-1023-5b10-9de2-bdb23f8d63c2', '00000000-0000-0000-0000-0000000000a1', '2643760c-af5e-553d-a387-fccfabf164d7', 'Boys', 'Group I', 'seeded', 'd8e1ae8d-e7df-5e56-ae8f-f2fb7da7a5d4'),
  ('6eef5624-7b1d-508a-80bc-44af145a568b', '1837b600-b913-5a93-99fd-10e6ddd0bf09', 6, '3aaa84aa-c194-53a7-98c5-eedb1af77483', '344b1543-dc60-5de6-a9fb-9ebbcde0d396', '2643760c-af5e-553d-a387-fccfabf164d7', 'Boys', 'Group I', 'seeded', '1f8be0ba-636e-55ea-9c07-c6843cd1a968'),
  ('c62af0b5-4a7f-5b7d-8493-b97ac187d4a8', '1837b600-b913-5a93-99fd-10e6ddd0bf09', 7, '9be1e23d-e657-547c-b69c-a9d2110bfa05', '9e5798ac-57e7-543f-be64-1e9776770a2b', '2643760c-af5e-553d-a387-fccfabf164d7', 'Boys', 'Group I', 'seeded', '02942591-0f2d-5acf-9726-8f9c64b5d261'),
  ('59eeab49-4516-55d9-b842-705bd51888f7', '1837b600-b913-5a93-99fd-10e6ddd0bf09', 8, '070db686-08d0-5d07-a7a4-1c9ffa49fbbe', '8204b741-70c6-5870-8811-971a3166ce18', '2643760c-af5e-553d-a387-fccfabf164d7', 'Boys', 'Group I', 'seeded', '7dc0b2bd-be62-5bdd-98e1-d7b2627b5942'),
  ('b848a60c-daea-56e0-a1de-d110d61cc848', '5ba9f016-768c-5fce-8de1-5a6e9439cf39', 2, '91dc06c8-e390-5ef4-8558-3264c80772be', '9e5798ac-57e7-543f-be64-1e9776770a2b', '9fa58547-44c1-52cc-bffc-c77ae741a3e7', 'Girls', 'Group I', 'seeded', 'd6c7aa76-f76e-5202-b2c8-d457381ecbb0'),
  ('2576b4a6-b8ea-50ae-8f78-e49e61553e96', '5ba9f016-768c-5fce-8de1-5a6e9439cf39', 3, '91fb0f36-3554-5c7c-8bdf-f17b7d595c11', '7469bc80-fd06-5028-8033-aeb9008a4507', '9fa58547-44c1-52cc-bffc-c77ae741a3e7', 'Girls', 'Group I', 'seeded', '9ed1a4eb-9d6c-589e-9479-0584d1ef4c46'),
  ('cae84bf1-6552-5553-8d94-7dd5705aacda', '5ba9f016-768c-5fce-8de1-5a6e9439cf39', 4, '48829e1e-5d80-58ef-8740-296dedf6abdc', 'cf00c520-cf02-55ea-8867-f02644ec8045', '9fa58547-44c1-52cc-bffc-c77ae741a3e7', 'Girls', 'Group I', 'seeded', 'e8b627c9-d7a5-5cb7-b4b6-5a39966d6926'),
  ('c36bc1c2-1f9e-5540-ac61-b0def0fcca6e', '5ba9f016-768c-5fce-8de1-5a6e9439cf39', 5, '17b1b4ca-2f5b-595c-a777-71d01521422f', '3b30b256-e903-5043-937c-4d5667cbff47', '9fa58547-44c1-52cc-bffc-c77ae741a3e7', 'Girls', 'Group I', 'seeded', '314403f5-d742-5868-b827-4f8f509cec25'),
  ('10598e17-adde-59fd-8a2d-0a99d23cea2f', '5ba9f016-768c-5fce-8de1-5a6e9439cf39', 6, '94657da9-7d2e-5c67-9edf-eb7c7ee7613b', '00000000-0000-0000-0000-0000000000a1', '9fa58547-44c1-52cc-bffc-c77ae741a3e7', 'Girls', 'Group I', 'seeded', '05879cfe-b224-5ace-82ed-aacd6eac979a'),
  ('68ccd5d0-44ab-5927-8eac-fa986a3f6140', '7a2a196a-d366-52e6-b8fb-4c750c62e37c', 1, '85e8e5a8-f22a-5a8c-9dc6-6da443a7d28d', '68434c3c-9e49-5c11-a09a-2a041a339b64', '9fa58547-44c1-52cc-bffc-c77ae741a3e7', 'Girls', 'Group I', 'seeded', '9f334bbd-071b-5e1d-a05c-9dc542b6e4d9'),
  ('2610a693-1044-5099-94fd-0b951f935b95', '7a2a196a-d366-52e6-b8fb-4c750c62e37c', 2, 'bbdca345-0f26-5d7f-a329-9a9c59c69f5c', 'bcf7b144-5b95-52fb-8445-5e2742610d55', '9fa58547-44c1-52cc-bffc-c77ae741a3e7', 'Girls', 'Group I', 'seeded', '51b155ea-4da4-5e22-80d9-25cf2abc10ca'),
  ('9f440db9-d214-5708-9b6d-6eca3f4768b9', '7a2a196a-d366-52e6-b8fb-4c750c62e37c', 3, 'ceac31cf-6fe3-5855-9b23-256f65f17c64', '9e5798ac-57e7-543f-be64-1e9776770a2b', '9fa58547-44c1-52cc-bffc-c77ae741a3e7', 'Girls', 'Group I', 'seeded', '09b4acc6-2070-5a6c-b9c9-066c4a84681f'),
  ('5178213d-d81a-521d-ac25-b29ceb8b1089', '7a2a196a-d366-52e6-b8fb-4c750c62e37c', 4, '939ac102-90b7-5cb3-83a8-282b69a9c7cc', '3841ae30-9d74-5f13-bbd3-783a3e346791', '9fa58547-44c1-52cc-bffc-c77ae741a3e7', 'Girls', 'Group I', 'seeded', '22c9b08b-9d5a-5bdc-97ce-6674a71a73e1'),
  ('df86792c-205b-57f8-a3fd-9de01d13c64a', '7a2a196a-d366-52e6-b8fb-4c750c62e37c', 5, '77d758a1-2944-5350-892a-d6c243a07490', '8204b741-70c6-5870-8811-971a3166ce18', '9fa58547-44c1-52cc-bffc-c77ae741a3e7', 'Girls', 'Group I', 'seeded', 'b516828c-39b2-5fad-b469-d50863e4b5a8'),
  ('d51a4b0f-f055-5575-8547-36ff2cfa144d', '7a2a196a-d366-52e6-b8fb-4c750c62e37c', 6, 'd9d6d53d-de03-5d08-8549-52c41fa49ca0', '00000000-0000-0000-0000-0000000000a1', '9fa58547-44c1-52cc-bffc-c77ae741a3e7', 'Girls', 'Group I', 'seeded', '0b538f23-ff05-5e52-851c-5e941e455e5e'),
  ('ab871ee8-610b-5d24-84db-1b9cd6ec37a8', '7a2a196a-d366-52e6-b8fb-4c750c62e37c', 7, 'adb8f7f8-ead6-5aca-ae25-34dc09b806f3', '344b1543-dc60-5de6-a9fb-9ebbcde0d396', '9fa58547-44c1-52cc-bffc-c77ae741a3e7', 'Girls', 'Group I', 'seeded', 'f175b089-a9fe-520e-b1ac-e42f19fc58d5'),
  ('0c2760fa-bf79-5ee0-8917-060eb5f0d1f4', '7a2a196a-d366-52e6-b8fb-4c750c62e37c', 8, '18fd6857-82d9-5169-bc2e-df9d311f946f', '4c684b5a-5ac6-53ee-a81e-980f4080f0fb', '9fa58547-44c1-52cc-bffc-c77ae741a3e7', 'Girls', 'Group I', 'seeded', '58af85bb-9cc3-5f4d-ba03-91f52a2f8625'),
  ('e1333ecb-9ed5-5d81-9ebb-e6de475e93f8', '382d180a-34dd-502c-ba1e-4cf4ef53fdd9', 2, '21b2818f-bdf6-5879-a5cf-01b2c7858c0f', 'bcf7b144-5b95-52fb-8445-5e2742610d55', '61e9c487-3520-5cf7-8e9f-f0d8685f6780', 'Boys', 'Group II', 'seeded', 'a4865810-cea1-54eb-9f75-41bba8d7bd0f'),
  ('e330a501-f7c4-5d07-a3d6-61f07181440b', '382d180a-34dd-502c-ba1e-4cf4ef53fdd9', 3, '819f6eb2-6a8e-5d65-ad77-c285bb200be4', 'cf00c520-cf02-55ea-8867-f02644ec8045', '61e9c487-3520-5cf7-8e9f-f0d8685f6780', 'Boys', 'Group II', 'seeded', 'e697907d-88d0-5e26-af20-a0c8faae1665'),
  ('abecf51e-3a48-53f5-9edc-f1624593e060', '382d180a-34dd-502c-ba1e-4cf4ef53fdd9', 4, 'aab754ac-0831-5a0f-bcb6-c28e82207e55', '7b68af26-f292-5ac6-b7f1-5f4338031c35', '61e9c487-3520-5cf7-8e9f-f0d8685f6780', 'Boys', 'Group II', 'seeded', '8ebc4508-ca83-54c7-b115-d65f702dc089'),
  ('9c3a35a3-c705-5f21-9fb3-13b503afd9d6', '382d180a-34dd-502c-ba1e-4cf4ef53fdd9', 5, 'd0101fcc-6bdf-542a-8fea-1050273c7939', '0ac41011-9d57-5ba2-9556-7590a8be8268', '61e9c487-3520-5cf7-8e9f-f0d8685f6780', 'Boys', 'Group II', 'seeded', '29d9894f-f0f4-5d79-838a-59b9dab9b1eb'),
  ('fb72eb6e-0d80-5468-92e0-edbcef4dd19c', '382d180a-34dd-502c-ba1e-4cf4ef53fdd9', 6, '77672e2c-6649-5bc3-8a4f-06fe474ebc59', '8598a84d-d95a-587a-b1fd-d5c6a9ae9d39', '61e9c487-3520-5cf7-8e9f-f0d8685f6780', 'Boys', 'Group II', 'seeded', '3b8b3eeb-5209-5990-b419-aa9c1b95f053'),
  ('c6912778-9f24-5cc6-9e5e-13346bd88762', '7ba400bf-21c4-5416-a2df-ccadcad22687', 2, '81936892-86ee-5f9e-a49f-222f38a65f94', '4c684b5a-5ac6-53ee-a81e-980f4080f0fb', '61e9c487-3520-5cf7-8e9f-f0d8685f6780', 'Boys', 'Group II', 'seeded', '59eb1521-1087-5dc4-8598-3602b58540fc'),
  ('e4b3dfe0-5c41-5004-9a1d-b7922a2b6351', '7ba400bf-21c4-5416-a2df-ccadcad22687', 3, 'bd97e89a-e0eb-5028-a61c-3a75c8cf4e22', '344b1543-dc60-5de6-a9fb-9ebbcde0d396', '61e9c487-3520-5cf7-8e9f-f0d8685f6780', 'Boys', 'Group II', 'seeded', 'f4e6a509-bb19-503a-a5f2-3b7239a7012c'),
  ('6bf415b7-647f-5b28-b209-9c2c6c91103b', '7ba400bf-21c4-5416-a2df-ccadcad22687', 4, 'd2b7a0be-e9d9-5137-a117-fd8eaa73e478', '00000000-0000-0000-0000-0000000000a1', '61e9c487-3520-5cf7-8e9f-f0d8685f6780', 'Boys', 'Group II', 'seeded', 'aa395720-ecf4-5000-979d-6b65bc121ca0'),
  ('bd83ba75-cdb9-58a0-8cf3-6e738a5e9b73', '7ba400bf-21c4-5416-a2df-ccadcad22687', 5, '082e0969-7509-551b-bdab-bdea3c333d2b', '344b1543-dc60-5de6-a9fb-9ebbcde0d396', '61e9c487-3520-5cf7-8e9f-f0d8685f6780', 'Boys', 'Group II', 'seeded', '425baf80-6a46-5b22-859b-25fcba881930'),
  ('cce11b42-62ab-5a11-b5d3-1c81fd88eb30', '7ba400bf-21c4-5416-a2df-ccadcad22687', 6, 'bdfcfd07-0b45-53c4-8207-f10b329d55c2', 'ed88d3bc-c065-5209-9304-730080420f1e', '61e9c487-3520-5cf7-8e9f-f0d8685f6780', 'Boys', 'Group II', 'seeded', '38607532-8e9c-5e0b-b89b-57589d3016f9'),
  ('d047afd1-b57a-5e93-aa93-5ed4f580c5da', '7ba400bf-21c4-5416-a2df-ccadcad22687', 7, 'e09d6f68-d9f3-5b2f-ae4a-78bcd0f006f4', 'b86ceb48-7de2-5c75-a592-f977deb318a3', '61e9c487-3520-5cf7-8e9f-f0d8685f6780', 'Boys', 'Group II', 'seeded', '62cbb949-0db4-5956-b407-eac5bdc5a858'),
  ('0441d082-35a8-5c58-8b00-c1d950ecf357', '8a58e267-68a5-599c-b3d9-04d07e0686d2', 1, '96dc396d-a53b-52a4-98d1-9a8bdd04b0d4', '8204b741-70c6-5870-8811-971a3166ce18', '61e9c487-3520-5cf7-8e9f-f0d8685f6780', 'Boys', 'Group II', 'seeded', 'd8e52d0e-030f-5c8f-9b1f-c04455aee183'),
  ('4e2a9c16-51fc-5259-8925-746b04471e3c', '8a58e267-68a5-599c-b3d9-04d07e0686d2', 2, '7adbcebc-667a-5812-979a-2e61d941ef0e', '5b5fdbb8-bd84-53b0-8f08-6f2a79cae3c4', '61e9c487-3520-5cf7-8e9f-f0d8685f6780', 'Boys', 'Group II', 'seeded', '2379664c-8715-5889-a3df-afae07397c36'),
  ('f8f0eb1a-c1db-56dd-84e4-8d892b67ad6f', '8a58e267-68a5-599c-b3d9-04d07e0686d2', 3, '2b7e0a12-b278-571e-acb5-3ca3d1b37645', '96258415-96b1-5c54-bafc-eba2e199ce62', '61e9c487-3520-5cf7-8e9f-f0d8685f6780', 'Boys', 'Group II', 'seeded', '02def8b6-48e2-524f-be39-e915a7e1d353'),
  ('7054c346-0eab-510f-8b6c-9372b33d0cc4', '8a58e267-68a5-599c-b3d9-04d07e0686d2', 4, '3d946b7e-4740-5ab1-bcba-5e64de013b25', '00000000-0000-0000-0000-0000000000a1', '61e9c487-3520-5cf7-8e9f-f0d8685f6780', 'Boys', 'Group II', 'seeded', '44ef3e0a-ea94-561d-819b-43b257fdfebf'),
  ('7f0481a0-2e66-5e0d-958c-ede7ff95b98d', '8a58e267-68a5-599c-b3d9-04d07e0686d2', 5, '91d10149-1da7-523b-a63c-a0cf76cfc376', '40f21282-0ed9-5061-91b0-2b7320fa6cb7', '61e9c487-3520-5cf7-8e9f-f0d8685f6780', 'Boys', 'Group II', 'seeded', 'a2ccddca-25dc-52b0-a943-5a3bb7d53f21'),
  ('7beadbf6-43e1-5105-bc90-20ad4e2ebbb8', '8a58e267-68a5-599c-b3d9-04d07e0686d2', 6, 'd38aadad-3ce5-5fbd-ab57-48aa1b6f4e0f', 'b86ceb48-7de2-5c75-a592-f977deb318a3', '61e9c487-3520-5cf7-8e9f-f0d8685f6780', 'Boys', 'Group II', 'seeded', 'dbba4254-b261-5ac1-8ae8-6ec0521cdfed'),
  ('06b3af55-c3a5-5b5b-a70d-d81d57b7030d', '8a58e267-68a5-599c-b3d9-04d07e0686d2', 7, '8d706903-6208-5751-a012-527bd0a90de8', 'b853f2f0-09a5-5287-adf4-c2cd3385e5f2', '61e9c487-3520-5cf7-8e9f-f0d8685f6780', 'Boys', 'Group II', 'seeded', '2df34df7-6902-5173-b803-fb06ebafd3ea'),
  ('db7ed505-301f-5b76-a9ea-ddf2a7214b79', '8a58e267-68a5-599c-b3d9-04d07e0686d2', 8, '9b5ee1b4-f8b7-573a-9dd7-afce66c26ebc', '344b1543-dc60-5de6-a9fb-9ebbcde0d396', '61e9c487-3520-5cf7-8e9f-f0d8685f6780', 'Boys', 'Group II', 'seeded', '578867d5-0212-5c60-8612-f73820b68354'),
  ('03e0147a-3aa1-57e5-9371-53fdcc968428', 'c93e4ee7-f776-5dae-869c-ffa0394331d6', 1, '653efbc9-5299-5cfc-a2b9-459933343725', 'b86ceb48-7de2-5c75-a592-f977deb318a3', '61e9c487-3520-5cf7-8e9f-f0d8685f6780', 'Boys', 'Group II', 'seeded', 'f7cda6a0-f416-53d5-8cdc-236318d3f176'),
  ('ef430904-7df4-55ef-8161-ff650a555743', 'c93e4ee7-f776-5dae-869c-ffa0394331d6', 2, '38b00335-14ab-5320-a155-2307a5836bb5', '8204b741-70c6-5870-8811-971a3166ce18', '61e9c487-3520-5cf7-8e9f-f0d8685f6780', 'Boys', 'Group II', 'seeded', 'b6b92eb7-5b09-510c-bbae-7b3fc13f0ac1'),
  ('43cf9b20-cb73-5e7b-b2aa-feabf402e277', 'c93e4ee7-f776-5dae-869c-ffa0394331d6', 3, '3bb68a7e-410c-5733-bbcf-930cd79fb5f7', 'ed88d3bc-c065-5209-9304-730080420f1e', '61e9c487-3520-5cf7-8e9f-f0d8685f6780', 'Boys', 'Group II', 'seeded', '2e7da18a-c59c-50d8-ba80-70fa7c6096fa'),
  ('871fffd6-155b-511b-a9dd-ab347f2db378', 'c93e4ee7-f776-5dae-869c-ffa0394331d6', 4, '37923a12-6255-5a8f-985c-972054b09145', '344b1543-dc60-5de6-a9fb-9ebbcde0d396', '61e9c487-3520-5cf7-8e9f-f0d8685f6780', 'Boys', 'Group II', 'seeded', 'b9041ffc-7976-5e4d-81f7-12c8b5edf9a2'),
  ('cbd47670-8d3a-5b36-9b87-01bdc196e91c', 'c93e4ee7-f776-5dae-869c-ffa0394331d6', 5, 'c98bb15d-1980-5958-800d-6a65d9d88b97', '7e8a6d53-4cc9-56c0-9892-437ca4607269', '61e9c487-3520-5cf7-8e9f-f0d8685f6780', 'Boys', 'Group II', 'seeded', '732910f3-ad92-5db2-a2a0-51b662b7a2ac'),
  ('13379481-a91c-5cce-8f78-fbf06ae60c54', 'c93e4ee7-f776-5dae-869c-ffa0394331d6', 6, '91730ff5-019f-562f-b9a3-96b98ce1a796', '4cf02ded-3103-5c97-9b7a-06ee026686d7', '61e9c487-3520-5cf7-8e9f-f0d8685f6780', 'Boys', 'Group II', 'seeded', '004675fa-221c-5ca7-a862-1e7d42503f86'),
  ('9cf0745b-170b-5eeb-be1e-f0bc9349a5f1', 'c93e4ee7-f776-5dae-869c-ffa0394331d6', 7, 'c03cc89a-54c4-5f78-b06e-c5c7f87c6d64', '8598a84d-d95a-587a-b1fd-d5c6a9ae9d39', '61e9c487-3520-5cf7-8e9f-f0d8685f6780', 'Boys', 'Group II', 'seeded', 'ebbb780b-42b6-58b8-9781-600adea77af9'),
  ('f25119da-24e8-5ede-b081-93d54f88724c', 'c93e4ee7-f776-5dae-869c-ffa0394331d6', 8, '087b8110-7600-5f0a-9434-0a074564b120', 'b86ceb48-7de2-5c75-a592-f977deb318a3', '61e9c487-3520-5cf7-8e9f-f0d8685f6780', 'Boys', 'Group II', 'seeded', 'fafc2487-c3e4-5a0e-b8d2-617b822fad09'),
  ('560b8e9b-1531-5b90-b849-e635e32e8d93', '4ab5ddb9-3128-50ef-83eb-40b1c6f9983c', 1, 'c9c230b0-66a7-5099-8aef-c7e5560c33cc', '9e5798ac-57e7-543f-be64-1e9776770a2b', '61e9c487-3520-5cf7-8e9f-f0d8685f6780', 'Boys', 'Group II', 'seeded', '24d0f295-86ca-59f3-bd23-748c109e1c5c'),
  ('96de31eb-69f9-5ae5-bf2f-19869cf99b87', '4ab5ddb9-3128-50ef-83eb-40b1c6f9983c', 2, 'a3ce345a-ad04-5d1c-a2c9-557add0f6110', '9e5798ac-57e7-543f-be64-1e9776770a2b', '61e9c487-3520-5cf7-8e9f-f0d8685f6780', 'Boys', 'Group II', 'seeded', '893c3676-92b1-5a83-ba3d-97dfdba5fc0a'),
  ('d55a9640-617c-5ccb-8d7d-7a0d23a988ce', '4ab5ddb9-3128-50ef-83eb-40b1c6f9983c', 3, '86a1da35-0573-5e36-9a01-903e4f41f25f', '670e7863-fbe3-576a-bba6-b2d1689f1216', '61e9c487-3520-5cf7-8e9f-f0d8685f6780', 'Boys', 'Group II', 'seeded', 'f37dbda9-0145-579f-b251-506815d4960e'),
  ('ca8ff0ab-56f2-5da2-bdf1-4a18fde8283a', '4ab5ddb9-3128-50ef-83eb-40b1c6f9983c', 4, '3ee44ea6-22c5-5ada-a299-e58b7e09a5d7', '344b1543-dc60-5de6-a9fb-9ebbcde0d396', '61e9c487-3520-5cf7-8e9f-f0d8685f6780', 'Boys', 'Group II', 'seeded', 'dfa23043-cf31-57f6-8703-8134a29a8b27'),
  ('e10ee518-6139-59b0-b00d-60bf43537302', '4ab5ddb9-3128-50ef-83eb-40b1c6f9983c', 5, '976c1f92-c64a-55e6-b11c-796a5e9e3abe', '8204b741-70c6-5870-8811-971a3166ce18', '61e9c487-3520-5cf7-8e9f-f0d8685f6780', 'Boys', 'Group II', 'seeded', '311f2001-b096-5881-8fe1-323dce9e4f9b'),
  ('efb3b18a-7aba-5ad3-bb83-6055921995d9', '4ab5ddb9-3128-50ef-83eb-40b1c6f9983c', 6, '533fb973-448c-5402-b01a-e1d6f6c0413e', '344b1543-dc60-5de6-a9fb-9ebbcde0d396', '61e9c487-3520-5cf7-8e9f-f0d8685f6780', 'Boys', 'Group II', 'seeded', 'c0fc70ba-b4be-5afe-acb9-10f229082951'),
  ('600ff3f5-6d38-59ec-8af4-b7feeb7fb0dc', '4ab5ddb9-3128-50ef-83eb-40b1c6f9983c', 7, 'c32df89d-edef-5f51-b783-76026b0f2a99', '8204b741-70c6-5870-8811-971a3166ce18', '61e9c487-3520-5cf7-8e9f-f0d8685f6780', 'Boys', 'Group II', 'seeded', '7fa51c5e-6b5a-56df-bf84-36f8e6ce9927'),
  ('6f5b102d-4eaa-5fff-907b-61756e3e291b', '4ab5ddb9-3128-50ef-83eb-40b1c6f9983c', 8, 'ce780c61-7e24-5a2a-8e20-db07f44eeebe', 'e85bf284-fd8f-5e64-b555-c134fef0064e', '61e9c487-3520-5cf7-8e9f-f0d8685f6780', 'Boys', 'Group II', 'seeded', '1c07ade9-4855-5ad2-99b6-74c4be0fb120'),
  ('3659d376-f80f-5354-8413-4ad584fd7afb', '4763e44e-f16c-58d9-984a-4e1fa75cf8f5', 2, '25a81233-e604-52d0-b90f-eb6e49c51ac5', '96258415-96b1-5c54-bafc-eba2e199ce62', '96228553-05e3-53e7-918a-c5151ce582ad', 'Girls', 'Group II', 'seeded', '4467840f-8a84-5628-8bd4-88df8bbac9f8'),
  ('06394cc6-d9b7-5dc7-a409-04ffcf0064ad', '4763e44e-f16c-58d9-984a-4e1fa75cf8f5', 3, 'c166381a-7dc9-56ae-b7a8-d547b866f314', 'b86ceb48-7de2-5c75-a592-f977deb318a3', '96228553-05e3-53e7-918a-c5151ce582ad', 'Girls', 'Group II', 'seeded', '15f49eb8-0a94-5371-903e-2594fc71fbac'),
  ('91675f63-a208-59d3-b760-afd2aca2d2bf', '4763e44e-f16c-58d9-984a-4e1fa75cf8f5', 4, 'e2f04340-1464-5e2a-bd6f-e1e79ff351c5', '00000000-0000-0000-0000-0000000000a1', '96228553-05e3-53e7-918a-c5151ce582ad', 'Girls', 'Group II', 'seeded', 'ab64b10e-53b8-5437-8aa6-17855385d5b5'),
  ('857966fb-fcc6-5b3a-89c3-42bff892920f', '4763e44e-f16c-58d9-984a-4e1fa75cf8f5', 5, '206a3913-b335-5e55-8858-d8b3beab3f46', 'e85bf284-fd8f-5e64-b555-c134fef0064e', '96228553-05e3-53e7-918a-c5151ce582ad', 'Girls', 'Group II', 'seeded', 'd1333045-b488-5366-8005-92994e2d53bf'),
  ('5d042f7d-8d4a-5e5e-8b60-b942b2d5a482', '4763e44e-f16c-58d9-984a-4e1fa75cf8f5', 6, '7f5c58ff-901d-52e8-9615-37cb0b641cba', '8204b741-70c6-5870-8811-971a3166ce18', '96228553-05e3-53e7-918a-c5151ce582ad', 'Girls', 'Group II', 'seeded', '4bd9e0c8-50f3-5377-8464-0a0894634e52'),
  ('1162c72c-20a8-5f20-b41c-fb599c4af425', '4763e44e-f16c-58d9-984a-4e1fa75cf8f5', 7, '4ea01d0c-4e2b-5d54-bb28-c77216d37716', '93741827-dfe5-532f-b651-6f5066cae0d5', '96228553-05e3-53e7-918a-c5151ce582ad', 'Girls', 'Group II', 'seeded', '9cb0d888-a058-5a08-b08b-b585fa58bd1f'),
  ('dabbd5ef-97ed-5c34-8dd3-eff0b716e6fb', '8a69b779-d6d1-5d32-b691-f7a79b04c0e5', 1, '4f246c6a-09b1-51e3-8a7a-0dc86b451518', '7469bc80-fd06-5028-8033-aeb9008a4507', '96228553-05e3-53e7-918a-c5151ce582ad', 'Girls', 'Group II', 'seeded', '68cc5e87-8703-5a79-a120-75ee76800565'),
  ('42ad3986-37df-5844-870b-80ca45c2ddc3', '8a69b779-d6d1-5d32-b691-f7a79b04c0e5', 2, '87a27358-5e09-5ecf-9ac8-08b02a349cb8', '00000000-0000-0000-0000-0000000000a1', '96228553-05e3-53e7-918a-c5151ce582ad', 'Girls', 'Group II', 'seeded', '4a732c89-e28e-5dcd-9136-69392759c8b6'),
  ('ba8e6f01-f47d-5594-ae19-ec21d1a1a903', '8a69b779-d6d1-5d32-b691-f7a79b04c0e5', 3, '1be847de-7459-5e88-a10c-55de90b1e04c', '96258415-96b1-5c54-bafc-eba2e199ce62', '96228553-05e3-53e7-918a-c5151ce582ad', 'Girls', 'Group II', 'seeded', 'e60988d1-02cf-5fb4-9ec7-0833d59783b8'),
  ('5ccffc49-0bb3-5b4d-9da4-28310150ea3e', '8a69b779-d6d1-5d32-b691-f7a79b04c0e5', 4, '8aaaed09-86b5-5632-b933-e51fc0ef0dda', '3c2885d6-c220-5920-b054-765a2c1e85d5', '96228553-05e3-53e7-918a-c5151ce582ad', 'Girls', 'Group II', 'seeded', '5d1691e4-20e6-505a-8ae3-e5d9db8de3ed'),
  ('f97bfdc9-5cfb-5424-b7ed-ecf4edf5b668', '8a69b779-d6d1-5d32-b691-f7a79b04c0e5', 5, 'da025c23-4a8d-5417-9638-0cee46b05f0d', '00000000-0000-0000-0000-0000000000a1', '96228553-05e3-53e7-918a-c5151ce582ad', 'Girls', 'Group II', 'seeded', '6d87dea5-3c8a-54ac-acb8-228995cbeaff'),
  ('382fd9b2-39b8-5cf2-8435-d68d2cfa8ec6', '8a69b779-d6d1-5d32-b691-f7a79b04c0e5', 6, '692b46f9-9350-5645-aeba-cd97e0178e98', '60d1d7c1-dae0-5aa4-a9a5-47629f3ec8db', '96228553-05e3-53e7-918a-c5151ce582ad', 'Girls', 'Group II', 'seeded', '8f183801-fe7e-5502-8845-37b758107f13'),
  ('c92210d4-8af0-519d-bcbd-193eb7306bc7', '8a69b779-d6d1-5d32-b691-f7a79b04c0e5', 7, 'fdbb278f-b916-5598-b73e-2a94738c6d2a', '7e8a6d53-4cc9-56c0-9892-437ca4607269', '96228553-05e3-53e7-918a-c5151ce582ad', 'Girls', 'Group II', 'seeded', '7fc0f45c-2b2c-54fe-a84d-803f25c40213'),
  ('2ef2d7bc-13c2-5dc4-95de-0c64009fc77c', '8a69b779-d6d1-5d32-b691-f7a79b04c0e5', 8, '23f457a4-1734-56c1-aeca-432ce536e7e4', '8c61fec8-40e9-572f-8ebd-4290dbdffbec', '96228553-05e3-53e7-918a-c5151ce582ad', 'Girls', 'Group II', 'seeded', 'c297cf1b-cc23-55ec-bfca-0e43d8f91630'),
  ('1d0e9eed-d9e7-5feb-b535-e7dfb2706c83', '086c051e-7a7f-5598-802b-d4f1f92b6cc8', 1, 'f8dc00bb-653f-5dde-a93a-90d242010ad5', '344b1543-dc60-5de6-a9fb-9ebbcde0d396', '96228553-05e3-53e7-918a-c5151ce582ad', 'Girls', 'Group II', 'seeded', '64b88daf-a502-560d-85e9-cb6630e90eeb'),
  ('5ce3e4d7-0f14-52e7-8788-c8e0662a9509', '086c051e-7a7f-5598-802b-d4f1f92b6cc8', 2, 'c2547ad6-eb3a-5b3c-a6c9-d8b3b6a8798a', '344b1543-dc60-5de6-a9fb-9ebbcde0d396', '96228553-05e3-53e7-918a-c5151ce582ad', 'Girls', 'Group II', 'seeded', '66f4aec7-66f4-5198-8687-1ddab5f3d7bd'),
  ('60ae3358-b69e-5aad-b665-34456e50feb3', '086c051e-7a7f-5598-802b-d4f1f92b6cc8', 3, '67cde782-e3ee-58d8-b77c-6b9161424a9c', '9e5798ac-57e7-543f-be64-1e9776770a2b', '96228553-05e3-53e7-918a-c5151ce582ad', 'Girls', 'Group II', 'seeded', '72727b6a-eeba-5afb-8bbb-c692e15ff96f'),
  ('ba5027e0-1592-5c0c-92f4-216139e1b048', '086c051e-7a7f-5598-802b-d4f1f92b6cc8', 4, 'b73958e5-c368-5e56-b35e-1562c2d1dacc', 'e85bf284-fd8f-5e64-b555-c134fef0064e', '96228553-05e3-53e7-918a-c5151ce582ad', 'Girls', 'Group II', 'seeded', '818fc8d0-d57e-57fa-9e0f-f5fa88dbf5b1'),
  ('3ad8af47-4194-5a11-9f84-556048dca02e', '086c051e-7a7f-5598-802b-d4f1f92b6cc8', 5, '39b2dae7-42d3-5e4a-91fb-987ba8632a2c', '344b1543-dc60-5de6-a9fb-9ebbcde0d396', '96228553-05e3-53e7-918a-c5151ce582ad', 'Girls', 'Group II', 'seeded', '9cfd6dcc-8388-5eca-a8b4-7b23c16b7b90'),
  ('3d56df46-fed2-5039-b7e4-efd02786d40e', '086c051e-7a7f-5598-802b-d4f1f92b6cc8', 6, '40c1a9b3-7a52-5f68-8420-c1126bad94b4', '0ac41011-9d57-5ba2-9556-7590a8be8268', '96228553-05e3-53e7-918a-c5151ce582ad', 'Girls', 'Group II', 'seeded', '7adee52a-4c41-5930-b6af-65bcc2e3305a'),
  ('c539177d-9b75-5862-8598-58620f5971b5', '086c051e-7a7f-5598-802b-d4f1f92b6cc8', 7, '315791e9-ffe9-5dc9-ac52-f340153dee63', '60d1d7c1-dae0-5aa4-a9a5-47629f3ec8db', '96228553-05e3-53e7-918a-c5151ce582ad', 'Girls', 'Group II', 'seeded', '5cb7d4d7-5397-5b3a-8b0c-fa2dc52104f4'),
  ('acf9be36-8238-5155-b53b-54f8937105a8', '086c051e-7a7f-5598-802b-d4f1f92b6cc8', 8, '1a920a98-a9a6-5732-ba27-32a2129cddec', '344b1543-dc60-5de6-a9fb-9ebbcde0d396', '96228553-05e3-53e7-918a-c5151ce582ad', 'Girls', 'Group II', 'seeded', '1551ac1f-1a79-5125-b0a9-58d03964904b'),
  ('d6037eb1-9015-5d71-b6e6-d20405a6fbe5', 'a4f2865f-ef1c-5ae9-a973-9fce347ad9b3', 1, null, '93741827-dfe5-532f-b651-6f5066cae0d5', '0c2c5a27-b8ff-5f32-92d0-2a2eea5283f2', 'Boys', 'Group I', 'seeded', 'b524752a-2610-5a3f-8f4a-6224609d35ef'),
  ('6058e5a1-4ee7-50e0-9394-a36c52bd9165', 'a4f2865f-ef1c-5ae9-a973-9fce347ad9b3', 2, null, '8204b741-70c6-5870-8811-971a3166ce18', '0c2c5a27-b8ff-5f32-92d0-2a2eea5283f2', 'Boys', 'Group I', 'seeded', '5501e173-71ec-5ba8-ac14-57d8f4dd7c78'),
  ('1317340a-3691-58d3-b12e-5d662371d9fb', 'a4f2865f-ef1c-5ae9-a973-9fce347ad9b3', 3, null, '344b1543-dc60-5de6-a9fb-9ebbcde0d396', '0c2c5a27-b8ff-5f32-92d0-2a2eea5283f2', 'Boys', 'Group I', 'seeded', '1d3117e7-d9bd-51bb-8d44-56bcf31c063c'),
  ('2ee966d4-e138-5048-8980-73997d728033', 'a4f2865f-ef1c-5ae9-a973-9fce347ad9b3', 4, null, '00000000-0000-0000-0000-0000000000a1', '0c2c5a27-b8ff-5f32-92d0-2a2eea5283f2', 'Boys', 'Group I', 'seeded', 'bbf5de99-fdbb-5259-a0b6-205420c02eda'),
  ('95087666-e3d6-5203-b74f-2899de2865a4', 'a4f2865f-ef1c-5ae9-a973-9fce347ad9b3', 5, null, '9e5798ac-57e7-543f-be64-1e9776770a2b', '0c2c5a27-b8ff-5f32-92d0-2a2eea5283f2', 'Boys', 'Group I', 'seeded', 'e0bb2fb1-bacb-57d5-8e54-9a078fb315ad'),
  ('cf1ad7c1-4d74-51fc-a29e-539e3db5844d', 'a4f2865f-ef1c-5ae9-a973-9fce347ad9b3', 6, null, '7e8a6d53-4cc9-56c0-9892-437ca4607269', '0c2c5a27-b8ff-5f32-92d0-2a2eea5283f2', 'Boys', 'Group I', 'seeded', 'a0922859-ac96-5eb5-a76d-49c1e2a395b8'),
  ('06e015f5-1cb8-55c1-a710-51e0b00b77ca', 'a4f2865f-ef1c-5ae9-a973-9fce347ad9b3', 7, null, 'b86ceb48-7de2-5c75-a592-f977deb318a3', '0c2c5a27-b8ff-5f32-92d0-2a2eea5283f2', 'Boys', 'Group I', 'seeded', 'd063d6dc-5168-5206-83e0-5cfd2bf636c0'),
  ('2822b6f8-5cce-5126-bfd4-6601324b2149', 'a4f2865f-ef1c-5ae9-a973-9fce347ad9b3', 8, null, '65131d90-d492-5e78-be57-0674fc108c6f', '0c2c5a27-b8ff-5f32-92d0-2a2eea5283f2', 'Boys', 'Group I', 'seeded', '45679f9c-0c75-5f06-9369-70ffae4518ea'),
  ('64c9ea51-65da-5a46-8d17-9b5e6482edaa', '23d9f908-00ce-56d5-b9ca-9551fb2be9f6', 1, null, null, '58a507cf-80d4-5842-91c8-d25adbe41983', 'Girls', 'Group I', 'seeded', '0f988974-5a7a-5393-8426-d86b9c66ea65'),
  ('39ae3885-22c0-533e-889d-09698f05f271', '23d9f908-00ce-56d5-b9ca-9551fb2be9f6', 2, null, '8204b741-70c6-5870-8811-971a3166ce18', '58a507cf-80d4-5842-91c8-d25adbe41983', 'Girls', 'Group I', 'seeded', 'ca9ca2f8-90d6-5619-a806-ab6c4db10f50'),
  ('e99e347c-411a-5cbd-9624-6c489bbb37dd', '23d9f908-00ce-56d5-b9ca-9551fb2be9f6', 3, null, '344b1543-dc60-5de6-a9fb-9ebbcde0d396', '58a507cf-80d4-5842-91c8-d25adbe41983', 'Girls', 'Group I', 'seeded', '5193f9d4-db5f-54ac-8f99-bcce9400c4a2'),
  ('d9b37189-405d-564e-b7ad-b4d4c1355142', '23d9f908-00ce-56d5-b9ca-9551fb2be9f6', 4, null, '00000000-0000-0000-0000-0000000000a1', '58a507cf-80d4-5842-91c8-d25adbe41983', 'Girls', 'Group I', 'seeded', 'd9e1b278-c1c1-5cb4-82b4-7c01180c5a72'),
  ('75aaa6c7-89e2-52c4-8636-2995e3811fb4', '23d9f908-00ce-56d5-b9ca-9551fb2be9f6', 5, null, '9e5798ac-57e7-543f-be64-1e9776770a2b', '58a507cf-80d4-5842-91c8-d25adbe41983', 'Girls', 'Group I', 'seeded', 'b8ba19dc-ee5d-5c86-a26d-e2098e48a6e1'),
  ('5568baea-f857-56bf-951b-02fc9277e8dd', '23d9f908-00ce-56d5-b9ca-9551fb2be9f6', 6, null, '7e8a6d53-4cc9-56c0-9892-437ca4607269', '58a507cf-80d4-5842-91c8-d25adbe41983', 'Girls', 'Group I', 'seeded', '05f63369-3401-558a-a07d-cb0c745c50d9'),
  ('e095121b-7a44-5482-8b81-8fe2e93decb0', '23d9f908-00ce-56d5-b9ca-9551fb2be9f6', 7, null, '7469bc80-fd06-5028-8033-aeb9008a4507', '58a507cf-80d4-5842-91c8-d25adbe41983', 'Girls', 'Group I', 'seeded', '3d4cc44f-04d2-56cf-b513-3d208556e7d0'),
  ('2fedcc73-189b-5c46-9082-f808141f3ded', '2ad23f61-2fc2-54c8-a4aa-45d6623e24a8', 1, null, 'ed88d3bc-c065-5209-9304-730080420f1e', 'afe373e3-4a9e-53e1-9756-29f06427cb3e', 'Boys', 'Group II', 'seeded', 'b620fb60-b151-5ce1-afef-0954b47b12bf'),
  ('8ab5f93e-5c82-59e6-86cc-0dcd7caf21c0', '2ad23f61-2fc2-54c8-a4aa-45d6623e24a8', 2, null, '0ac41011-9d57-5ba2-9556-7590a8be8268', 'afe373e3-4a9e-53e1-9756-29f06427cb3e', 'Boys', 'Group II', 'seeded', '7f670376-114f-5ea6-a748-526ec1b5a3a5'),
  ('ba281b0c-fa7e-596e-9bc2-d02ad07e705c', '2ad23f61-2fc2-54c8-a4aa-45d6623e24a8', 3, null, '344b1543-dc60-5de6-a9fb-9ebbcde0d396', 'afe373e3-4a9e-53e1-9756-29f06427cb3e', 'Boys', 'Group II', 'seeded', '69745c2e-2e1e-55a6-80d2-4c68c3aa22dd'),
  ('ca9faff3-865c-5ae7-acc6-62727bcf8f80', '2ad23f61-2fc2-54c8-a4aa-45d6623e24a8', 4, null, '00000000-0000-0000-0000-0000000000a1', 'afe373e3-4a9e-53e1-9756-29f06427cb3e', 'Boys', 'Group II', 'seeded', 'b8c97592-0751-595a-ada9-c6297c11b18e'),
  ('503f2548-f7c2-53e0-92a7-968ca564617b', '2ad23f61-2fc2-54c8-a4aa-45d6623e24a8', 5, null, '9e5798ac-57e7-543f-be64-1e9776770a2b', 'afe373e3-4a9e-53e1-9756-29f06427cb3e', 'Boys', 'Group II', 'seeded', '659e7806-ef37-5b23-b4a3-8eb4eb4c38d8'),
  ('eab1033f-a89e-5144-a304-3a99bd671350', '2ad23f61-2fc2-54c8-a4aa-45d6623e24a8', 6, null, '7e8a6d53-4cc9-56c0-9892-437ca4607269', 'afe373e3-4a9e-53e1-9756-29f06427cb3e', 'Boys', 'Group II', 'seeded', '9211ef92-b1a1-5f15-a400-ca98c024a22b'),
  ('0136b6a1-4c81-5a6c-a6c5-b0b732d4cee0', '2ad23f61-2fc2-54c8-a4aa-45d6623e24a8', 7, null, 'b86ceb48-7de2-5c75-a592-f977deb318a3', 'afe373e3-4a9e-53e1-9756-29f06427cb3e', 'Boys', 'Group II', 'seeded', '4356f7dc-50b3-509c-9d29-c5414d013d14'),
  ('84266965-b1da-5655-ab2c-d4fe3e5645a2', '2ad23f61-2fc2-54c8-a4aa-45d6623e24a8', 8, null, '8204b741-70c6-5870-8811-971a3166ce18', 'afe373e3-4a9e-53e1-9756-29f06427cb3e', 'Boys', 'Group II', 'seeded', '0755caa8-a273-5f81-ace6-ea1b3f6bdce5'),
  ('7dbc0e7e-cc7b-533f-8d76-85f7c20bd3cb', 'ee6c480a-97ad-51dd-94dc-9f2a9b648a52', 1, null, '3b0adf3d-ec45-522e-be22-8e1def5babe1', '146b0c39-e77a-5eb6-bfd8-6c5c84904ff3', 'Girls', 'Group II', 'seeded', '56e21a69-0dc4-5dc9-bff6-df2b2670469f'),
  ('e5390f01-f8d2-5d03-8ca2-a27818fae8c3', 'ee6c480a-97ad-51dd-94dc-9f2a9b648a52', 2, null, '60d1d7c1-dae0-5aa4-a9a5-47629f3ec8db', '146b0c39-e77a-5eb6-bfd8-6c5c84904ff3', 'Girls', 'Group II', 'seeded', '1d13f593-39ff-5a53-aa8c-4d961f4790b2'),
  ('5b0c483f-790b-5a63-af1f-8329f596ab6f', 'ee6c480a-97ad-51dd-94dc-9f2a9b648a52', 3, null, '0ac41011-9d57-5ba2-9556-7590a8be8268', '146b0c39-e77a-5eb6-bfd8-6c5c84904ff3', 'Girls', 'Group II', 'seeded', 'c9083757-bed3-5e09-b791-4a89dba714af'),
  ('a7ff7f48-d312-5e86-bfce-a12fbe2b60e7', 'ee6c480a-97ad-51dd-94dc-9f2a9b648a52', 4, null, '00000000-0000-0000-0000-0000000000a1', '146b0c39-e77a-5eb6-bfd8-6c5c84904ff3', 'Girls', 'Group II', 'seeded', '1e8d2d31-4196-5c1a-b0d3-70b4f688744d'),
  ('3b609630-ce9f-575c-810c-de9fef5512f9', 'ee6c480a-97ad-51dd-94dc-9f2a9b648a52', 5, null, '9e5798ac-57e7-543f-be64-1e9776770a2b', '146b0c39-e77a-5eb6-bfd8-6c5c84904ff3', 'Girls', 'Group II', 'seeded', '627cfa5c-24d4-5533-ab88-3323ab6577ab'),
  ('d15bc119-3294-513b-b078-2fc4d9a96266', 'ee6c480a-97ad-51dd-94dc-9f2a9b648a52', 6, null, '344b1543-dc60-5de6-a9fb-9ebbcde0d396', '146b0c39-e77a-5eb6-bfd8-6c5c84904ff3', 'Girls', 'Group II', 'seeded', '074850e1-1af9-5b38-b1d8-f5e1f54cc813'),
  ('6fda0f81-f988-535a-a992-210d3e046d42', 'ee6c480a-97ad-51dd-94dc-9f2a9b648a52', 7, null, 'b86ceb48-7de2-5c75-a592-f977deb318a3', '146b0c39-e77a-5eb6-bfd8-6c5c84904ff3', 'Girls', 'Group II', 'seeded', '5a89cff1-89c6-54aa-951b-f4601df664bc'),
  ('fc6f4b35-525b-523e-b5cf-721bc3f823ad', 'ee6c480a-97ad-51dd-94dc-9f2a9b648a52', 8, null, '8204b741-70c6-5870-8811-971a3166ce18', '146b0c39-e77a-5eb6-bfd8-6c5c84904ff3', 'Girls', 'Group II', 'seeded', 'eba6afcc-60be-5f69-88b2-63e40db02540');
